item_id,comet_score,status
rs::ADLVFFE4VBT8::B00002NDRF::1298419200,0.7533,PASS
rt::ADLVFFE4VBT8::B00002NDRF::1298419200,0.8103,PASS
rs::ADLVFFE4VBT8::B00005114Z::1242691200,0.8308,PASS
rt::ADLVFFE4VBT8::B00005114Z::1242691200,0.7969,PASS
rs::ADLVFFE4VBT8::B00006343P::1320364800,0.8603,PASS
rt::ADLVFFE4VBT8::B00006343P::1320364800,0.6064,RETRY
rs::ADLVFFE4VBT8::B000067RVL::1250640000,0.8790,PASS
rt::ADLVFFE4VBT8::B000067RVL::1250640000,0.6113,RETRY
rs::ADLVFFE4VBT8::B000067SGI::1298246400,0.8452,PASS
rt::ADLVFFE4VBT8::B000067SGI::1298246400,0.8016,PASS
rs::ADLVFFE4VBT8::B00006B8K2::1244160000,0.8731,PASS
rt::ADLVFFE4VBT8::B00006B8K2::1244160000,0.6531,RETRY
rs::ADLVFFE4VBT8::B00009V2W9::1255305600,0.8599,PASS
rt::ADLVFFE4VBT8::B00009V2W9::1255305600,0.6884,RETRY
rs::ADLVFFE4VBT8::B0000VP1WQ::1245628800,0.8743,PASS
rt::ADLVFFE4VBT8::B0000VP1WQ::1245628800,0.7047,PASS
rs::ADLVFFE4VBT8::B0001IXUDK::1246924800,0.8561,PASS
rt::ADLVFFE4VBT8::B0001IXUDK::1246924800,0.5675,RETRY
rs::ADLVFFE4VBT8::B0001LTT64::1229990400,0.8897,PASS
rt::ADLVFFE4VBT8::B0001LTT64::1229990400,0.8644,PASS
rs::ADLVFFE4VBT8::B00020BJA8::1246665600,0.8829,PASS
rt::ADLVFFE4VBT8::B00020BJA8::1246665600,0.5525,RETRY
rs::ADLVFFE4VBT8::B000261N6M::1220745600,0.7816,PASS
rt::ADLVFFE4VBT8::B000261N6M::1220745600,0.7372,PASS
rs::ADLVFFE4VBT8::B0002CPBUK::1229990400,0.8653,PASS
rt::ADLVFFE4VBT8::B0002CPBUK::1229990400,0.6824,RETRY
rs::ADLVFFE4VBT8::B0002KKIUA::1297382400,0.8418,PASS
rt::ADLVFFE4VBT8::B0002KKIUA::1297382400,0.8110,PASS
rs::ADLVFFE4VBT8::B0002L5R78::1229212800,0.8923,PASS
rt::ADLVFFE4VBT8::B0002L5R78::1229212800,0.5922,RETRY
rs::ADLVFFE4VBT8::B0007LJHVA::1188691200,0.8687,PASS
rt::ADLVFFE4VBT8::B0007LJHVA::1188691200,0.6313,RETRY
rs::ADLVFFE4VBT8::B0007SKSES::1226102400,0.8465,PASS
rt::ADLVFFE4VBT8::B0007SKSES::1226102400,0.5209,RETRY
rs::ADLVFFE4VBT8::B00093IIRA::1225324800,0.8789,PASS
rt::ADLVFFE4VBT8::B00093IIRA::1225324800,0.6610,RETRY
rs::ADLVFFE4VBT8::B0009MFTSW::1271203200,0.8275,PASS
rt::ADLVFFE4VBT8::B0009MFTSW::1271203200,0.6336,RETRY
rs::ADLVFFE4VBT8::B0009Y7APU::1239062400,0.8685,PASS
rt::ADLVFFE4VBT8::B0009Y7APU::1239062400,0.8326,PASS
rs::ADLVFFE4VBT8::B000BYA5NC::1263427200,0.8548,PASS
rt::ADLVFFE4VBT8::B000BYA5NC::1263427200,0.5384,RETRY
rs::ADLVFFE4VBT8::B000CATRHK::1220572800,0.8612,PASS
rt::ADLVFFE4VBT8::B000CATRHK::1220572800,0.6789,RETRY
rs::ADLVFFE4VBT8::B000DZKUHA::1222387200,0.8074,PASS
rt::ADLVFFE4VBT8::B000DZKUHA::1222387200,0.7554,PASS
rs::ADLVFFE4VBT8::B000EF3YQI::1267747200,0.8623,PASS
rt::ADLVFFE4VBT8::B000EF3YQI::1267747200,0.7022,PASS
rs::ADLVFFE4VBT8::B000FDVK2E::1249516800,0.8897,PASS
rt::ADLVFFE4VBT8::B000FDVK2E::1249516800,0.6023,RETRY
rs::ADLVFFE4VBT8::B000FITJ04::1239580800,0.7479,PASS
rt::ADLVFFE4VBT8::B000FITJ04::1239580800,0.5716,RETRY
rs::ADLVFFE4VBT8::B000FNBYKW::1263772800,0.8603,PASS
rt::ADLVFFE4VBT8::B000FNBYKW::1263772800,0.6521,RETRY
rs::ADLVFFE4VBT8::B000FVGM38::1262908800,0.8755,PASS
rt::ADLVFFE4VBT8::B000FVGM38::1262908800,0.7081,PASS
rs::ADLVFFE4VBT8::B000FZX9I0::1223251200,0.8575,PASS
rt::ADLVFFE4VBT8::B000FZX9I0::1223251200,0.8558,PASS
rs::ADLVFFE4VBT8::B000HDL05O::1276041600,0.8524,PASS
rt::ADLVFFE4VBT8::B000HDL05O::1276041600,0.6234,RETRY
rs::ADLVFFE4VBT8::B000HEANB0::1292371200,0.8824,PASS
rt::ADLVFFE4VBT8::B000HEANB0::1292371200,0.5245,RETRY
rs::ADLVFFE4VBT8::B000HKGK8Y::1264896000,0.7024,PASS
rt::ADLVFFE4VBT8::B000HKGK8Y::1264896000,0.5397,RETRY
rs::ADLVFFE4VBT8::B000HPV3RW::1245024000,0.8897,PASS
rt::ADLVFFE4VBT8::B000HPV3RW::1245024000,0.5759,RETRY
rs::ADLVFFE4VBT8::B000I1IGQ6::1283126400,0.8778,PASS
rt::ADLVFFE4VBT8::B000I1IGQ6::1283126400,0.6156,RETRY
rs::ADLVFFE4VBT8::B000J38QBS::1289520000,0.8338,PASS
rt::ADLVFFE4VBT8::B000J38QBS::1289520000,0.5929,RETRY
rs::ADLVFFE4VBT8::B000JMJWV2::1293580800,0.8826,PASS
rt::ADLVFFE4VBT8::B000JMJWV2::1293580800,0.7939,PASS
rs::ADLVFFE4VBT8::B000JVCPEY::1231632000,0.8553,PASS
rt::ADLVFFE4VBT8::B000JVCPEY::1231632000,0.5675,RETRY
rs::ADLVFFE4VBT8::B000KZ67FC::1247011200,0.8697,PASS
rt::ADLVFFE4VBT8::B000KZ67FC::1247011200,0.5741,RETRY
rs::ADLVFFE4VBT8::B000LQFI2I::1249516800,0.8897,PASS
rt::ADLVFFE4VBT8::B000LQFI2I::1249516800,0.5977,RETRY
rs::ADLVFFE4VBT8::B000M17AVO::1221782400,0.8720,PASS
rt::ADLVFFE4VBT8::B000M17AVO::1221782400,0.6436,RETRY
rs::ADLVFFE4VBT8::B000M2GYF6::1223251200,0.8841,PASS
rt::ADLVFFE4VBT8::B000M2GYF6::1223251200,0.8632,PASS
rs::ADLVFFE4VBT8::B000M4XMGI::1225152000,0.8767,PASS
rt::ADLVFFE4VBT8::B000M4XMGI::1225152000,0.7292,PASS
rs::ADLVFFE4VBT8::B000M51NRM::1263340800,0.8652,PASS
rt::ADLVFFE4VBT8::B000M51NRM::1263340800,0.6566,RETRY
rs::ADLVFFE4VBT8::B000MDZKUU::1369872000,0.7138,PASS
rt::ADLVFFE4VBT8::B000MDZKUU::1369872000,0.8496,PASS
rs::ADLVFFE4VBT8::B000MF7R4K::1173484800,0.5495,RETRY
rt::ADLVFFE4VBT8::B000MF7R4K::1173484800,0.7537,PASS
rs::ADLVFFE4VBT8::B000MX48VM::1251072000,0.8765,PASS
rt::ADLVFFE4VBT8::B000MX48VM::1251072000,0.7956,PASS
rs::ADLVFFE4VBT8::B000NO8GNG::1231200000,0.8707,PASS
rt::ADLVFFE4VBT8::B000NO8GNG::1231200000,0.5934,RETRY
rs::ADLVFFE4VBT8::B000OEOMOW::1226880000,0.8685,PASS
rt::ADLVFFE4VBT8::B000OEOMOW::1226880000,0.7124,PASS
rs::ADLVFFE4VBT8::B000OH56ZS::1228780800,0.8563,PASS
rt::ADLVFFE4VBT8::B000OH56ZS::1228780800,0.6332,RETRY
rs::ADLVFFE4VBT8::B000PKC102::1219276800,0.8559,PASS
rt::ADLVFFE4VBT8::B000PKC102::1219276800,0.8372,PASS
pt::B00002NDRF,0.8213,PASS
pt::B00005114Z,0.6255,RETRY
pt::B00006343P,0.8261,PASS
pt::B000067RVL,0.8181,PASS
pt::B000067SGI,0.6356,RETRY
pt::B00006B8K2,0.8498,PASS
pt::B00009V2W9,0.8480,PASS
pt::B0000VP1WQ,0.8364,PASS
pt::B0001IXUDK,0.8322,PASS
pt::B0001LTT64,0.8899,PASS
pt::B00020BJA8,0.6714,RETRY
pt::B000261N6M,0.8834,PASS
pt::B0002CPBUK,0.8494,PASS
pt::B0002KKIUA,0.5557,RETRY
pt::B0002L5R78,0.6510,RETRY
pt::B0007LJHVA,0.8830,PASS
pt::B0007SKSES,0.8551,PASS
pt::B00093IIRA,0.8659,PASS
pt::B0009MFTSW,0.8475,PASS
pt::B0009Y7APU,0.8384,PASS
pt::B000BYA5NC,0.8355,PASS
pt::B000CATRHK,0.8192,PASS
pt::B000DZKUHA,0.8010,PASS
pt::B000EF3YQI,0.8706,PASS
pt::B000FDVK2E,0.8022,PASS
pt::B000FITJ04,0.8024,PASS
pt::B000FNBYKW,0.8560,PASS
pt::B000FVGM38,0.8795,PASS
pt::B000FZX9I0,0.7793,PASS
pt::B000HDL05O,0.7871,PASS
pt::B000HEANB0,0.6912,RETRY
pt::B000HKGK8Y,0.8426,PASS
pt::B000HPV3RW,0.8298,PASS
pt::B000I1IGQ6,0.6492,RETRY
pt::B000J38QBS,0.8319,PASS
pt::B000JMJWV2,0.8594,PASS
pt::B000JVCPEY,0.7875,PASS
pt::B000KZ67FC,0.6670,RETRY
pt::B000LQFI2I,0.7447,PASS
pt::B000M2GYF6,0.8533,PASS
pt::B000M4XMGI,0.8790,PASS
pt::B000M51NRM,0.7888,PASS
pt::B000MDZKUU,0.8768,PASS
pt::B000MF7R4K,0.7984,PASS
pt::B000MX48VM,0.8440,PASS
pt::B000NO8GNG,0.8677,PASS
pt::B000OEOMOW,0.8643,PASS
pt::B000OH56ZS,0.8664,PASS
pt::B000PKC102,0.7887,PASS
pt::B000Q8UAWY,0.8228,PASS
pt::B000SY1PQ6,0.7989,PASS
pt::B000UF3FT8,0.8285,PASS
pt::B000UZH7P6,0.8483,PASS
pt::B000VCHII4,0.8152,PASS
pt::B000Y138EK,0.8313,PASS
pt::B000Y16TY6,0.8347,PASS
pt::B000Y8EXSS,0.8670,PASS
pt::B000YQSKPM,0.8607,PASS
pt::B00104XCVO,0.8053,PASS
pt::B00113X7Q4,0.8655,PASS
pt::B0011FQUUW,0.8798,PASS
pt::B0011U65F2,0.8236,PASS
pt::B00123WZWK,0.8437,PASS
pt::B001250KX4,0.8609,PASS
pt::B00127VF68,0.8800,PASS
pt::B0012X5766,0.8617,PASS
pt::B00139S3U6,0.8512,PASS
pt::B0014J07R2,0.7804,PASS
pt::B0014Z29OU,0.8292,PASS
pt::B0014Z29U4,0.8078,PASS
pt::B00153T624,0.8757,PASS
pt::B001540AH8,0.8746,PASS
pt::B0015DYMVO,0.8128,PASS
pt::B0015EXQW4,0.8532,PASS
pt::B0015GPP5S,0.8609,PASS
pt::B00165XQWW,0.8818,PASS
pt::B0016PFBB6,0.8617,PASS
pt::B00178HN0O,0.8684,PASS
pt::B0018Z0PWY,0.8134,PASS
pt::B0019EHU8G,0.8546,PASS
pt::B0019M4FRW,0.8508,PASS
pt::B0019M6GP6,0.8816,PASS
pt::B0019M6GS8,0.8820,PASS
pt::B0019M9ENM,0.8820,PASS
pt::B0019M9EQ4,0.8820,PASS
pt::B001A5FH9S,0.7782,PASS
pt::B001AATTD8,0.8545,PASS
pt::B001AHSNB0,0.8337,PASS
pt::B001B5CVNC,0.8506,PASS
pt::B001CJNWX0,0.8642,PASS
pt::B001CJRKDS,0.8627,PASS
pt::B001CK9760,0.8277,PASS
pt::B001CS51DK,0.8418,PASS
pt::B001D7REIK,0.8563,PASS
pt::B001D8GR00,0.8300,PASS
pt::B001DDUV20,0.8862,PASS
pt::B001DJ7Y2O,0.8794,PASS
pt::B001DL124I,0.8434,PASS
pt::B001E25JOA,0.8164,PASS
pt::B001F7AJKI,0.8527,PASS
pt::B001F7ARTQ,0.8327,PASS
pt::B001FN2PDG,0.8445,PASS
pt::B001FRRD48,0.7358,PASS
pt::B001JKIHAU,0.8685,PASS
pt::B001JTQCU8,0.8508,PASS
pt::B001K7I62Q,0.8456,PASS
pt::B001N0DQOS,0.8624,PASS
pt::B001NEJO18,0.8701,PASS
pt::B001O7F5PI,0.8623,PASS
pt::B001OC6DCW,0.8494,PASS
pt::B001P05NBA,0.8614,PASS
pt::B001Q3MA80,0.8499,PASS
pt::B001RB1QWW,0.7281,PASS
pt::B001RK2ZBO,0.8386,PASS
pt::B001RKS7AC,0.8252,PASS
pt::B001RNNXQM,0.8770,PASS
pt::B001RQ2YF0,0.8715,PASS
pt::B001SGY2X6,0.8712,PASS
pt::B001T9NUJE,0.8216,PASS
pt::B001TH7GUA,0.6267,RETRY
pt::B001TH7GUK,0.7346,PASS
pt::B001TH7GUU,0.6178,RETRY
pt::B001TK3ACA,0.8550,PASS
pt::B001UDTTJE,0.8188,PASS
pt::B001V9LPT4,0.8668,PASS
pt::B001VFUN82,0.8767,PASS
pt::B001XUR5FO,0.7838,PASS
pt::B001XURP7W,0.8496,PASS
pt::B001XXAZH6,0.8715,PASS
pt::B0021L9HKK,0.8503,PASS
pt::B0023MYNCE,0.8581,PASS
pt::B00267S7XW,0.8627,PASS
pt::B0026MF17C,0.8093,PASS
pt::B00275XTSQ,0.8273,PASS
pt::B0027P9C9G,0.7691,PASS
pt::B002BDU89M,0.8740,PASS
pt::B002BFA91C,0.8677,PASS
pt::B002C1B9PU,0.8733,PASS
pt::B002C1B9QY,0.7724,PASS
pt::B002C1BHIO,0.7760,PASS
pt::B002C73WRW,0.8705,PASS
pt::B002CZ1E2O,0.8726,PASS
pt::B002DEM9G4,0.8145,PASS
pt::B002DEM9HI,0.7803,PASS
pt::B002DUD36S,0.8158,PASS
pt::B002DW0VT8,0.8726,PASS
pt::B002FB7IX4,0.8760,PASS
pt::B002FU5QMK,0.8813,PASS
pt::B002HMWQE2,0.8275,PASS
pt::B002IC0YL8,0.4130,RETRY
pt::B002JMYCTC,0.8588,PASS
pt::B002LARRDK,0.8832,PASS
pt::B002MAPSQM,0.8792,PASS
pt::B002MCZJ78,0.8755,PASS
pt::B002P3KO8I,0.8191,PASS
pt::B002PHLZE6,0.8489,PASS
pt::B002QQ7TLY,0.8706,PASS
pt::B002R5AM7C,0.8699,PASS
pt::B002SGATH8,0.8724,PASS
pt::B002SQK2F2,0.8713,PASS
pt::B002U0KGEI,0.8679,PASS
pt::B002WE4HE2,0.8595,PASS
pt::B002WPTMPK,0.8401,PASS
pt::B002XGDU9M,0.8688,PASS
pt::B002Y6CJJ8,0.8837,PASS
pt::B002YZ3J0W,0.8668,PASS
pt::B002ZCXJZE,0.7303,PASS
pt::B00316263Y,0.8192,PASS
pt::B0032ZZP82,0.8191,PASS
pt::B0039BPG1K,0.7890,PASS
pt::B003B3P2C4,0.8617,PASS
pt::B003ES5ZR8,0.8192,PASS
pt::B003ES5ZSW,0.6459,RETRY
pt::B003ES5ZUU,0.8536,PASS
pt::B003EYVEUO,0.7122,PASS
pt::B003FMUMN0,0.8306,PASS
pt::B003HFCDLY,0.8175,PASS
pt::B003I4FHNA,0.8845,PASS
pt::B003MX9L84,0.8557,PASS
pt::B003NVMHKY,0.8436,PASS
pt::B003P2UMOE,0.7695,PASS
pt::B003TNMABW,0.8688,PASS
pt::B003U7LJJ6,0.8380,PASS
pt::B003UE52ME,0.8787,PASS
pt::B003VAK1I2,0.8463,PASS
pt::B003VAM32E,0.8839,PASS
pt::B003VWY0VY,0.8657,PASS
pt::B003Y73Q3O,0.8710,PASS
pt::B003Y74AX4,0.8527,PASS
pt::B003Y74AXO,0.8626,PASS
pt::B003YH9EZ8,0.8679,PASS
pt::B0040702HA,0.8808,PASS
pt::B0041BT21M,0.8328,PASS
pt::B0041Q38NU,0.8272,PASS
pt::B0043T7FXE,0.8573,PASS
pt::B0043WJRRS,0.8721,PASS
pt::B0045FM6SU,0.8852,PASS
pt::B0049MOJ2U,0.8263,PASS
pt::B004AW6RUQ,0.8539,PASS
pt::B004CLYE8C,0.8367,PASS
pt::B004CLYEDC,0.7739,PASS
pt::B004CLYEFK,0.8310,PASS
pt::B004CLYEH8,0.7725,PASS
pt::B004CLYEI2,0.7954,PASS
pt::B004CLYJ1Y,0.8630,PASS
pt::B004FRSVPU,0.8646,PASS
pt::B004GK0GKO,0.8492,PASS
pt::B004IM35F8,0.8584,PASS
pt::B004J4VYEY,0.8846,PASS
pt::B004J4VYG2,0.8860,PASS
pt::B004KPLNO8,0.7851,PASS
pt::B004MSI7UQ,0.8729,PASS
pt::B004NBZ98K,0.6337,RETRY
pt::B004NY9V04,0.8624,PASS
pt::B004Q3R9AQ,0.8364,PASS
pt::B004R7P28W,0.8513,PASS
pt::B004T9RR6I,0.8508,PASS
pt::B004T9RR7C,0.8535,PASS
pt::B004TPJKEY,0.8418,PASS
pt::B004TUPCFK,0.7664,PASS
pt::B004U78J1G,0.8241,PASS
pt::B004WIUDGM,0.8697,PASS
pt::B004XZL980,0.8490,PASS
pt::B004YI9NTS,0.8839,PASS
pt::B004Z0KPUG,0.7744,PASS
pt::B004ZF0PXI,0.8731,PASS
pt::B0051OKCHG,0.8835,PASS
pt::B0053NBLFW,0.7582,PASS
pt::B0053R0WWG,0.8854,PASS
pt::B0054L8MR8,0.8584,PASS
pt::B0055QYJIS,0.8325,PASS
pt::B0056H9KKI,0.7901,PASS
pt::B005DM9BGE,0.8711,PASS
pt::B005EJLFXI,0.8697,PASS
pt::B005EJLFXS,0.7596,PASS
pt::B005EWB37S,0.8702,PASS
pt::B005FDXF2C,0.7558,PASS
pt::B005FDXMJS,0.8455,PASS
pt::B005FDXZJU,0.8003,PASS
pt::B005FFVTC8,0.7194,PASS
pt::B005G0CUP2,0.8686,PASS
pt::B005GI2VMG,0.5480,RETRY
pt::B005H7MXZ6,0.8697,PASS
pt::B005HGZF7U,0.6374,RETRY
pt::B005I6EVUG,0.8548,PASS
pt::B005IMFX2K,0.8055,PASS
pt::B005IZ65G0,0.8699,PASS
pt::B005J0RAI6,0.8702,PASS
pt::B005J0W3F6,0.8699,PASS
pt::B005KAK2FI,0.8662,PASS
pt::B005KQ2O26,0.8654,PASS
pt::B005NHR6KM,0.8528,PASS
pt::B005Q0WDZE,0.8785,PASS
pt::B005QBK5V2,0.7758,PASS
pt::B005RXGZOU,0.8782,PASS
pt::B005T4ZBBK,0.8184,PASS
pt::B005YQY5TM,0.8727,PASS
pt::B00608WXGA,0.8252,PASS
pt::B00685ZCZY,0.8287,PASS
pt::B006LZNP3M,0.8621,PASS
pt::B006T7KQDO,0.8265,PASS
pt::B006YB9082,0.7842,PASS
pt::B0071BTJPI,0.7960,PASS
pt::B0073FE1F0,0.8258,PASS
pt::B0074BW614,0.8704,PASS
pt::B0077BB3VA,0.8386,PASS
pt::B0079MX4Q4,0.8296,PASS
pt::B0079TOEQQ,0.8411,PASS
pt::B007B6YPAW,0.8597,PASS
pt::B007BZ1092,0.8419,PASS
pt::B007C81JL2,0.8658,PASS
pt::B007F9XHBI,0.8312,PASS
pt::B007JIBAZA,0.6547,RETRY
pt::B007KZQM9G,0.7391,PASS
pt::B007M506WS,0.8875,PASS
pt::B007OY5V68,0.8656,PASS
pt::B007PTCFFW,0.8605,PASS
pt::B007X3VEBG,0.8665,PASS
pt::B007XDFNB8,0.8244,PASS
pt::B007Y4TTWU,0.8588,PASS
pt::B0081TXIXI,0.8444,PASS
pt::B00834SJSK,0.8664,PASS
pt::B008AF383S,0.8470,PASS
pt::B008AGP5H4,0.7563,PASS
pt::B008CP5R8K,0.8158,PASS
pt::B008CXTX5U,0.8604,PASS
pt::B008F05Q2E,0.6694,RETRY
pt::B008MF465K,0.8454,PASS
pt::B008R7EVE4,0.8727,PASS
pt::B008YRG5JQ,0.8031,PASS
pt::B0090BTY8Y,0.8535,PASS
pt::B00923G46U,0.8745,PASS
pt::B0094C0DYI,0.8302,PASS
pt::B009C98NPY,0.8826,PASS
pt::B009LL9VDG,0.8648,PASS
pt::B009NUWRF4,0.7176,PASS
pt::B000026D8E,0.8051,PASS
pt::B00003006E,0.7695,PASS
pt::B00004TJ7O,0.8888,PASS
pt::B00004Z5KI,0.7192,PASS
pt::B00004Z5M1,0.8707,PASS
pt::B00004ZCJE,0.8519,PASS
pt::B0000510T7,0.8524,PASS
pt::B0000510ZO,0.8355,PASS
pt::B00005LD4T,0.4742,RETRY
pt::B00005LD4W,0.6538,RETRY
pt::B00005ML7Q,0.8028,PASS
pt::B000067REG,0.8483,PASS
pt::B000067S60,0.8743,PASS
pt::B000067VBL,0.8040,PASS
pt::B00006FXHQ,0.8625,PASS
pt::B00006HYYH,0.8514,PASS
pt::B00006JQLD,0.8564,PASS
pt::B00006OX6B,0.8515,PASS
pt::B000083JZH,0.8471,PASS
pt::B00008VF63,0.8609,PASS
pt::B00008Y0VN,0.8654,PASS
pt::B000093UDQ,0.8544,PASS
pt::B000095SB4,0.8743,PASS
pt::B00009RUCH,0.8591,PASS
pt::B00009VSBE,0.8808,PASS
pt::B0000BVYTV,0.8810,PASS
pt::B00012FVYC,0.8708,PASS
pt::B0002D0ROO,0.8646,PASS
pt::B0002EQUL2,0.8646,PASS
pt::B0002EXJ8Y,0.8393,PASS
pt::B0002GRUV4,0.7654,PASS
pt::B0002IP2TY,0.7391,PASS
pt::B0002P4VHG,0.8446,PASS
pt::B0002VAQR4,0.7940,PASS
pt::B0006B088W,0.7147,PASS
pt::B0006HW668,0.8443,PASS
pt::B0006VHZJ2,0.6937,RETRY
pt::B00070QI1I,0.8697,PASS
pt::B0007GIXR4,0.8915,PASS
pt::B0007XXU3E,0.8529,PASS
pt::B0009OAFI4,0.8501,PASS
pt::B0009PAYY8,0.7325,PASS
pt::B0009VT9OI,0.8774,PASS
pt::B0009VT9OS,0.8763,PASS
pt::B000B1H89E,0.8478,PASS
pt::B000B5H2BE,0.8176,PASS
pt::B000BKY3Q6,0.8283,PASS
pt::B000BNUDXK,0.8643,PASS
pt::B000BSLTIS,0.7764,PASS
pt::B000BSOBG0,0.8692,PASS
pt::B000BY8BW4,0.8610,PASS
pt::B000BYH8EQ,0.8412,PASS
pt::B000C12GH2,0.8551,PASS
pt::B000C8TSCQ,0.8384,PASS
pt::B000CNPAAA,0.8640,PASS
pt::B000CR78C4,0.8073,PASS
pt::B000EC8WEU,0.8528,PASS
pt::B000EI3W8U,0.8263,PASS
pt::B000EOPQ7E,0.8396,PASS
pt::B000EOR4JM,0.7642,PASS
pt::B000EQW5SA,0.8505,PASS
pt::B000EVM5DK,0.8883,PASS
pt::B000F5FKHI,0.8839,PASS
pt::B000F7QRTG,0.8243,PASS
pt::B000FDTNZK,0.8670,PASS
pt::B000FFYNS0,0.8441,PASS
pt::B000FQ2JLW,0.8346,PASS
pt::B000FTLSR0,0.8378,PASS
pt::B000G31SR0,0.7096,PASS
pt::B000G5S4JI,0.8224,PASS
pt::B000GG5LUW,0.8733,PASS
pt::B000GHD73Y,0.8183,PASS
pt::B000GR1CBI,0.8018,PASS
pt::B000I97FJ2,0.7456,PASS
pt::B000J421ZY,0.7228,PASS
pt::B000JJSQ8U,0.8394,PASS
pt::B000JKUOIY,0.8204,PASS
pt::B000K18NLM,0.7464,PASS
pt::B000KO0GY6,0.8720,PASS
pt::B000LTNIZE,0.7815,PASS
pt::B000M4GT68,0.8556,PASS
pt::B000M4LXIW,0.8244,PASS
pt::B000MX1QXA,0.8384,PASS
pt::B000N3LL02,0.8589,PASS
pt::B000NAQRN6,0.8450,PASS
pt::B000NAQS3K,0.8511,PASS
pt::B000NF6ZK6,0.8160,PASS
pt::B000NRSWYQ,0.8695,PASS
pt::B000NVR9SM,0.8762,PASS
pt::B000P0M99U,0.8476,PASS
pt::B000P8Z3MM,0.7714,PASS
pt::B000PCBVA6,0.8818,PASS
pt::B000PY9SLS,0.8089,PASS
pt::B000QDBOCY,0.8544,PASS
pt::B000QW9DPU,0.8753,PASS
pt::B000QWG43Y,0.8252,PASS
pt::B000RHZJN4,0.8865,PASS
pt::B000TKHBDK,0.8820,PASS
pt::B000UE50O2,0.6758,RETRY
pt::B000UOBJ7O,0.8455,PASS
pt::B000UV4EU6,0.8836,PASS
pt::B000UXDHOI,0.8746,PASS
pt::B000V1MLBE,0.8663,PASS
pt::B000V4TMWC,0.8392,PASS
pt::B000V4X26O,0.8816,PASS
pt::B000V9T2JA,0.7621,PASS
pt::B000VL1QF6,0.8585,PASS
pt::B000VRBLMS,0.8742,PASS
pt::B000VSWHIE,0.8670,PASS
pt::B000VX6XL6,0.8456,PASS
pt::B000VY9HFE,0.8449,PASS
pt::B000WKW69Q,0.8615,PASS
pt::B000X5ZVS8,0.8530,PASS
pt::B000XQDTRW,0.8354,PASS
pt::B000YM2OIK,0.8777,PASS
pt::B000Z80ICM,0.8081,PASS
pt::B000Z99ZCA,0.8186,PASS
pt::B000ZD067Y,0.8212,PASS
pt::B0010WP46M,0.8631,PASS
pt::B0011NK1FY,0.8489,PASS
pt::B0011ZH0BK,0.8892,PASS
pt::B001207YMY,0.8520,PASS
pt::B0012UCYVU,0.8713,PASS
pt::B0012UF1QA,0.8726,PASS
pt::B0012UGJNY,0.8706,PASS
pt::B0012UKOV2,0.8717,PASS
pt::B0015AM30Y,0.8738,PASS
pt::B00169N0BK,0.7716,PASS
pt::B0017KZ8Y0,0.8196,PASS
pt::B0018M7ZES,0.8677,PASS
pt::B0018P0S1M,0.8576,PASS
pt::B0018RRX6S,0.8343,PASS
pt::B0019OZ3OO,0.7281,PASS
pt::B0019QU1FI,0.8588,PASS
pt::B0019UGCLG,0.8746,PASS
pt::B0019X20R8,0.8456,PASS
pt::B001A4LVYY,0.8740,PASS
pt::B001AJOIYE,0.7937,PASS
pt::B001ANZTYS,0.5277,RETRY
pt::B001B077PO,0.8566,PASS
pt::B001B8RSAK,0.8474,PASS
pt::B001BLTDZA,0.8006,PASS
pt::B001BPMLRS,0.8242,PASS
pt::B001C3V54O,0.8727,PASS
pt::B001DERZK0,0.8746,PASS
pt::B001EQ1IQY,0.8592,PASS
pt::B001F51G1G,0.8846,PASS
pt::B001F7FMUA,0.8659,PASS
pt::B001FA09VE,0.8555,PASS
pt::B001G4ZA6I,0.8619,PASS
pt::B001GE6T9A,0.8533,PASS
pt::B001GS8FZC,0.8308,PASS
pt::B001GX6MJ8,0.6896,RETRY
pt::B001H9NR2Q,0.8830,PASS
pt::B001H9NX3Y,0.8726,PASS
pt::B001HJTK5Y,0.8496,PASS
pt::B001HL0G5K,0.8598,PASS
pt::B001HN5HOS,0.8125,PASS
pt::B001ID829O,0.7824,PASS
pt::B001IEZX3G,0.7798,PASS
pt::B001IKKMT0,0.5847,RETRY
pt::B001KN6WL2,0.8142,PASS
pt::B001M5PZXO,0.8533,PASS
pt::B001MSVPM6,0.8535,PASS
pt::B001MTE32O,0.8608,PASS
pt::B001NPDKVM,0.8711,PASS
pt::B001OBV7T2,0.7544,PASS
pt::B001OI2Z4Q,0.8820,PASS
pt::B001OMH1JQ,0.8462,PASS
pt::B001PUQ7PG,0.8737,PASS
pt::B001QTZKHM,0.8768,PASS
pt::B001QVHGF4,0.8639,PASS
pt::B001R6SRMO,0.8494,PASS
pt::B001SEL36M,0.7893,PASS
pt::B001SLFN7U,0.8027,PASS
pt::B001TH7GVE,0.7918,PASS
pt::B001TI9F8U,0.6613,RETRY
pt::B0020ZDI5C,0.8586,PASS
pt::B0021AFU70,0.8603,PASS
pt::B0021O9KCM,0.7737,PASS
pt::B00264NZWS,0.8359,PASS
pt::B00267GDM4,0.7456,PASS
pt::B0026FCGLI,0.8437,PASS
pt::B002771V48,0.8522,PASS
pt::B00284ADXA,0.8548,PASS
pt::B0028Y4DHM,0.8612,PASS
pt::B002A6CWCQ,0.8026,PASS
pt::B002AH2AH2,0.8439,PASS
pt::B002CMAW20,0.8620,PASS
pt::B002CZG3PC,0.8189,PASS
pt::B002DEMCVG,0.8389,PASS
pt::B002DN928S,0.8565,PASS
pt::B002DW96M6,0.8559,PASS
pt::B002EE996Q,0.7984,PASS
pt::B002EPF6YO,0.8554,PASS
pt::B002G1CLS0,0.8428,PASS
pt::B002GTAUT4,0.6146,RETRY
pt::B002HWRJY4,0.8603,PASS
pt::B002JLZMN8,0.8872,PASS
pt::B002JTWSN2,0.7524,PASS
pt::B002KETE24,0.7843,PASS
pt::B002L5QGQ4,0.8545,PASS
pt::B002LARRY4,0.8717,PASS
pt::B002M22C3M,0.7155,PASS
pt::B002M3SOC4,0.8662,PASS
pt::B002MUYP3E,0.8851,PASS
pt::B002NU5O9C,0.8664,PASS
pt::B002NU5RMQ,0.7244,PASS
pt::B002P3KMXU,0.8779,PASS
pt::B002PU9SQU,0.6263,RETRY
pt::B002PY7OKI,0.8834,PASS
pt::B002R20X9M,0.7874,PASS
pt::B002RWJGTU,0.8381,PASS
pt::B002SDZGOC,0.8523,PASS
pt::B002SFDJMQ,0.8219,PASS
pt::B002TLTE6Y,0.8443,PASS
pt::B002TMRZOQ,0.8700,PASS
pt::B002TRJLSE,0.8737,PASS
pt::B002UA2H9A,0.8389,PASS
pt::B002VPE1X4,0.8585,PASS
pt::B002ZIMEMW,0.8123,PASS
pt::B002ZIN9DU,0.8607,PASS
pt::B0034XJNHQ,0.8059,PASS
pt::B00358P3YM,0.8181,PASS
pt::B0035H9A1K,0.8601,PASS
pt::B0035J7XG2,0.8452,PASS
pt::B003B1XR28,0.6026,RETRY
pt::B003B3P29W,0.8716,PASS
pt::B003DKQB02,0.8067,PASS
pt::B003DNS882,0.8473,PASS
pt::B003EDWHYC,0.8095,PASS
pt::B003O2RVF8,0.8460,PASS
pt::B003OBZSHC,0.5499,RETRY
pt::B003U69BX8,0.7466,PASS
pt::B003U8HV4M,0.8296,PASS
pt::B003UGIDSW,0.8576,PASS
pt::B003X26LXW,0.7693,PASS
pt::B003X26LY6,0.8780,PASS
pt::B003XEZGN6,0.7488,PASS
pt::B003ZQYVVK,0.8573,PASS
pt::B0042FZ50O,0.3323,RETRY
pt::B0044DEDC0,0.6940,RETRY
pt::B00461E7JE,0.8656,PASS
pt::B004CLYEA0,0.8148,PASS
pt::B004CLYEE6,0.7456,PASS
pt::B004CLYIZ6,0.8650,PASS
pt::B004CZ9U96,0.8629,PASS
pt::B004FLWB1Q,0.8272,PASS
pt::B004JMZPJQ,0.8392,PASS
pt::B004JOI9MO,0.7194,PASS
pt::B004MS0DIK,0.8597,PASS
pt::B004OR14GY,0.8288,PASS
pt::B004PEIG12,0.8576,PASS
pt::B004VTF7IG,0.8271,PASS
pt::B004X69BFW,0.8015,PASS
pt::B00516547C,0.7315,PASS
pt::B005276QS6,0.8620,PASS
pt::B0057UUB1G,0.8274,PASS
pt::B005B4M1RU,0.6600,RETRY
pt::B005CG2AX2,0.8639,PASS
pt::B005CLPP84,0.8746,PASS
pt::B005D91G38,0.8782,PASS
pt::B005H7TMA0,0.8545,PASS
pt::B005HIS5K2,0.8579,PASS
pt::B005KG3NSK,0.8843,PASS
pt::B005LTC44K,0.8313,PASS
pt::B005MCXJHM,0.8521,PASS
pt::B005PUZOYM,0.8746,PASS
pt::B005SZ3PDG,0.8760,PASS
pt::B005TZJ0AM,0.4614,RETRY
pt::B005UA3I72,0.8447,PASS
pt::B005VTIMEQ,0.8101,PASS
pt::B005Z63LWS,0.8200,PASS
pt::B0062EUE54,0.8422,PASS
pt::B0062IPIPQ,0.8562,PASS
pt::B00632GE54,0.8820,PASS
pt::B0063KGRBW,0.8563,PASS
pt::B00681YJRA,0.8761,PASS
pt::B00695JES4,0.8022,PASS
pt::B006CFKTP8,0.8409,PASS
pt::B006FLENJC,0.7815,PASS
pt::B006K54ZU0,0.8219,PASS
pt::B006K5505E,0.8176,PASS
pt::B006RG23JC,0.8590,PASS
pt::B006TT91TW,0.8642,PASS
pt::B006VK814K,0.7960,PASS
pt::B006WHPQCM,0.8500,PASS
pt::B00763WVG0,0.8413,PASS
pt::B0077BXDX6,0.8020,PASS
pt::B007BWTOHU,0.8511,PASS
pt::B007C6HZOE,0.6672,RETRY
pt::B007DL79FS,0.7933,PASS
pt::B007JOIJPI,0.6788,RETRY
pt::B007KEZMX4,0.8759,PASS
pt::B007KFLUSO,0.8699,PASS
pt::B007KFLV9W,0.8189,PASS
pt::B007PG02Q4,0.7882,PASS
pt::B007STASSK,0.8622,PASS
pt::B007ULT422,0.8637,PASS
pt::B007Y4TTWK,0.8057,PASS
pt::B0081FLFQE,0.7783,PASS
pt::B00829THK0,0.8634,PASS
pt::B0082D563I,0.8258,PASS
pt::B00832NCWU,0.8671,PASS
pt::B0089L4TL8,0.8751,PASS
pt::B008HFCI50,0.7498,PASS
pt::B008JFRRYK,0.8700,PASS
pt::B008OMQY24,0.8733,PASS
pt::B008RZ0EQ0,0.8422,PASS
pt::B0090JSQTE,0.8588,PASS
pt::B0093AN1OA,0.8196,PASS
pt::B0093GZF4S,0.8259,PASS
pt::B00987MWAM,0.8042,PASS
pt::B0099TX7O4,0.8590,PASS
pt::B009AY082W,0.8764,PASS
pt::B009BZX340,0.8510,PASS
pt::B009DAP7IS,0.8708,PASS
pt::B009F7IBZK,0.8693,PASS
pt::B009JBFOZW,0.8673,PASS
pt::B00000J05A,0.8711,PASS
pt::B00000J1UQ,0.7917,PASS
pt::B00001P4ZH,0.8727,PASS
pt::B00001W0DI,0.8718,PASS
pt::B000023VUL,0.8649,PASS
pt::B00003CWDH,0.8271,PASS
pt::B00004TDN0,0.8519,PASS
pt::B00004TZJQ,0.8559,PASS
pt::B00004Z6KW,0.8069,PASS
pt::B00005ALB1,0.6702,RETRY
pt::B00005AR4L,0.8797,PASS
pt::B00005AWBJ,0.8114,PASS
pt::B00005LB8P,0.8341,PASS
pt::B00005N6KF,0.8282,PASS
pt::B00005NIMR,0.8383,PASS
pt::B00005T3ND,0.8778,PASS
pt::B00005T408,0.8764,PASS
pt::B0000632FZ,0.8679,PASS
pt::B000065BP9,0.8789,PASS
pt::B000065BPC,0.8659,PASS
pt::B000066R6M,0.8152,PASS
pt::B000068NYF,0.7575,PASS
pt::B00006I5FQ,0.8449,PASS
pt::B00006I5UH,0.8528,PASS
pt::B00006I5VX,0.8158,PASS
pt::B00006I5WJ,0.8647,PASS
pt::B00006IAAN,0.7661,PASS
pt::B00006ICIW,0.8574,PASS
pt::B00006IW1X,0.7216,PASS
pt::B000075UZ7,0.7374,PASS
pt::B00007EDM8,0.8761,PASS
pt::B00007FGUE,0.8347,PASS
pt::B00007JDR0,0.8526,PASS
pt::B000087BHV,0.8527,PASS
pt::B0000899ZA,0.8709,PASS
pt::B000089GN3,0.8794,PASS
pt::B00008GT9Y,0.8448,PASS
pt::B00008NJEP,0.5743,RETRY
pt::B000094Q77,0.8631,PASS
pt::B00009PLIM,0.8178,PASS
pt::B00009W3TY,0.8053,PASS
pt::B0000AFX40,0.8674,PASS
pt::B0000C4DX6,0.8606,PASS
pt::B0001DBEM4,0.8518,PASS
pt::B0001EZN52,0.8548,PASS
pt::B0001FV3AK,0.8478,PASS
pt::B0001M2FVY,0.8331,PASS
pt::B0001YXWVO,0.8460,PASS
pt::B00029U1DK,0.6307,RETRY
pt::B0002A6YVC,0.8302,PASS
pt::B0002DG9XW,0.8666,PASS
pt::B0002E50MC,0.8226,PASS
pt::B0002FHENE,0.8383,PASS
pt::B0002T74QC,0.5544,RETRY
pt::B00065XSP8,0.8729,PASS
pt::B00067LYFW,0.8709,PASS
pt::B00067OF80,0.8691,PASS
pt::B0006N2P8Q,0.7851,PASS
pt::B0006OC16G,0.8680,PASS
pt::B0007LJHVK,0.8385,PASS
pt::B0007N55NC,0.8395,PASS
pt::B0007OWASE,0.8431,PASS
pt::B0007TC390,0.8563,PASS
pt::B00080FPSY,0.8632,PASS
pt::B00081S0YY,0.8569,PASS
pt::B0009FUSBW,0.8837,PASS
pt::B0009IGAPW,0.8504,PASS
pt::B0009MFQ1C,0.7145,PASS
pt::B0009U6YQK,0.8594,PASS
pt::B000A5TAT2,0.8771,PASS
pt::B000AJIF4E,0.8270,PASS
pt::B000ARSLB8,0.8779,PASS
pt::B000AYGDWU,0.8756,PASS
pt::B000BKJZ9Q,0.8852,PASS
pt::B000BNJJBW,0.8709,PASS
pt::B000BQ57BU,0.8795,PASS
pt::B000BVV2IC,0.8520,PASS
pt::B000BYTMEA,0.8587,PASS
pt::B000DT7ZJM,0.8338,PASS
pt::B000E6G9RI,0.8741,PASS
pt::B000E8HUNS,0.6889,RETRY
pt::B000E8OVMQ,0.6721,RETRY
pt::B000EEQ83K,0.8355,PASS
pt::B000EMWBT2,0.8376,PASS
pt::B000EVLS4C,0.8427,PASS
pt::B000EVMK5S,0.8544,PASS
pt::B000EXU4YK,0.8775,PASS
pt::B000F7JCRA,0.8288,PASS
pt::B000F8WC4O,0.8735,PASS
pt::B000FCSXBQ,0.8782,PASS
pt::B000FOYMKU,0.8526,PASS
pt::B000GGQ2ZU,0.8338,PASS
pt::B000GHDPHC,0.8806,PASS
pt::B000HGQJZW,0.8649,PASS
pt::B000HGSL4E,0.8580,PASS
pt::B000HXNF8O,0.8784,PASS
pt::B000HZD2XK,0.8601,PASS
pt::B000HZD2YE,0.8530,PASS
pt::B000I20BBI,0.3029,RETRY
pt::B000I98ZYG,0.5364,RETRY
pt::B000IHGJ50,0.8801,PASS
pt::B000ISP3QA,0.8722,PASS
pt::B000JO1MU4,0.8828,PASS
pt::B000K9DHZG,0.8241,PASS
pt::B000KE48CM,0.8352,PASS
pt::B000L475L2,0.8737,PASS
pt::B000LRMS66,0.8138,PASS
pt::B000M00M2E,0.8544,PASS
pt::B000M4ZF1S,0.8789,PASS
pt::B000MVJ1M0,0.8711,PASS
pt::B000MXYCM2,0.8690,PASS
pt::B000MXYCU4,0.8335,PASS
pt::B000MY39BQ,0.8374,PASS
pt::B000N35A0Y,0.8387,PASS
pt::B000N4Z4JK,0.8394,PASS
pt::B000N5235C,0.8583,PASS
pt::B000N53SRE,0.8532,PASS
pt::B000NDO744,0.8341,PASS
pt::B000NK8EWI,0.8534,PASS
pt::B000OFSN4G,0.8741,PASS
pt::B000OG88KY,0.8095,PASS
pt::B000ONDRDU,0.8333,PASS
pt::B000OQB76G,0.8689,PASS
pt::B000OTF6G0,0.8411,PASS
pt::B000OV4W3Q,0.8672,PASS
pt::B000OV85NE,0.8780,PASS
pt::B000OZQL36,0.8701,PASS
pt::B000P1R9QM,0.8685,PASS
pt::B000P3FKX4,0.8588,PASS
pt::B000QJ3IIG,0.8716,PASS
pt::B000R805L4,0.8709,PASS
pt::B000R9AAJA,0.8770,PASS
pt::B000RFURG0,0.7998,PASS
pt::B000RW5XCG,0.8346,PASS
pt::B000RY2PJS,0.8533,PASS
pt::B000SB9K5W,0.8661,PASS
pt::B000SDNMHW,0.8319,PASS
pt::B000SDPDU6,0.8397,PASS
pt::B000TMGBZM,0.7844,PASS
pt::B000U96EW4,0.8507,PASS
pt::B000UDUZSE,0.8619,PASS
pt::B000UXZQ42,0.8752,PASS
pt::B000V07N9U,0.8662,PASS
pt::B000VE1WWU,0.7985,PASS
pt::B000VXPEC0,0.8634,PASS
pt::B000VXQZ9Q,0.8672,PASS
pt::B000VXQZA0,0.8396,PASS
pt::B000WHSFYY,0.8727,PASS
pt::B000WHZ0NS,0.8411,PASS
pt::B000XFZGR4,0.8459,PASS
pt::B000Z3VSOE,0.8828,PASS
pt::B000Z9UY2K,0.8633,PASS
pt::B001110ZKC,0.8420,PASS
pt::B0011ZK6OS,0.8723,PASS
pt::B0011ZK6PC,0.8793,PASS
pt::B0012L50ZG,0.8628,PASS
pt::B0012UCO88,0.6862,RETRY
pt::B0013FRNKG,0.8812,PASS
pt::B0014176XI,0.7182,PASS
pt::B0014H16OM,0.8344,PASS
pt::B0014T4S86,0.8624,PASS
pt::B0015AE4CE,0.8699,PASS
pt::B0015AFOL4,0.8517,PASS
pt::B0015DPJMK,0.8722,PASS
pt::B0015VW3BM,0.8417,PASS
pt::B00168Q248,0.8205,PASS
pt::B0016AQ8OA,0.7525,PASS
pt::B0016BFZBQ,0.8648,PASS
pt::B0016P15E8,0.8660,PASS
pt::B00171MWSO,0.6651,RETRY
pt::B00176TEGM,0.8764,PASS
pt::B0017Q2W6G,0.8462,PASS
pt::B0017Q8B70,0.8468,PASS
pt::B0017Z9SWS,0.8663,PASS
pt::B0018YHZHI,0.8310,PASS
pt::B0019GWYRQ,0.8644,PASS
pt::B0019HXEEW,0.8520,PASS
pt::B001AO4MWW,0.8293,PASS
pt::B001B0APOO,0.8505,PASS
pt::B001BK54RM,0.7670,PASS
pt::B001C9KW88,0.8818,PASS
pt::B001C9KW8S,0.8799,PASS
pt::B001CGXM6K,0.8663,PASS
pt::B001DQNAK2,0.8545,PASS
pt::B001DXGBII,0.8456,PASS
pt::B001DZJVO2,0.8834,PASS
pt::B001ET6P8M,0.8725,PASS
pt::B001F7AHOG,0.8833,PASS
pt::B001F7AHXM,0.8843,PASS
pt::B001FA1NK0,0.8828,PASS
pt::B001FA1NZK,0.8784,PASS
pt::B001FA1O0O,0.8825,PASS
pt::B001FB56YS,0.8471,PASS
pt::B001FBL2SW,0.8169,PASS
pt::B001FSJC6E,0.8250,PASS
pt::B001FWEH9C,0.8556,PASS
pt::B001FWYXD2,0.8746,PASS
pt::B001G5ZTN6,0.8779,PASS
pt::B001GCTT7Q,0.8740,PASS
pt::B001GUNJPG,0.8475,PASS
pt::B001GUPEMW,0.8672,PASS
pt::B001HU4ASU,0.8734,PASS
pt::B001IBHUU8,0.8720,PASS
pt::B001IZYV2E,0.8781,PASS
pt::B001KT80IO,0.8052,PASS
pt::B001M4N956,0.8469,PASS
pt::B001PIBE8I,0.8717,PASS
pt::B001RB24PK,0.8557,PASS
pt::B001RB24UA,0.8702,PASS
pt::B001RB24V4,0.8719,PASS
pt::B001RRFO1U,0.8562,PASS
pt::B001SER47O,0.8842,PASS
pt::B001SERK1O,0.8772,PASS
pt::B001TK3R1O,0.8719,PASS
pt::B001U5YZ4G,0.8608,PASS
pt::B001U612R8,0.8690,PASS
pt::B001VAAJ5E,0.8765,PASS
pt::B0027VT6V4,0.8576,PASS
pt::B002AH8T3Q,0.7986,PASS
pt::B002AQVMMW,0.8765,PASS
pt::B002C747XA,0.8223,PASS
pt::B002C7481G,0.8749,PASS
pt::B002DU15TU,0.8782,PASS
pt::B002FU5S5A,0.8394,PASS
pt::B002GYTPAE,0.7346,PASS
pt::B002GYTPB8,0.7935,PASS
pt::B002HU629E,0.8051,PASS
pt::B002HWRTEE,0.8748,PASS
pt::B002HZW7CK,0.8817,PASS
pt::B002J95GVI,0.8633,PASS
pt::B002L6HEAU,0.8812,PASS
pt::B002LZDK7W,0.8767,PASS
pt::B002M78JA2,0.8653,PASS
pt::B002O3W3Y2,0.8536,PASS
pt::B002O4I1PG,0.7557,PASS
pt::B002OK5RMA,0.8040,PASS
pt::B002OS2H3Y,0.6885,RETRY
pt::B002QEBMAK,0.8602,PASS
pt::B002RI7PHE,0.7586,PASS
pt::B002SNI1VM,0.8749,PASS
pt::B002TLTGM6,0.8726,PASS
pt::B002UK4E9G,0.8727,PASS
pt::B002V919DK,0.8654,PASS
pt::B002XISRJ8,0.6972,RETRY
pt::B002YAOS7A,0.8685,PASS
pt::B002YXMPPO,0.8618,PASS
pt::B0031KBKLY,0.8718,PASS
pt::B0031KF7QS,0.8261,PASS
pt::B0035FZJJ4,0.8769,PASS
pt::B0036VO6IC,0.8798,PASS
pt::B0036ZC9KA,0.8651,PASS
pt::B00383L02I,0.7009,PASS
pt::B0038W0K20,0.8739,PASS
pt::B003B1ITFS,0.8739,PASS
pt::B003B22U8Y,0.8713,PASS
pt::B003BYRMEO,0.8544,PASS
pt::B003D15K44,0.7798,PASS
pt::B003D3NDCS,0.8692,PASS
pt::B003EHT6YC,0.7531,PASS
pt::B003ELYQGG,0.8743,PASS
pt::B003EWNXFU,0.8787,PASS
pt::B003L77Y5I,0.8838,PASS
pt::B003P2UMR6,0.8770,PASS
pt::B003QKBVYK,0.8612,PASS
pt::B003TFEHMU,0.8805,PASS
pt::B003TVO0N0,0.8770,PASS
pt::B003U4O5YK,0.7908,PASS
pt::B003VAHYXW,0.8768,PASS
pt::B003XU5YSM,0.8567,PASS
pt::B003YWDWD8,0.8513,PASS
pt::B003ZKG10K,0.8371,PASS
pt::B003ZSHNGS,0.8770,PASS
pt::B0041NFIBS,0.8508,PASS
pt::B00426C56U,0.8558,PASS
pt::B0042F3K9W,0.8679,PASS
pt::B0042FZA1S,0.8644,PASS
pt::B00433SOP8,0.3277,RETRY
pt::B00433SOQ2,0.8489,PASS
pt::B0043GGDGC,0.8556,PASS
pt::B0043TB7OC,0.8871,PASS
pt::B00448ABGM,0.8464,PASS
pt::B0045HAB3K,0.7585,PASS
pt::B0046KOL14,0.8577,PASS
pt::B0047DVRQW,0.8634,PASS
pt::B0047DVVVI,0.8638,PASS
pt::B0047S5VQY,0.7156,PASS
pt::B0048606UG,0.8372,PASS
pt::B0048IATQ0,0.8605,PASS
pt::B004FEEZHQ,0.8445,PASS
pt::B004FEEZLW,0.8606,PASS
pt::B004GV0HS4,0.8712,PASS
pt::B004H3QD02,0.8272,PASS
pt::B004HHICKC,0.8745,PASS
pt::B004J3V7MO,0.8678,PASS
pt::B004J3V7RO,0.8827,PASS
pt::B004J3ZV62,0.8689,PASS
pt::B004JQQDZ2,0.8436,PASS
pt::B004KG1J3W,0.8717,PASS
pt::B004NEUK86,0.8561,PASS
pt::B004OBZ2UY,0.8761,PASS
pt::B004TGSMMY,0.8714,PASS
pt::B004VM1T5S,0.8723,PASS
pt::B004YKXGIK,0.8673,PASS
pt::B004YLCGBC,0.8669,PASS
pt::B0057CVH6W,0.8538,PASS
pt::B0058P0I2C,0.8575,PASS
pt::B005CWIN1E,0.8659,PASS
pt::B005FMBVLA,0.8608,PASS
pt::B005H3Q52C,0.8208,PASS
pt::B005HMKKH4,0.8536,PASS
pt::B005I6DUYE,0.8745,PASS
pt::B005IA843W,0.8564,PASS
pt::B005JACJ50,0.8727,PASS
pt::B005X1Y7I2,0.8526,PASS
pt::B005XU3OPK,0.8261,PASS
pt::B006UMM1PO,0.8722,PASS
pt::B00728Z9O0,0.8888,PASS
pt::B0073K64NM,0.8366,PASS
pt::B00746YHV6,0.8623,PASS
pt::B0074703CM,0.8093,PASS
pt::B0077E48A0,0.8225,PASS
pt::B007I5JT4S,0.8337,PASS
pt::B008AL9VXI,0.8314,PASS
pt::B008Q60VZ4,0.8084,PASS
pt::B008XNGMA8,0.8406,PASS
pt::B00908BQCY,0.8751,PASS
pt::B0092MD8OW,0.8599,PASS
pt::B0097BEF1S,0.8846,PASS
pt::B0097BEFYA,0.7995,PASS
pt::B009AYLDSU,0.8736,PASS
pt::B000001OMI,0.8347,PASS
pt::B00006B7DA,0.8197,PASS
pt::B00006LIOM,0.8098,PASS
pt::B00009R8I4,0.8440,PASS
pt::B00009R94Q,0.8131,PASS
pt::B00009RU8K,0.8241,PASS
pt::B0000D898Q,0.8334,PASS
pt::B0000E68U2,0.8685,PASS
pt::B00019OWU4,0.8737,PASS
pt::B000219896,0.8774,PASS
pt::B00022VBAE,0.8655,PASS
pt::B000234UYC,0.8468,PASS
pt::B00027X2YM,0.8100,PASS
pt::B0002A9SJ2,0.8212,PASS
pt::B0002MPMKE,0.8602,PASS
pt::B0002OKCX4,0.8593,PASS
pt::B00062GJ8E,0.7986,PASS
pt::B0006I09OS,0.8512,PASS
pt::B0006UMGHE,0.8786,PASS
pt::B0006ZKX7Y,0.8279,PASS
pt::B0006ZSWB8,0.7942,PASS
pt::B0007M3PGC,0.6355,RETRY
pt::B0007NZQ2W,0.8287,PASS
pt::B0007OWNCC,0.8625,PASS
pt::B0007THIDQ,0.8711,PASS
pt::B0007UY662,0.7835,PASS
pt::B0007Y6AF8,0.8665,PASS
pt::B0009I96LM,0.8702,PASS
pt::B0009NEUOK,0.8664,PASS
pt::B0009RML8S,0.8276,PASS
pt::B0009S5HQA,0.8644,PASS
pt::B000AA2IC8,0.8435,PASS
pt::B000AM6QH4,0.8665,PASS
pt::B000ANOY7M,0.8819,PASS
pt::B000AP05BO,0.8639,PASS
pt::B000BBYH8O,0.4213,RETRY
pt::B000BDH2XY,0.8611,PASS
pt::B000BI7NHY,0.8297,PASS
pt::B000CKVOOY,0.8609,PASS
pt::B000DZFUIO,0.8484,PASS
pt::B000DZH4D8,0.8434,PASS
pt::B000E4K2GO,0.8586,PASS
pt::B000E5CYW8,0.8218,PASS
pt::B000E9U9MG,0.7542,PASS
pt::B000EITTLE,0.8796,PASS
pt::B000EVM5DU,0.8810,PASS
pt::B000EVSLRO,0.8448,PASS
pt::B000F59KHE,0.7632,PASS
pt::B000F6Y686,0.8755,PASS
pt::B000F9NXXC,0.8421,PASS
pt::B000FJ89UO,0.8022,PASS
pt::B000FL2EJE,0.8682,PASS
pt::B000G0JD0C,0.8559,PASS
pt::B000G1D8HU,0.8723,PASS
pt::B000G6TUOU,0.8277,PASS
pt::B000GBVA34,0.7302,PASS
pt::B000GHTGES,0.8803,PASS
pt::B000GK8LVE,0.6587,RETRY
pt::B000GP4G1I,0.8323,PASS
pt::B000HCRVQ2,0.8665,PASS
pt::B000HVXIT2,0.8319,PASS
pt::B000HXGIHE,0.8138,PASS
pt::B000I68LQG,0.8040,PASS
pt::B000IDCDZY,0.7673,PASS
pt::B000JJSQCG,0.8188,PASS
pt::B000JSSY74,0.8795,PASS
pt::B000KU0PCS,0.8679,PASS
pt::B000L47AHG,0.7426,PASS
pt::B000LFZ6OE,0.8400,PASS
pt::B000LYF1DQ,0.7480,PASS
pt::B000MK4GGM,0.8874,PASS
pt::B000MW3YE0,0.8793,PASS
pt::B000MWNJPE,0.8767,PASS
pt::B000MYPPPE,0.8757,PASS
pt::B000NJIU64,0.7984,PASS
pt::B000NM8DI6,0.8833,PASS
pt::B000NPCI9I,0.7778,PASS
pt::B000OLDG60,0.8175,PASS
pt::B000P6M6GK,0.8781,PASS
pt::B000PEOETO,0.8293,PASS
pt::B000Q3043Y,0.8738,PASS
pt::B000Q6UZBM,0.8619,PASS
pt::B000Q8623U,0.8660,PASS
pt::B000R9HU16,0.8428,PASS
pt::B000RZQZM0,0.8637,PASS
pt::B000SEN9U6,0.8074,PASS
pt::B000SOQ6KQ,0.8535,PASS
pt::B000TXEE14,0.8628,PASS
pt::B000U5TUWE,0.8203,PASS
pt::B000UY1MB2,0.8619,PASS
pt::B000UY3NR8,0.8832,PASS
pt::B000V1VG4W,0.8797,PASS
pt::B000VA4CK8,0.8474,PASS
pt::B000VE7S9Q,0.8731,PASS
pt::B000VEHTLS,0.8458,PASS
pt::B000VM8EDW,0.8764,PASS
pt::B000W8ZRYO,0.7764,PASS
pt::B000WF8JNI,0.8465,PASS
pt::B000WR0CKE,0.8479,PASS
pt::B000WR3Z3A,0.8552,PASS
pt::B000WU2FAQ,0.7876,PASS
pt::B000XEAWX8,0.8536,PASS
pt::B000YEKM0U,0.8698,PASS
pt::B000YJBL78,0.8645,PASS
pt::B000YQ6DIS,0.8427,PASS
pt::B0010LPBRK,0.8318,PASS
pt::B00119T6NQ,0.8716,PASS
pt::B0011Z44UA,0.8741,PASS
pt::B0012GK3MQ,0.8687,PASS
pt::B0012GQZZU,0.8293,PASS
pt::B0012Y2LLE,0.8728,PASS
pt::B00137NMMW,0.8512,PASS
pt::B00138EOH8,0.7691,PASS
pt::B0013MYIJI,0.5902,RETRY
pt::B0013WLZY4,0.8760,PASS
pt::B0015BR7KO,0.8268,PASS
pt::B0015L0T68,0.8783,PASS
pt::B0015LTBG2,0.8740,PASS
pt::B0016BVKAQ,0.8843,PASS
pt::B0016D9URO,0.7824,PASS
pt::B00175VDY4,0.8764,PASS
pt::B0017KH6OU,0.8400,PASS
pt::B0018C7FSO,0.8493,PASS
pt::B0018LX0DY,0.8684,PASS
pt::B0018LYCYK,0.8596,PASS
pt::B0018O9JIG,0.8438,PASS
pt::B0018P7WZ2,0.8556,PASS
pt::B001A36MIA,0.8337,PASS
pt::B001AALJ2M,0.7576,PASS
pt::B001AALJ9U,0.8554,PASS
pt::B001AAOZHI,0.4190,RETRY
pt::B001AO2274,0.8317,PASS
pt::B001AYW91I,0.7549,PASS
pt::B001BWLA8W,0.8464,PASS
pt::B001CBLN7K,0.8770,PASS
pt::B001CHHVCU,0.8380,PASS
pt::B001D9IWIY,0.7786,PASS
pt::B001DJ64D4,0.8543,PASS
pt::B001EYV9TM,0.8437,PASS
pt::B001FWU96M,0.8703,PASS
pt::B001GCQ3KM,0.8784,PASS
pt::B001I45T9O,0.8399,PASS
pt::B001I70YRI,0.8073,PASS
pt::B001IWOBA4,0.8397,PASS
pt::B001L1H0SC,0.8323,PASS
pt::B001L2MJO6,0.8176,PASS
pt::B001O4EPHA,0.8471,PASS
pt::B001O9X9EU,0.8337,PASS
pt::B001OC5JLI,0.7883,PASS
pt::B001OORMVQ,0.7905,PASS
pt::B001QVHO38,0.7096,PASS
pt::B001S0PWWC,0.8627,PASS
pt::B001SEQN3K,0.8404,PASS
pt::B001TLK7V6,0.8704,PASS
pt::B001TOD7ME,0.8099,PASS
pt::B0023B14TK,0.8813,PASS
pt::B0023ZK2TY,0.8375,PASS
pt::B002BH3I9U,0.8817,PASS
pt::B002CVU4G0,0.3063,RETRY
pt::B002F9NSLM,0.8359,PASS
pt::B002G1YNPO,0.7478,PASS
pt::B002GHBW4S,0.8560,PASS
pt::B002HOPUPC,0.8850,PASS
pt::B002I3OZ7G,0.8742,PASS
pt::B002IKLJUU,0.8496,PASS
pt::B002JQNXZC,0.8236,PASS
pt::B002K8M9HC,0.8404,PASS
pt::B002KC55OM,0.8630,PASS
pt::B002MUYOLW,0.8446,PASS
pt::B002O3W2OI,0.7853,PASS
pt::B002OHOF08,0.7991,PASS
pt::B002SSK9VW,0.8801,PASS
pt::B002UT42UI,0.8273,PASS
pt::B002YU83YO,0.8510,PASS
pt::B0033AF5WW,0.8443,PASS
pt::B0035JEL6C,0.8755,PASS
pt::B00378YPB2,0.8599,PASS
pt::B0038KV2MO,0.7484,PASS
pt::B0039BPG1U,0.8207,PASS
pt::B0039NLS3I,0.5524,RETRY
pt::B0039Y43WK,0.8771,PASS
pt::B003C1FC7K,0.8058,PASS
pt::B003FMUPA0,0.8865,PASS
pt::B003GSL6UQ,0.7024,PASS
pt::B003H3L05Q,0.8372,PASS
pt::B003L5DD5U,0.8546,PASS
pt::B003LYKX0E,0.8173,PASS
pt::B003M2YT96,0.8692,PASS
pt::B003M8HWDA,0.6552,RETRY
pt::B003SGCO3E,0.8135,PASS
pt::B003VANO7C,0.8480,PASS
pt::B003Z6AB0A,0.8619,PASS
pt::B003ZK5NZY,0.8677,PASS
pt::B003ZSAKMM,0.7309,PASS
pt::B00408GUNY,0.8682,PASS
pt::B0041OSQ9I,0.8583,PASS
pt::B00428N9OK,0.8462,PASS
pt::B0043CVH2Q,0.8665,PASS
pt::B0045JNBNU,0.8592,PASS
pt::B0046TOQ8S,0.8147,PASS
pt::B0049P1MRM,0.8679,PASS
pt::B0049VR1KI,0.8240,PASS
pt::B004ABO7QI,0.8843,PASS
pt::B004BV7XQ8,0.8650,PASS
pt::B004DB85SQ,0.8576,PASS
pt::B004DLQ2A4,0.8261,PASS
pt::B004EPV7TK,0.8761,PASS
pt::B004FHO5Y6,0.8629,PASS
pt::B004H4OJ5C,0.8584,PASS
pt::B004HGI8XY,0.7430,PASS
pt::B004HVW0ZQ,0.8770,PASS
pt::B004I43F9C,0.8765,PASS
pt::B004IS22WO,0.7908,PASS
pt::B004JF9N1O,0.8149,PASS
pt::B004L9MBH6,0.8666,PASS
pt::B004M8RWDE,0.8440,PASS
pt::B004P0MVHG,0.7472,PASS
pt::B004P0UKLK,0.6866,RETRY
pt::B004PA2B6C,0.8586,PASS
pt::B004U9USEA,0.8832,PASS
pt::B004UGEI3K,0.8030,PASS
pt::B004URTJ6U,0.8615,PASS
pt::B004VEOO2G,0.8471,PASS
pt::B004XRSLB6,0.8703,PASS
pt::B004XY3BRI,0.8630,PASS
pt::B004YAVF8I,0.8402,PASS
pt::B004YW7WCY,0.8675,PASS
pt::B0051FWA7U,0.8237,PASS
pt::B005FYNSPK,0.8553,PASS
pt::B005G4KX3E,0.7983,PASS
pt::B005GIWTOQ,0.8624,PASS
pt::B005GM1Q1O,0.8567,PASS
pt::B005GTNZUM,0.8847,PASS
pt::B005HFF65C,0.7883,PASS
pt::B005HY4U46,0.7903,PASS
pt::B005IA844Q,0.8536,PASS
pt::B005J7YA3W,0.8694,PASS
pt::B005JW6WQU,0.8737,PASS
pt::B005LDLP8W,0.8089,PASS
pt::B005LMWPYG,0.8731,PASS
pt::B005ORQ350,0.8780,PASS
pt::B005PAINXQ,0.8723,PASS
pt::B005PC7VG4,0.8473,PASS
pt::B005SXT6TA,0.8569,PASS
pt::B005Z3GINK,0.7365,PASS
pt::B0064Z71T8,0.8511,PASS
pt::B0067G0YR0,0.8378,PASS
pt::B006CFU61U,0.8563,PASS
pt::B006I5MKZY,0.8676,PASS
pt::B006JH8T3S,0.8530,PASS
pt::B006TR0FCQ,0.8906,PASS
pt::B006UAJ690,0.8432,PASS
pt::B006W1J3OK,0.8732,PASS
pt::B006WHPQUO,0.8704,PASS
pt::B006ZP8UOW,0.8645,PASS
pt::B006ZW4H4C,0.8657,PASS
pt::B0072FJEA8,0.8370,PASS
pt::B0072XQI2W,0.7056,PASS
pt::B0074024XU,0.8603,PASS
pt::B00793MIGK,0.8829,PASS
pt::B007SHJIO2,0.7506,PASS
pt::B007VR4376,0.8349,PASS
pt::B007WTAJTO,0.8443,PASS
pt::B007YX9O94,0.8384,PASS
pt::B007ZZ6OW6,0.8696,PASS
pt::B00829TIEK,0.8546,PASS
pt::B00834SJNA,0.8596,PASS
pt::B0088VQEV2,0.5717,RETRY
pt::B008CS5T76,0.8720,PASS
pt::B008DWCRQW,0.8187,PASS
pt::B008E35TD8,0.7814,PASS
pt::B008PQJWBE,0.8497,PASS
pt::B008R7EWEI,0.8505,PASS
pt::B0090IA4KE,0.7543,PASS
pt::B00931DHKM,0.8575,PASS
pt::B0094S360U,0.8802,PASS
pt::B0098G9LHU,0.8505,PASS
pt::B009C98NQS,0.8813,PASS
pt::B009HQCAPQ,0.8546,PASS
pt::1400532655,0.8642,PASS
pt::B00003006R,0.7738,PASS
pt::B00003G1RG,0.8653,PASS
pt::B00004S9AK,0.8179,PASS
pt::B00004SB92,0.8424,PASS
pt::B00004TS16,0.8306,PASS
pt::B00004VX3T,0.8565,PASS
pt::B00004X107,0.7609,PASS
pt::B00004YKDQ,0.8722,PASS
pt::B00004Z5L8,0.8573,PASS
pt::B00005853Z,0.7621,PASS
pt::B00005LEN4,0.8605,PASS
pt::B00005LENO,0.8601,PASS
pt::B00005MOZG,0.8409,PASS
pt::B00005OP2T,0.8770,PASS
pt::B00005QCU3,0.8442,PASS
pt::B00005QFZG,0.8885,PASS
pt::B00005T3RC,0.7736,PASS
pt::B00005USA7,0.8659,PASS
pt::B00005V619,0.8772,PASS
pt::B00005Y3OM,0.7770,PASS
pt::B00005Y4QP,0.8724,PASS
pt::B0000633EO,0.8815,PASS
pt::B000063EKP,0.8690,PASS
pt::B0000642RX,0.8408,PASS
pt::B0000645C9,0.8724,PASS
pt::B00006484F,0.8393,PASS
pt::B0000658CD,0.8660,PASS
pt::B0000658CG,0.8786,PASS
pt::B0000659UN,0.8753,PASS
pt::B000066E70,0.8760,PASS
pt::B000067DKB,0.8851,PASS
pt::B000067RMT,0.8406,PASS
pt::B000068DB8,0.8625,PASS
pt::B000068MGO,0.8547,PASS
pt::B000068OJM,0.8830,PASS
pt::B000069092,0.8866,PASS
pt::B000069K98,0.5917,RETRY
pt::B00006B7HB,0.8067,PASS
pt::B00006B85B,0.8578,PASS
pt::B00006DY6J,0.8017,PASS
pt::B00006HCCS,0.8706,PASS
pt::B00006HOGN,0.8620,PASS
pt::B00006HXF4,0.8604,PASS
pt::B00006HXJ6,0.8505,PASS
pt::B00006HXRA,0.8437,PASS
pt::B00006HYKM,0.8216,PASS
pt::B00006HYPV,0.8058,PASS
pt::B00006HYWR,0.8694,PASS
pt::B00006IJO4,0.8437,PASS
pt::B00006IR39,0.8855,PASS
pt::B00006JN3G,0.8134,PASS
pt::B00006JQQ6,0.8735,PASS
pt::B00006L9CT,0.8691,PASS
pt::B00006OLCT,0.8239,PASS
pt::B00006RSJ1,0.8122,PASS
pt::B00006RSK5,0.8050,PASS
pt::B00006RU4L,0.8639,PASS
pt::B00006RYUX,0.8802,PASS
pt::B000071NY3,0.8660,PASS
pt::B00007B6L5,0.8608,PASS
pt::B00007E8YT,0.8659,PASS
pt::B00007EDZG,0.8636,PASS
pt::B00007FSB9,0.8810,PASS
pt::B00007K3A3,0.8506,PASS
pt::B00007KDX5,0.8369,PASS
pt::B000083DY0,0.8670,PASS
pt::B000083K9F,0.8468,PASS
pt::B000085BBN,0.8648,PASS
pt::B000087BXU,0.8732,PASS
pt::B000087HWM,0.8837,PASS
pt::B000087KY5,0.8861,PASS
pt::B000088NO8,0.8239,PASS
pt::B00008I9K8,0.7913,PASS
pt::B00008IP4W,0.8480,PASS
pt::B00008IP5R,0.8835,PASS
pt::B00008IP5S,0.8862,PASS
pt::B00008L3HH,0.7914,PASS
pt::B00008N6X4,0.8700,PASS
pt::B00008OE43,0.8789,PASS
pt::B00008OE6I,0.8881,PASS
pt::B00008PVXA,0.8767,PASS
pt::B00008VFCS,0.8606,PASS
pt::B00008W7LL,0.8582,PASS
pt::B00008WFVI,0.8163,PASS
pt::B00008ZPNR,0.8443,PASS
pt::B000092M1T,0.7821,PASS
pt::B000092YQW,0.8632,PASS
pt::B00009J5W0,0.8730,PASS
pt::B00009K7ES,0.8760,PASS
pt::B00009LI6N,0.8349,PASS
pt::B00009MDBY,0.8102,PASS
pt::B00009NFEP,0.8449,PASS
pt::B00009Q96Z,0.8511,PASS
pt::B00009QSET,0.8693,PASS
pt::B00009RL1W,0.8531,PASS
pt::B00009RL1X,0.8674,PASS
pt::B00009UT28,0.7565,PASS
pt::B00009V3L6,0.7557,PASS
pt::B00009VSG6,0.8842,PASS
pt::B00009VSIM,0.8825,PASS
pt::B00009VT1T,0.8862,PASS
pt::B00009X6PH,0.8094,PASS
pt::B00009YDPM,0.8770,PASS
pt::B0000A0AJH,0.8756,PASS
pt::B0000A2QAD,0.8284,PASS
pt::B0000AAAYY,0.8769,PASS
pt::B0000AH5N1,0.8092,PASS
pt::B0000AJI8M,0.8664,PASS
pt::B0000AOWWM,0.8820,PASS
pt::B0000APSKB,0.8791,PASS
pt::B0000AQFZ9,0.7989,PASS
pt::B0000B35CK,0.8300,PASS
pt::B0000BZG0P,0.8716,PASS
pt::B0000C4E4S,0.8898,PASS
pt::B0000C8817,0.8791,PASS
pt::B0000CEJUO,0.8780,PASS
pt::B0000CEOYI,0.8735,PASS
pt::B0000CH58M,0.8888,PASS
pt::B0000DBJTZ,0.8680,PASS
pt::B0000DBJV5,0.8685,PASS
pt::B0000DIFGJ,0.8498,PASS
pt::B0000EI9VR,0.8468,PASS
pt::B0000EW9M8,0.5709,RETRY
pt::B0000T1R4O,0.8791,PASS
pt::B0000UUXB6,0.8756,PASS
pt::B0000VD3LC,0.8736,PASS
pt::B0000X0VCY,0.6997,RETRY
pt::B000117DF8,0.8653,PASS
pt::B000117DGW,0.8659,PASS
pt::B00015GYU4,0.8407,PASS
pt::B0001A06GW,0.8667,PASS
pt::B0001A99LA,0.8720,PASS
pt::B0001AU6H6,0.8833,PASS
pt::B0001BRITE,0.8470,PASS
pt::B0001D56UK,0.6322,RETRY
pt::B0001DB6LS,0.8029,PASS
pt::B0001DBEJC,0.6128,RETRY
pt::B0001DYXOU,0.8561,PASS
pt::B0001F22PA,0.8759,PASS
pt::B0001FV35U,0.8667,PASS
pt::B0001FV364,0.8584,PASS
pt::B0001G0FFI,0.8770,PASS
pt::B0001G0FFS,0.8818,PASS
pt::B0001G0FGW,0.8770,PASS
pt::B0001G6U5M,0.8569,PASS
pt::B0001G6U5W,0.8553,PASS
pt::B0001G6U9I,0.8562,PASS
pt::B0001H4BMU,0.5985,RETRY
pt::B0001IXUEY,0.8349,PASS
pt::B0001MAB06,0.8445,PASS
pt::B0001MHL0Y,0.8838,PASS
pt::B0001MKU2U,0.8155,PASS
pt::B0001MKU52,0.8824,PASS
pt::B0001MVKO2,0.7370,PASS
pt::B0001P4V36,0.8419,PASS
pt::B0001VWJIY,0.8222,PASS
pt::B0001WV6W8,0.8491,PASS
pt::B0001WV6YQ,0.8792,PASS
pt::B0001YYNMQ,0.8723,PASS
pt::B000204SWE,0.8647,PASS
pt::B00020KPB2,0.8857,PASS
pt::B00021Z98A,0.8752,PASS
pt::B00022TNF4,0.8370,PASS
pt::B000233T80,0.8377,PASS
pt::B000233YDK,0.8712,PASS
pt::B00023CDL4,0.8666,PASS
pt::B00026IN1U,0.8778,PASS
pt::B00028DM96,0.8627,PASS
pt::B0002AZNKA,0.8769,PASS
pt::B0002DG0OA,0.8606,PASS
pt::B0002DV9DM,0.8699,PASS
pt::B0002IG34W,0.8845,PASS
pt::B0002IWC9C,0.8540,PASS
pt::B0002J6Z6W,0.8805,PASS
pt::B0002KQR3M,0.8640,PASS
pt::B0002LHSFW,0.7635,PASS
pt::B0002MRO2S,0.8683,PASS
pt::B0002MSTW2,0.8624,PASS
pt::B0002OZXHO,0.8829,PASS
pt::B0002PSINY,0.8334,PASS
pt::B0002QWU3W,0.8743,PASS
pt::B0002T3UPG,0.8657,PASS
pt::B0002TA96Y,0.8602,PASS
pt::B0002UE9WI,0.5321,RETRY
pt::B0002X7V48,0.8423,PASS
pt::B0002XQJFA,0.8500,PASS
pt::B0002Y22VE,0.8803,PASS
pt::B0002Y6DGO,0.8845,PASS
pt::B0002Z4572,0.8394,PASS
pt::B0002ZA7I8,0.8835,PASS
pt::B000636JD8,0.8129,PASS
pt::B00066EK40,0.8204,PASS
pt::B00067M5O6,0.8049,PASS
pt::B00067TTY0,0.8779,PASS
pt::B0006ZBHWY,0.8536,PASS
pt::B0007GIXQU,0.8877,PASS
pt::B0007IOYU2,0.8737,PASS
pt::B0007KQWD2,0.8854,PASS
pt::B0007KQWF0,0.8606,PASS
pt::B0007MU1J6,0.8821,PASS
pt::B0007P4G4Y,0.8566,PASS
pt::B0007QKMQY,0.8322,PASS
pt::B0007XO79U,0.8680,PASS
pt::B0007XXU2K,0.8765,PASS
pt::B00081NX5K,0.7284,PASS
pt::B00083JQY0,0.8397,PASS
pt::B00083LJ5Y,0.8349,PASS
pt::B0009E3T14,0.8256,PASS
pt::B0009I4VE4,0.8321,PASS
pt::B0009K9Q2E,0.8528,PASS
pt::B0009Q4W9A,0.8694,PASS
pt::B0009RGLSE,0.8242,PASS
pt::B0009RKL5S,0.6575,RETRY
pt::B0009ST7DY,0.7391,PASS
pt::B000A2K3Y6,0.8589,PASS
pt::B000ACAWZ6,0.8781,PASS
pt::B000ACHVVE,0.8127,PASS
pt::B000ALAFYU,0.8688,PASS
pt::B000ANF8GS,0.8492,PASS
pt::B000AV14M2,0.8450,PASS
pt::B000B8UOTS,0.8827,PASS
pt::B000BI2180,0.8026,PASS
pt::B000BJUP00,0.8416,PASS
pt::B000BKN2Y0,0.8239,PASS
pt::B000BM6Z60,0.8743,PASS
pt::B000DZDQ26,0.8671,PASS
pt::B000DZFTZS,0.8672,PASS
pt::B000DZMC3K,0.8663,PASS
pt::B000EJVWGS,0.8820,PASS
pt::B000EN62YG,0.8731,PASS
pt::B000EP1IKW,0.8545,PASS
pt::B000ETVKHE,0.8826,PASS
pt::B000FH658O,0.8167,PASS
pt::B000FVCOGW,0.8730,PASS
pt::B000GBO9IM,0.8195,PASS
pt::B000I62WVQ,0.8606,PASS
pt::B000IALP88,0.8857,PASS
pt::B000IGGCCG,0.8503,PASS
pt::B000J34TPK,0.8676,PASS
pt::B000LXVM7G,0.8859,PASS
pt::B000M4J2OO,0.8834,PASS
pt::B000N99BBC,0.8728,PASS
pt::B000NDA4J6,0.8618,PASS
pt::B000Q8621C,0.8506,PASS
pt::B000S11K5U,0.8840,PASS
pt::B000TG4BA0,0.8739,PASS
pt::B000V4VGAI,0.8390,PASS
pt::B000V6GQCE,0.8432,PASS
pt::B000VB5MZG,0.8516,PASS
pt::B000WKPHI8,0.8618,PASS
pt::B000WKTG76,0.5280,RETRY
pt::B000WP2RC2,0.8780,PASS
pt::B0013FSKSA,0.8677,PASS
pt::B0014IUWU0,0.8681,PASS
pt::B0014L4ZKK,0.8469,PASS
pt::B001ELJ9QK,0.8399,PASS
pt::B001F0QS9G,0.7435,PASS
pt::B001LK6XFY,0.8713,PASS
pt::B001SEQPJ2,0.8802,PASS
pt::B0021L9C0A,0.8841,PASS
pt::B0028Y4CWI,0.7183,PASS
pt::B002BW6DBU,0.8733,PASS
pt::B002D5DWZU,0.8474,PASS
pt::B002DPLY00,0.8803,PASS
pt::B002FL507A,0.8366,PASS
pt::B002HWRK66,0.8351,PASS
pt::B002JPITXY,0.8861,PASS
pt::B002JSQ96K,0.5997,RETRY
pt::B002NP8XJ0,0.8745,PASS
pt::B002NPCK1W,0.8639,PASS
pt::B002PY7LM4,0.8695,PASS
pt::B002SOKFNS,0.8678,PASS
pt::B002TLSOGK,0.8456,PASS
pt::B002TOJXK8,0.7536,PASS
pt::B002VPE1XY,0.8673,PASS
pt::B002YCIN9W,0.8834,PASS
pt::B0036Q7MV0,0.8599,PASS
pt::B0036SHAVK,0.8621,PASS
pt::B0038JED6W,0.8646,PASS
pt::B0038KN114,0.8745,PASS
pt::B003FMVPFY,0.8394,PASS
pt::B003TOWYZ8,0.8510,PASS
pt::B003WJR69E,0.8768,PASS
pt::B0041O42BE,0.8769,PASS
pt::B0045XAIFU,0.8679,PASS
pt::B004HW7KF0,0.8826,PASS
pt::B004LB4S8E,0.8792,PASS
pt::B004MF34S4,0.8639,PASS
pt::B004RO9L50,0.8665,PASS
pt::B004ZP74JG,0.8595,PASS
pt::B0051GN9JC,0.8550,PASS
pt::B0054YF0C0,0.8756,PASS
pt::B005CT56F8,0.7893,PASS
pt::B005EWB3YG,0.7982,PASS
pt::B005RIHIV4,0.7812,PASS
pt::B005X64M2S,0.8189,PASS
pt::B006K551LM,0.8781,PASS
pt::B006TF37H8,0.8724,PASS
pt::B007IFO2B8,0.8661,PASS
pt::B007WVA2PI,0.8586,PASS
pt::B008KSJQW2,0.8645,PASS
pt::B008M11XPA,0.8820,PASS
pt::B008V63D3Q,0.8629,PASS
pt::B0096T7TQE,0.8695,PASS
pt::B009IKCHWM,0.8836,PASS
pt::B00004SABB,0.8374,PASS
pt::B00006I5O0,0.8548,PASS
pt::B00007FGU7,0.7843,PASS
pt::B00008OE46,0.8836,PASS
pt::B00009W44B,0.8724,PASS
pt::B0000UV2AW,0.8595,PASS
pt::B000165AS0,0.8309,PASS
pt::B0001FTVEA,0.8513,PASS
pt::B0001FV36E,0.8377,PASS
pt::B00022OCCI,0.4462,RETRY
pt::B000233WJ6,0.8193,PASS
pt::B0002HA7FY,0.8450,PASS
pt::B0002IQ1F8,0.6979,RETRY
pt::B0002QYS8W,0.6985,RETRY
pt::B0002QYSA0,0.7007,PASS
pt::B0002SAE56,0.8393,PASS
pt::B0002YE686,0.8495,PASS
pt::B00062QY5W,0.8752,PASS
pt::B000792SA4,0.8009,PASS
pt::B0007M3PJY,0.8452,PASS
pt::B0007MWE1E,0.7618,PASS
pt::B0007MWE28,0.7960,PASS
pt::B000855034,0.7758,PASS
pt::B0008D5FRW,0.8427,PASS
pt::B0009KUHLI,0.8200,PASS
pt::B0009MX5R4,0.7604,PASS
pt::B0009MZ9UA,0.7927,PASS
pt::B0009MZ9UK,0.7522,PASS
pt::B0009N5MCY,0.8866,PASS
pt::B0009RKL6M,0.6843,RETRY
pt::B000ACGE3U,0.7848,PASS
pt::B000ALM3RC,0.8313,PASS
pt::B000B5TXQQ,0.7138,PASS
pt::B000B69WVG,0.8585,PASS
pt::B000BO3CW8,0.8396,PASS
pt::B000E1HXL4,0.8725,PASS
pt::B000ERAON2,0.7529,PASS
pt::B000EU0880,0.8498,PASS
pt::B000F9YN22,0.7443,PASS
pt::B000FVDD30,0.5957,RETRY
pt::B000GC57E6,0.7729,PASS
pt::B000GZ09YQ,0.8409,PASS
pt::B000H0QIDG,0.3966,RETRY
pt::B000HPZ97W,0.6576,RETRY
pt::B000I1ZWRC,0.8551,PASS
pt::B000IDWDKO,0.8758,PASS
pt::B000IK5XWW,0.8813,PASS
pt::B000JE7GPY,0.8365,PASS
pt::B000MS6WMK,0.8667,PASS
pt::B000O8WE66,0.8565,PASS
pt::B000OX1WD2,0.8662,PASS
pt::B000P6J67C,0.7954,PASS
pt::B000P6U6NU,0.7354,PASS
pt::B000TQ49WU,0.8451,PASS
pt::B000U0JYZ2,0.7035,PASS
pt::B000UXDHNY,0.8789,PASS
pt::B000V4TMEU,0.6091,RETRY
pt::B000VOU91U,0.8509,PASS
pt::B000VZX5R4,0.8661,PASS
pt::B000W6POQW,0.8158,PASS
pt::B000ZSUQ9M,0.7642,PASS
pt::B00109Y2DQ,0.8481,PASS
pt::B0011NVMO8,0.8532,PASS
pt::B0011ZCDKS,0.8698,PASS
pt::B0012Y6FK2,0.8861,PASS
pt::B0012YA4YK,0.8793,PASS
pt::B00133BAKM,0.6896,RETRY
pt::B00144KS6W,0.8521,PASS
pt::B001542UQW,0.8329,PASS
pt::B0018MEBNG,0.4939,RETRY
pt::B0018VDADE,0.8612,PASS
pt::B001BJLKFS,0.7678,PASS
pt::B001DBRZJY,0.5700,RETRY
pt::B001DQQD6A,0.8647,PASS
pt::B001E1Y5O6,0.8130,PASS
pt::B001GS8FZ2,0.8045,PASS
pt::B001HL0G4G,0.8558,PASS
pt::B001IYS1QM,0.8623,PASS
pt::B001JJRDVU,0.8689,PASS
pt::B001JZFQU4,0.8698,PASS
pt::B001LK8P14,0.8704,PASS
pt::B001NS828K,0.8584,PASS
pt::B001NTGSKI,0.8749,PASS
pt::B001QFYCXO,0.8671,PASS
pt::B001RCTA8I,0.8236,PASS
pt::B001SH2AVQ,0.7376,PASS
pt::B001TH7GSW,0.8426,PASS
pt::B001TUYTZM,0.8517,PASS
pt::B002653KNQ,0.8736,PASS
pt::B0027FGW3K,0.6617,RETRY
pt::B002B4P788,0.8740,PASS
pt::B002BDU6IU,0.8559,PASS
pt::B002BZA54S,0.8681,PASS
pt::B002IC0YLS,0.8765,PASS
pt::B002JSS2NS,0.8610,PASS
pt::B002KG0JMG,0.8638,PASS
pt::B002MPPHKY,0.8790,PASS
pt::B002QEBH7S,0.8817,PASS
pt::B002TOJXNU,0.7659,PASS
pt::B002V88HFE,0.7187,PASS
pt::B002YBWKRY,0.7586,PASS
pt::B0030QUU4M,0.4056,RETRY
pt::B00310PJM0,0.8685,PASS
pt::B0035JJJQY,0.8839,PASS
pt::B0039BPG4C,0.8155,PASS
pt::B003CT5KMO,0.6937,RETRY
pt::B003D8GAA0,0.8726,PASS
pt::B003DWXST2,0.8012,PASS
pt::B003FMUP32,0.8645,PASS
pt::B003WU6KFO,0.8740,PASS
pt::B003YFG12E,0.5954,RETRY
pt::B003ZBZ64Q,0.8633,PASS
pt::B003ZX8AZQ,0.8742,PASS
pt::B0040QE97A,0.8465,PASS
pt::B0041H8PH8,0.8516,PASS
pt::B0041L3JS4,0.8285,PASS
pt::B0041UJVI2,0.8574,PASS
pt::B0044WWLW0,0.8553,PASS
pt::B004AFEYU8,0.7183,PASS
pt::B004DVEW8I,0.7803,PASS
pt::B004FEEZLC,0.8444,PASS
pt::B004I8WH88,0.8527,PASS
pt::B004J3V90Y,0.8391,PASS
pt::B004LY1LJA,0.8601,PASS
pt::B004N625C8,0.8568,PASS
pt::B004R71D0I,0.8141,PASS
pt::B004TF3OWI,0.8493,PASS
pt::B004TU1SX0,0.8702,PASS
pt::B004V71MXW,0.8595,PASS
pt::B004WK3U9W,0.8374,PASS
pt::B004XC6GJ0,0.8657,PASS
pt::B004XZHY34,0.8785,PASS
pt::B004YIZWWU,0.8700,PASS
pt::B0050MM40C,0.7900,PASS
pt::B0053G6GI6,0.8569,PASS
pt::B005755TZY,0.8460,PASS
pt::B005755U0I,0.8396,PASS
pt::B005DEW4BQ,0.8720,PASS
pt::B005DIRI6I,0.8337,PASS
pt::B005E8MVV4,0.8642,PASS
pt::B005HMO6A6,0.8429,PASS
pt::B005HNG266,0.7742,PASS
pt::B005I7X3RC,0.8719,PASS
pt::B005J31BCO,0.8714,PASS
pt::B005LESQKG,0.8616,PASS
pt::B005LIDN14,0.8334,PASS
pt::B005LJQMCK,0.7947,PASS
pt::B005O30LJ8,0.8735,PASS
pt::B005O9YMM4,0.8634,PASS
pt::B005Y4H3YI,0.8065,PASS
pt::B0061GQ7PO,0.8520,PASS
pt::B00622AG6S,0.8762,PASS
pt::B0069RZ1BG,0.8664,PASS
pt::B006MVX5B2,0.8537,PASS
pt::B006NNWZSI,0.8686,PASS
pt::B006U1YUHC,0.8768,PASS
pt::B0074KBLAW,0.6824,RETRY
pt::B0076MBOC8,0.8238,PASS
pt::B0076POAPS,0.8488,PASS
pt::B0078AFGW2,0.8638,PASS
pt::B007G5NNOW,0.8089,PASS
pt::B007M52EXM,0.8811,PASS
pt::B007N4TVRE,0.8524,PASS
pt::B007T9WGMA,0.8639,PASS
pt::B007X3VDU8,0.7399,PASS
pt::B007ZW7YEQ,0.7989,PASS
pt::B0082E9K7U,0.8695,PASS
pt::B0084NQGGC,0.8150,PASS
pt::B0085HOM4K,0.8369,PASS
pt::B0085YTDBA,0.8022,PASS
pt::B008AST7R6,0.8661,PASS
pt::B008EGUIXQ,0.8554,PASS
pt::B008EQQSXA,0.8322,PASS
pt::B008R6WUZC,0.8662,PASS
pt::B008VOPC1O,0.8489,PASS
pt::B008YQR8IY,0.8767,PASS
pt::B0090J67DG,0.8437,PASS
pt::B0092YMZJY,0.6958,RETRY
pt::B0093AO7TS,0.8484,PASS
pt::B00946XHI8,0.8277,PASS
pt::B009G5T9LG,0.8625,PASS
pt::B00011KM38,0.7692,PASS
pt::B00013R0OU,0.6816,RETRY
pt::B0003QIXBY,0.8025,PASS
pt::B00066EK2W,0.8833,PASS
pt::B0009NZ6M0,0.6538,RETRY
pt::B000BFNT0W,0.8812,PASS
pt::B000BQ7GW8,0.8696,PASS
pt::B000JJM7S0,0.8726,PASS
pt::B000JLP5UK,0.8630,PASS
pt::B000RQSGYO,0.8814,PASS
pt::B000T8YM3Y,0.7615,PASS
pt::B000V9D5LG,0.8505,PASS
pt::B000WG3ZU4,0.8012,PASS
pt::B000XMM1FW,0.7756,PASS
pt::B000XRW09Y,0.8765,PASS
pt::B0012Y6HC8,0.8602,PASS
pt::B0013G8PTS,0.8293,PASS
pt::B0015L4XFQ,0.7804,PASS
pt::B0015TJNEY,0.8348,PASS
pt::B00192EUFY,0.8282,PASS
pt::B0019RGQVU,0.8219,PASS
pt::B0019Y8AAI,0.8760,PASS
pt::B001B8EOMU,0.7328,PASS
pt::B001EZRJZE,0.8442,PASS
pt::B001FN14RE,0.8445,PASS
pt::B001IF252M,0.8552,PASS
pt::B001JX11S2,0.8222,PASS
pt::B001U0O5QE,0.8035,PASS
pt::B001WAK6H4,0.8582,PASS
pt::B001WGX15W,0.8159,PASS
pt::B002BC32OG,0.7729,PASS
pt::B002DJV83Y,0.3857,RETRY
pt::B002G1YPPW,0.7284,PASS
pt::B002HK5AW4,0.8406,PASS
pt::B002JCSCYS,0.8267,PASS
pt::B002K40R6G,0.7372,PASS
pt::B002K9IHGI,0.8077,PASS
pt::B002LITT6U,0.8757,PASS
pt::B002N17ZSE,0.7940,PASS
pt::B002Q8IHDQ,0.7612,PASS
pt::B002QQ8AJY,0.8481,PASS
pt::B002TIU34Y,0.8498,PASS
pt::B002TLT6U8,0.6716,RETRY
pt::B002U1N95K,0.8370,PASS
pt::B00304DZ7I,0.7942,PASS
pt::B0032GTLH2,0.8034,PASS
pt::B0035FZJHQ,0.8549,PASS
pt::B003BERYLA,0.8098,PASS
pt::B003CGOTJW,0.7999,PASS
pt::B003DKAGZS,0.8454,PASS
pt::B003FGH2TI,0.8762,PASS
pt::B003FMUP3W,0.8752,PASS
pt::B003HHK576,0.8285,PASS
pt::B003M0NT1M,0.8410,PASS
pt::B003OBXHPC,0.7339,PASS
pt::B003V811XS,0.8604,PASS
pt::B003VSTDFG,0.8551,PASS
pt::B003WU9MVS,0.7046,PASS
pt::B003WUBIZQ,0.8512,PASS
pt::B003XIJ3MW,0.8096,PASS
pt::B003ZX8B2S,0.8804,PASS
pt::B004444O5U,0.8713,PASS
pt::B0044YMQIW,0.8219,PASS
pt::B0046HAO40,0.8771,PASS
pt::B0047ZH0B6,0.8580,PASS
pt::B004CLY5B8,0.8665,PASS
pt::B004DI7CWE,0.8633,PASS
pt::B004GW25WY,0.8263,PASS
pt::B004H8FNJ4,0.8446,PASS
pt::B004P7GAPI,0.8440,PASS
pt::B004R7A9NU,0.8704,PASS
pt::B004VG6LDE,0.8608,PASS
pt::B004X086LS,0.8005,PASS
pt::B004X68JPK,0.8552,PASS
pt::B004XANKWI,0.8621,PASS
pt::B004XQWGHW,0.8610,PASS
pt::B004XQWIIO,0.7926,PASS
pt::B004XVN17G,0.8431,PASS
pt::B0052D38U4,0.8759,PASS
pt::B0052D38UO,0.8748,PASS
pt::B0056E49MK,0.8454,PASS
pt::B005DSPL9E,0.7408,PASS
pt::B005FVDTAW,0.8744,PASS
pt::B005FVNHBI,0.8621,PASS
pt::B005M1777G,0.8204,PASS
pt::B005NGKR54,0.8388,PASS
pt::B005ONMDYE,0.8736,PASS
pt::B005QX7KYU,0.8486,PASS
pt::B0063705PE,0.6862,RETRY
pt::B0067TQQI8,0.8454,PASS
pt::B006FNCWSY,0.8645,PASS
pt::B006W8U2MU,0.8535,PASS
pt::B006YLYYZ6,0.8468,PASS
pt::B00752R4S2,0.8667,PASS
pt::B0077JAEI0,0.7560,PASS
pt::B007CRWQ0Q,0.7771,PASS
pt::B007CRWQ74,0.8603,PASS
pt::B007M4Z60Q,0.8650,PASS
pt::B007X3DAMM,0.8602,PASS
pt::B007X3VEX4,0.8792,PASS
pt::B0088CJT4U,0.8521,PASS
pt::B008ET9VY0,0.8719,PASS
pt::B008RDI0TU,0.8553,PASS
pt::B008U3038I,0.8298,PASS
pt::B0091D44EK,0.8756,PASS
pt::B0092HP3EA,0.7105,PASS
pt::B0093H4VSS,0.8788,PASS
pt::B0093H4WT6,0.8849,PASS
pt::B009LB2V3I,0.7500,PASS
pt::B00004Z5PY,0.8174,PASS
pt::B00005108H,0.7413,PASS
pt::B000067RT6,0.6038,RETRY
pt::B000067SG2,0.6380,RETRY
pt::B000068MP2,0.8834,PASS
pt::B00006B8JX,0.7681,PASS
pt::B00006HQR8,0.5966,RETRY
pt::B00006HSML,0.6994,RETRY
pt::B00007IFED,0.8464,PASS
pt::B00009W3U4,0.8396,PASS
pt::B0000ACKR1,0.8091,PASS
pt::B00016W66Y,0.6823,RETRY
pt::B0002A9U7M,0.8741,PASS
pt::B0002DODYO,0.8279,PASS
pt::B0002IYOKM,0.8641,PASS
pt::B0002WPREU,0.7488,PASS
pt::B0002WPSB2,0.8668,PASS
pt::B0006I1TRY,0.8368,PASS
pt::B0007IANK2,0.5691,RETRY
pt::B0007LI13U,0.7106,PASS
pt::B0007RV3IE,0.8397,PASS
pt::B0007UVRVO,0.8621,PASS
pt::B00080DSEM,0.8894,PASS
pt::B0009ZBRS0,0.8584,PASS
pt::B000A6LSKU,0.8299,PASS
pt::B000A6PPOK,0.8712,PASS
pt::B000ES6KPM,0.8616,PASS
pt::B000FHQTNU,0.7914,PASS
pt::B000GDAY6Q,0.8716,PASS
pt::B000GFWFY8,0.8680,PASS
pt::B000H51GA6,0.8709,PASS
pt::B000IE8Z4Q,0.8761,PASS
pt::B000IF51UQ,0.7832,PASS
pt::B000J01I1G,0.8717,PASS
pt::B000KACXRS,0.8607,PASS
pt::B000MTDWD6,0.8640,PASS
pt::B000NSGYH2,0.8831,PASS
pt::B000ONZTMW,0.7908,PASS
pt::B000OW3524,0.8829,PASS
pt::B000PQJGFO,0.8343,PASS
pt::B000Q82PIQ,0.7861,PASS
pt::B000R9PXE2,0.6732,RETRY
pt::B000RO7H1O,0.8407,PASS
pt::B000SKU94E,0.8790,PASS
pt::B000SSUHO8,0.7444,PASS
pt::B000UO6C5S,0.8567,PASS
pt::B000V1JUIG,0.7076,PASS
pt::B000W6O08A,0.8777,PASS
pt::B000WXXXMM,0.8491,PASS
pt::B000X24ISU,0.8608,PASS
pt::B000ZEE5VG,0.8653,PASS
pt::B0011F19CG,0.8755,PASS
pt::B0011UPBMA,0.8579,PASS
pt::B00123V6PW,0.8786,PASS
pt::B00126T6HO,0.8452,PASS
pt::B00127OUZQ,0.8632,PASS
pt::B0012JHY7K,0.8605,PASS
pt::B0015IMZVS,0.8531,PASS
pt::B0015LULIY,0.8751,PASS
pt::B0015YJOK2,0.7928,PASS
pt::B0016E5X5Q,0.6815,RETRY
pt::B0017UG7Y0,0.8796,PASS
pt::B0019M7WEK,0.8820,PASS
pt::B0019M9ENC,0.8824,PASS
pt::B001A5V1K2,0.8630,PASS
pt::B001ACXHXE,0.8530,PASS
pt::B001AGM2VI,0.8166,PASS
pt::B001BHOU8Y,0.8388,PASS
pt::B001C271MA,0.8514,PASS
pt::B001C4ETU0,0.8858,PASS
pt::B001CLYM6Y,0.7372,PASS
pt::B001CVM9KA,0.6510,RETRY
pt::B001DCGLY8,0.8742,PASS
pt::B001DNZ1P2,0.8736,PASS
pt::B001ECKSFA,0.8563,PASS
pt::B001FB6PO8,0.8326,PASS
pt::B001GS8G24,0.8441,PASS
pt::B001HSOFI2,0.8881,PASS
pt::B001IAYUM0,0.8666,PASS
pt::B001K7IBN0,0.8448,PASS
pt::B001L4A76G,0.8451,PASS
pt::B001MS0OKU,0.8319,PASS
pt::B001MSF1FI,0.8676,PASS
pt::B001OOZ1X2,0.8375,PASS
pt::B001PN37LA,0.8627,PASS
pt::B001QTXLO6,0.8455,PASS
pt::B001U0O7IA,0.7598,PASS
pt::B001UHOX28,0.8609,PASS
pt::B001UI2FPE,0.7940,PASS
pt::B001V738V4,0.8639,PASS
pt::B001V79KNE,0.8648,PASS
pt::B0023RRRBS,0.8361,PASS
pt::B0025ZH43O,0.8920,PASS
pt::B002CFSTRC,0.8218,PASS
pt::B002FB5HD2,0.8663,PASS
pt::B002HFWBIA,0.8530,PASS
pt::B002HWRJBC,0.8621,PASS
pt::B002HWRJBM,0.8735,PASS
pt::B002KQ5KVG,0.8819,PASS
pt::B002MMY4WY,0.8820,PASS
pt::B002O0KM3O,0.8158,PASS
pt::B002O6WKIS,0.8451,PASS
pt::B002OGMNT4,0.8853,PASS
pt::B002Q3L1ZC,0.8418,PASS
pt::B002TG3NFC,0.8079,PASS
pt::B00317C0DO,0.8635,PASS
pt::B00328HR76,0.8653,PASS
pt::B0033160U2,0.8721,PASS
pt::B00347L6I6,0.8307,PASS
pt::B0035FZ11K,0.7174,PASS
pt::B0035PS57C,0.7597,PASS
pt::B0038L54ZO,0.6966,RETRY
pt::B003BGB7ES,0.7058,PASS
pt::B003GAMO7S,0.8518,PASS
pt::B003TFO82E,0.8718,PASS
pt::B003WO7MZC,0.8439,PASS
pt::B003X26PMO,0.7449,PASS
pt::B003XE3X8Q,0.8617,PASS
pt::B003ZX8B1E,0.8710,PASS
pt::B003ZX8B3W,0.8716,PASS
pt::B00419V4L0,0.8508,PASS
pt::B00440D7SE,0.8610,PASS
pt::B004431UBM,0.8795,PASS
pt::B0044DEAT6,0.8423,PASS
pt::B0044XTZV4,0.8556,PASS
pt::B0049WBZEK,0.8339,PASS
pt::B004COKSQG,0.8365,PASS
pt::B004E10KFG,0.8177,PASS
pt::B004EBZZX8,0.8585,PASS
pt::B004HYFX0C,0.8525,PASS
pt::B004L9M4AK,0.8458,PASS
pt::B004NNUEWO,0.8574,PASS
pt::B004OZ59JY,0.8607,PASS
pt::B004Q81CKY,0.8632,PASS
pt::B004SBBD8U,0.8552,PASS
pt::B004SGJCCO,0.8671,PASS
pt::B004TLIVB6,0.8738,PASS
pt::B004X087YY,0.8648,PASS
pt::B0052SCU8U,0.6145,RETRY
pt::B0058N1U12,0.7069,PASS
pt::B005ARQV6U,0.8679,PASS
pt::B005DIBFYE,0.8658,PASS
pt::B005DKZTMG,0.8724,PASS
pt::B005GWQRWM,0.8751,PASS
pt::B005HH32Q0,0.7645,PASS
pt::B005HN5BV8,0.8796,PASS
pt::B005IVUWHW,0.8163,PASS
pt::B005MZU0JY,0.8311,PASS
pt::B005SEZR0G,0.8759,PASS
pt::B0064DEI50,0.7325,PASS
pt::B00652CYPG,0.8742,PASS
pt::B00691WMJG,0.8619,PASS
pt::B006EKIQYM,0.8616,PASS
pt::B006I04AIO,0.6192,RETRY
pt::B006J6G4OU,0.8180,PASS
pt::B006L27EKK,0.8036,PASS
pt::B006L8TX94,0.8846,PASS
pt::B006OZEIKS,0.8517,PASS
pt::B007IZNM1O,0.8383,PASS
pt::B007PJ4Q4A,0.8746,PASS
pt::B008142PTQ,0.8025,PASS
pt::B0082DIZO0,0.8249,PASS
pt::B00836H2BI,0.8816,PASS
pt::B008ALA6DW,0.8646,PASS
pt::B008ALADKI,0.8680,PASS
pt::B008CS5QTW,0.8633,PASS
pt::B008DS0ZWY,0.8687,PASS
pt::B008RWHC0E,0.6818,RETRY
pt::B00904JILO,0.8571,PASS
pt::B0090XWU8S,0.7236,PASS
pt::B0090Z3QG6,0.8723,PASS
pt::B00972M942,0.8391,PASS
pt::B0097BEDOC,0.8868,PASS
pt::B0099F32MK,0.8494,PASS
pt::B009A6CZYY,0.7435,PASS
pt::B009AEPIPE,0.8770,PASS
pt::B009E6J8U4,0.8807,PASS
pt::B009F1I1C4,0.8756,PASS
pt::B009F1INL8,0.6247,RETRY
pt::B009F1IO3K,0.8131,PASS
pt::B009GGS4AW,0.8247,PASS
pt::B009K916ZK,0.8445,PASS
pt::B009KZ4MIC,0.6725,RETRY
pt::B009L946F6,0.8129,PASS
pt::B009NHAEXE,0.8163,PASS
pt::B00004XOM3,0.8493,PASS
pt::B000053HH5,0.8408,PASS
pt::B00005A1K1,0.6870,RETRY
pt::B00005T3C8,0.8399,PASS
pt::B00006B8BS,0.8418,PASS
pt::B00006I53S,0.8371,PASS
pt::B00007GQLU,0.8410,PASS
pt::B00009R6V0,0.8149,PASS
pt::B00009R6WO,0.8359,PASS
pt::B00009R6WW,0.8453,PASS
pt::B00009USW3,0.8457,PASS
pt::B00009XVCZ,0.8408,PASS
pt::B0000EZ1KK,0.8859,PASS
pt::B000AZ57M6,0.8382,PASS
pt::B000EHUE7I,0.8653,PASS
pt::B000FBK3QK,0.7789,PASS
pt::B000I1X3W8,0.8546,PASS
pt::B000JLI4Q2,0.8192,PASS
pt::B000NMKHW6,0.8735,PASS
pt::B000T9251O,0.7692,PASS
pt::B000TTTJ36,0.8218,PASS
pt::B000V1R96Q,0.8516,PASS
pt::B000W8JFPG,0.8530,PASS
pt::B000WH83AA,0.8691,PASS
pt::B0011NPHWQ,0.8599,PASS
pt::B0012JO7S4,0.8665,PASS
pt::B00140DBRY,0.7050,PASS
pt::B00142MUEM,0.8797,PASS
pt::B0015EWMX8,0.4491,RETRY
pt::B0015IL57I,0.7114,PASS
pt::B001AMSPYU,0.8230,PASS
pt::B001BKND5W,0.8365,PASS
pt::B001BRXW74,0.8049,PASS
pt::B001CE5LNY,0.8461,PASS
pt::B001DTJYYK,0.7864,PASS
pt::B001ELK2NY,0.8690,PASS
pt::B001FWBUUG,0.8681,PASS
pt::B001G5ZTLS,0.8097,PASS
pt::B001GAOYCS,0.8736,PASS
pt::B001LYPNFQ,0.8703,PASS
pt::B001NPEB5Q,0.8250,PASS
pt::B001VEIYAC,0.8782,PASS
pt::B00284ALF0,0.8769,PASS
pt::B002B3YCQM,0.8798,PASS
pt::B002J9HBIO,0.7990,PASS
pt::B002K9GCU6,0.8464,PASS
pt::B002M78EA2,0.8790,PASS
pt::B002MAPRYU,0.8792,PASS
pt::B002MCZ2L6,0.8813,PASS
pt::B002NEGTSI,0.8323,PASS
pt::B002NU5UW8,0.4750,RETRY
pt::B002RM08RE,0.8846,PASS
pt::B002TLH4OI,0.8140,PASS
pt::B002VPE1WK,0.8071,PASS
pt::B002WE6D44,0.8648,PASS
pt::B002XVUTPK,0.7987,PASS
pt::B0037LQY7M,0.8742,PASS
pt::B0039XRUBM,0.8240,PASS
pt::B003AVMBYO,0.8268,PASS
pt::B003E2VHMQ,0.7853,PASS
pt::B003ELOSIW,0.8695,PASS
pt::B003H3NH5W,0.8642,PASS
pt::B003XFWSU4,0.8738,PASS
pt::B003XN24GY,0.8611,PASS
pt::B0041D8G4O,0.8273,PASS
pt::B0042A8CW2,0.8466,PASS
pt::B0049H8W1Y,0.8665,PASS
pt::B004GCJEZU,0.8623,PASS
pt::B004HKJTTC,0.8498,PASS
pt::B004HW7KDC,0.8822,PASS
pt::B004I5FL1G,0.8575,PASS
pt::B004IA6N5Y,0.8780,PASS
pt::B004IK2EAW,0.8588,PASS
pt::B004IKAPOO,0.8578,PASS
pt::B004JHVJ5A,0.8524,PASS
pt::B004QJ9JLW,0.7625,PASS
pt::B004YRUDKM,0.8634,PASS
pt::B004ZF0Q28,0.8721,PASS
pt::B0053T4PHC,0.8712,PASS
pt::B005450ZUG,0.8620,PASS
pt::B0054L8N7M,0.8723,PASS
pt::B0055D66V4,0.7510,PASS
pt::B005YR0X4W,0.8756,PASS
pt::B005Z2TG9Y,0.8411,PASS
pt::B006I9ZHOG,0.8383,PASS
pt::B006MA9XXM,0.8581,PASS
pt::B006OM75I8,0.8252,PASS
pt::B0078PV6OO,0.7777,PASS
pt::B00894YWD0,0.8550,PASS
pt::B008BH5D6K,0.8836,PASS
pt::B008DHS1K8,0.8342,PASS
pt::B008M3F5UC,0.7858,PASS
pt::B008MTN9MM,0.8153,PASS
pt::B008O515CK,0.8520,PASS
pt::B0095P2F1S,0.8669,PASS
pt::B009A68TMQ,0.8468,PASS
pt::B009C5VSFU,0.7865,PASS
pt::B00000JGNB,0.8635,PASS
pt::B00004TWM6,0.8733,PASS
pt::B00005B6YF,0.8815,PASS
pt::B00005BC0K,0.8647,PASS
pt::B000062VUO,0.8791,PASS
pt::B0000659A7,0.8778,PASS
pt::B00006RVNS,0.7191,PASS
pt::B00007DX3I,0.8696,PASS
pt::B00007KDVI,0.8445,PASS
pt::B0000898TE,0.8653,PASS
pt::B000092OWG,0.8645,PASS
pt::B00009W3TZ,0.7808,PASS
pt::B0000DCW2V,0.8267,PASS
pt::B00013M6NK,0.8771,PASS
pt::B0001M47F6,0.8716,PASS
pt::B00022TNHM,0.8709,PASS
pt::B0002MKBI2,0.8495,PASS
pt::B0002Q7TME,0.8676,PASS
pt::B00064V6SK,0.8204,PASS
pt::B0007KQWE6,0.8845,PASS
pt::B0007KQWEQ,0.8853,PASS
pt::B0007Y79AI,0.8824,PASS
pt::B0009GUDVQ,0.8818,PASS
pt::B0009KMSL0,0.8593,PASS
pt::B000BMAL10,0.8829,PASS
pt::B000BSJDZE,0.8429,PASS
pt::B000CRFI8A,0.7955,PASS
pt::B000CSP8IO,0.8732,PASS
pt::B000F3DYUU,0.8457,PASS
pt::B000FFIJRQ,0.8590,PASS
pt::B000FNDWLQ,0.8090,PASS
pt::B000HCGAFK,0.8743,PASS
pt::B000HLZXH2,0.8264,PASS
pt::B000HS3O2G,0.8036,PASS
pt::B000IF4788,0.8587,PASS
pt::B000JLG5ZY,0.8398,PASS
pt::B000K2NWYE,0.7376,PASS
pt::B000MIDIE0,0.8513,PASS
pt::B000ND74L2,0.8101,PASS
pt::B000OFW65I,0.7456,PASS
pt::B000PDR230,0.8526,PASS
pt::B000PQL7AQ,0.6516,RETRY
pt::B000U6XE7U,0.8780,PASS
pt::B000UHE8Y2,0.8803,PASS
pt::B000UHQVOW,0.7711,PASS
pt::B000UZN2ZK,0.8113,PASS
pt::B000V4VGBM,0.8372,PASS
pt::B000VJRUKS,0.8333,PASS
pt::B000VJRV2K,0.7639,PASS
pt::B000W9DO7U,0.8604,PASS
pt::B000WS204Y,0.8619,PASS
pt::B000YTTFWQ,0.8158,PASS
pt::B000ZLSWJ0,0.8793,PASS
pt::B0010WG2H2,0.8737,PASS
pt::B0011FOOI2,0.8692,PASS
pt::B0012YSSRK,0.8226,PASS
pt::B0013IWYHU,0.8647,PASS
pt::B001423GZO,0.7903,PASS
pt::B0014H16V0,0.8686,PASS
pt::B0015BUJ0Y,0.8816,PASS
pt::B0018CJ9LA,0.8595,PASS
pt::B00192KCAG,0.8306,PASS
pt::B00198KWLE,0.8609,PASS
pt::B0019FHM9M,0.8692,PASS
pt::B001BER1B0,0.7797,PASS
pt::B001C20816,0.8249,PASS
pt::B001F51G0W,0.8735,PASS
pt::B001NTFATI,0.8663,PASS
pt::B001T9CTRS,0.8176,PASS
pt::B001TH7GT6,0.8144,PASS
pt::B001WYIJL0,0.8767,PASS
pt::B0026T78P8,0.8471,PASS
pt::B0028Y4H0K,0.8373,PASS
pt::B002BDU95A,0.8639,PASS
pt::B002GXIT6Q,0.7866,PASS
pt::B002LLJJAS,0.8759,PASS
pt::B002NU6M5M,0.8147,PASS
pt::B002YVAT72,0.7875,PASS
pt::B00358TPEQ,0.8628,PASS
pt::B0035H7W2E,0.8335,PASS
pt::B0038W0N8G,0.8057,PASS
pt::B003964HD8,0.8712,PASS
pt::B003LSTD3S,0.8777,PASS
pt::B003MAJMXQ,0.8772,PASS
pt::B003NR57BY,0.8815,PASS
pt::B003VAM36K,0.7932,PASS
pt::B003ZSHKIY,0.8741,PASS
pt::B0040FHB6C,0.6615,RETRY
pt::B00462QT5I,0.8703,PASS
pt::B004CETK8S,0.8486,PASS
pt::B004K1EOCA,0.8838,PASS
pt::B004N627KS,0.8621,PASS
pt::B004NBZAI4,0.8049,PASS
pt::B004Q3R9B0,0.8414,PASS
pt::B004QQXDVC,0.8604,PASS
pt::B004VTHKZE,0.8067,PASS
pt::B004W7PHVO,0.8419,PASS
pt::B0052D3750,0.7235,PASS
pt::B0052OZZYK,0.8434,PASS
pt::B0058GK55Q,0.8532,PASS
pt::B005CG2AL4,0.8352,PASS
pt::B005DIQ2OC,0.8704,PASS
pt::B005E7KMH0,0.8671,PASS
pt::B005HMNU44,0.8250,PASS
pt::B005HY4UJ6,0.8602,PASS
pt::B005KDZ8EA,0.8300,PASS
pt::B005L38YX6,0.8765,PASS
pt::B005YUKXGW,0.8337,PASS
pt::B0060DVYW4,0.8608,PASS
pt::B006U3ZIM6,0.8596,PASS
pt::B00703BLCG,0.8256,PASS
pt::B0075SUK14,0.8699,PASS
pt::B0079T722O,0.8729,PASS
pt::B0079T724W,0.8660,PASS
pt::B007PJ4PKK,0.8705,PASS
pt::B0088PPFP4,0.8499,PASS
pt::B008BNO40U,0.8808,PASS
pt::B008KEPX1O,0.8609,PASS
pt::B008MWBY6W,0.8149,PASS
pt::B008YDTRZ4,0.8549,PASS
pt::B0093GIME8,0.8781,PASS
pt::B009NZ6SZE,0.8205,PASS
pt::B00000K135,0.8282,PASS
pt::B000051299,0.8120,PASS
pt::B00009UHXR,0.8455,PASS
pt::B00009UT3F,0.7652,PASS
pt::B0000U19F0,0.8762,PASS
pt::B0001V2N62,0.8669,PASS
pt::B00062GJ8O,0.8621,PASS
pt::B0007LZGD8,0.8526,PASS
pt::B0007MXZB2,0.8253,PASS
pt::B0007QCT0G,0.8768,PASS
pt::B0007S8C7I,0.8767,PASS
pt::B0007Y836W,0.7970,PASS
pt::B0009MIP8I,0.8446,PASS
pt::B000BP50AY,0.8853,PASS
pt::B000BRO3PA,0.7760,PASS
pt::B000ERD6HS,0.8504,PASS
pt::B000HJ75MK,0.8590,PASS
pt::B000K2NWLC,0.7927,PASS
pt::B000M2TAN4,0.4625,RETRY
pt::B000MTUQKS,0.7599,PASS
pt::B000O7K4LO,0.8768,PASS
pt::B000QWEN5K,0.7211,PASS
pt::B000UCZHWO,0.8380,PASS
pt::B000V0IE66,0.8267,PASS
pt::B000VDLA5A,0.7254,PASS
pt::B00102A066,0.8429,PASS
pt::B0010QPX4G,0.8746,PASS
pt::B0010X0IXU,0.4951,RETRY
pt::B0010Z294O,0.8490,PASS
pt::B0013DXVYK,0.8591,PASS
pt::B00166KEG2,0.8545,PASS
pt::B0018KTCIM,0.8729,PASS
pt::B001AAF22K,0.8540,PASS
pt::B001BCC0YA,0.8726,PASS
pt::B001EPX7N2,0.8295,PASS
pt::B001EYV690,0.8304,PASS
pt::B001FA1OHW,0.8792,PASS
pt::B001FWH0A0,0.8674,PASS
pt::B001N2MZZM,0.8750,PASS
pt::B001NEK0PC,0.8732,PASS
pt::B001NJ0D0Y,0.8726,PASS
pt::B001NKXT2C,0.7962,PASS
pt::B001OQC0H0,0.8364,PASS
pt::B001Q3M9D6,0.8321,PASS
pt::B001Q3M9PY,0.8552,PASS
pt::B001UR61Z0,0.8455,PASS
pt::B0025VZFIO,0.8736,PASS
pt::B0026ZPFCK,0.7932,PASS
pt::B00298OEV2,0.8378,PASS
pt::B002R04DMW,0.8557,PASS
pt::B002SZEOLG,0.8552,PASS
pt::B002V8C3W2,0.7073,PASS
pt::B002VPE1YS,0.8792,PASS
pt::B002XN7C6W,0.8857,PASS
pt::B0032OX1N4,0.7592,PASS
pt::B0034CL2ZI,0.8551,PASS
pt::B0036QLHKC,0.6596,RETRY
pt::B0039BPG2E,0.4756,RETRY
pt::B003AM8OXK,0.8818,PASS
pt::B003FMVCRU,0.8077,PASS
pt::B003FSTAFK,0.8883,PASS
pt::B003I4FESI,0.6769,RETRY
pt::B003PJI9II,0.6598,RETRY
pt::B003UDCPEI,0.8330,PASS
pt::B003VAGXZC,0.8647,PASS
pt::B003VAK1G4,0.8100,PASS
pt::B0041OSQB6,0.8388,PASS
pt::B0042X8XQO,0.8479,PASS
pt::B00435PI3W,0.8673,PASS
pt::B0046TEQC4,0.8518,PASS
pt::B00483WRZ6,0.8505,PASS
pt::B004CCS266,0.8042,PASS
pt::B004D9TGG8,0.8588,PASS
pt::B004DDI0IE,0.8117,PASS
pt::B004NO0L4O,0.7527,PASS
pt::B004QJJFXE,0.8322,PASS
pt::B004YM6FFY,0.8712,PASS
pt::B0050IBC5O,0.7302,PASS
pt::B0055QYKQO,0.8504,PASS
pt::B005JZP3CQ,0.7514,PASS
pt::B005OA24PU,0.8408,PASS
pt::B005UAARCG,0.8699,PASS
pt::B005UBNLFK,0.8358,PASS
pt::B0063E3ZPO,0.8210,PASS
pt::B0064VP70W,0.8377,PASS
pt::B006T9B6R2,0.8607,PASS
pt::B007KZQMO6,0.7468,PASS
pt::B0084Z0YJU,0.8521,PASS
pt::B00871SR68,0.7395,PASS
pt::B008RQEEBU,0.8618,PASS
pt::B009FPUBBE,0.8040,PASS
pt::B009NBSLPS,0.8337,PASS
pt::B00001OPJZ,0.8560,PASS
pt::B00005U21H,0.8264,PASS
pt::B000067SNB,0.8233,PASS
pt::B00006I53X,0.8458,PASS
pt::B00009EHJV,0.8845,PASS
pt::B0000ALKBU,0.8446,PASS
pt::B0000BZ2WC,0.8374,PASS
pt::B0000BZL1P,0.7995,PASS
pt::B0001VB1QU,0.5351,RETRY
pt::B0002J1LEI,0.7849,PASS
pt::B00030AXNQ,0.6811,RETRY
pt::B0007DDK7A,0.6927,RETRY
pt::B000BMBT5M,0.6847,RETRY
pt::B000ENUCR4,0.6754,RETRY
pt::B000EXRSVM,0.8467,PASS
pt::B000F1VAYY,0.7821,PASS
pt::B000F8T4AY,0.8510,PASS
pt::B000GBN42E,0.8652,PASS
pt::B000H3B6EO,0.7430,PASS
pt::B000HJ7606,0.6710,RETRY
pt::B000HKDA0U,0.8242,PASS
pt::B000J2V65M,0.8237,PASS
pt::B000JLM50I,0.8184,PASS
pt::B000JV9LUK,0.8604,PASS
pt::B000M4PYKA,0.8603,PASS
pt::B000MF674G,0.8801,PASS
pt::B000O3TGG2,0.8649,PASS
pt::B000P0CTSQ,0.8040,PASS
pt::B000RZDBM2,0.8773,PASS
pt::B000SDLNKA,0.8687,PASS
pt::B000W4TZSC,0.8019,PASS
pt::B000WPDKRI,0.8501,PASS
pt::B000XB4412,0.5976,RETRY
pt::B000XB9GV0,0.7177,PASS
pt::B000YOLUPG,0.8643,PASS
pt::B0012IJYYM,0.8748,PASS
pt::B0012IJYZ6,0.8601,PASS
pt::B0012IJYZQ,0.8725,PASS
pt::B0012MI7N2,0.7558,PASS
pt::B0012R9T0M,0.8543,PASS
pt::B0012WDMNC,0.7791,PASS
pt::B0013J5XZE,0.8619,PASS
pt::B0013K2YMI,0.8100,PASS
pt::B0015YMWYW,0.8282,PASS
pt::B0017SA5ZY,0.8038,PASS
pt::B0017SF1RQ,0.8449,PASS
pt::B0018O77Q2,0.8510,PASS
pt::B0019MT9VE,0.6272,RETRY
pt::B001A834C2,0.7708,PASS
pt::B001AQWLTQ,0.8369,PASS
pt::B001ELJER4,0.8490,PASS
pt::B001F50EHS,0.8445,PASS
pt::B001F51G16,0.7867,PASS
pt::B001F9IKIE,0.6981,RETRY
pt::B001H35TPK,0.7979,PASS
pt::B001KELVS0,0.8541,PASS
pt::B001LQSFKY,0.5923,RETRY
pt::B001MLZKBK,0.5051,RETRY
pt::B001N2789K,0.8557,PASS
pt::B001NEJO1I,0.8733,PASS
pt::B001NXDQD6,0.7457,PASS
pt::B001QWQG22,0.8550,PASS
pt::B001S2RCWI,0.8020,PASS
pt::B001TCHOPW,0.8789,PASS
pt::B001TCJI7E,0.8814,PASS
pt::B001TOD7N8,0.8276,PASS
pt::B001TODUXA,0.8133,PASS
pt::B001TUYQT6,0.8515,PASS
pt::B001UQ6LZQ,0.8745,PASS
pt::B001UQ6PYI,0.8736,PASS
pt::B001W0XZYA,0.8655,PASS
pt::B0021L9BZG,0.8782,PASS
pt::B002C2TJR4,0.8583,PASS
pt::B002FU5QLQ,0.8750,PASS
pt::B002GYPS3M,0.6982,RETRY
pt::B002NEGTTW,0.8199,PASS
pt::B002NU5O8I,0.8736,PASS
pt::B002O0L0GC,0.8551,PASS
pt::B002OEBILU,0.7206,PASS
pt::B002Q88CGI,0.8744,PASS
pt::B002WE0QN8,0.8708,PASS
pt::B00336G7FA,0.8440,PASS
pt::B00336G7MI,0.8676,PASS
pt::B0033PROLW,0.8328,PASS
pt::B0033PRWSW,0.8449,PASS
pt::B0035FZ13I,0.7943,PASS
pt::B0036OR924,0.8745,PASS
pt::B003BLQHN4,0.8543,PASS
pt::B003BYRGJ0,0.8545,PASS
pt::B003CVOK28,0.8267,PASS
pt::B003FG5HWW,0.8135,PASS
pt::B003HFB9B4,0.8361,PASS
pt::B003I4FIKW,0.8267,PASS
pt::B003IHUHGE,0.8872,PASS
pt::B003NVMEBQ,0.7854,PASS
pt::B003P6IFNA,0.8346,PASS
pt::B003PEX6T0,0.8764,PASS
pt::B003S7W6LS,0.8376,PASS
pt::B003S8891I,0.8395,PASS
pt::B003TVWNAM,0.8131,PASS
pt::B003TWOD3G,0.8475,PASS
pt::B003U8YAWI,0.8567,PASS
pt::B003VAGXWK,0.8833,PASS
pt::B003XDU2X6,0.8232,PASS
pt::B003Y74AXY,0.8774,PASS
pt::B003YKFKR6,0.8451,PASS
pt::B003YL3KUO,0.8569,PASS
pt::B0042VSTZQ,0.8302,PASS
pt::B0042X8XBY,0.8413,PASS
pt::B0045US6DE,0.8339,PASS
pt::B00465G49G,0.8444,PASS
pt::B004BR3KSC,0.8531,PASS
pt::B004GUS4WG,0.8241,PASS
pt::B004H466HG,0.7483,PASS
pt::B004JK1VMS,0.8591,PASS
pt::B004MM5YIU,0.4375,RETRY
pt::B004ZP74UA,0.7343,PASS
pt::B005HSDLCO,0.8215,PASS
pt::B005MI8NHM,0.8712,PASS
pt::B006DY3C5W,0.8459,PASS
pt::B006TAEH7W,0.8168,PASS
pt::B006Z1J2JI,0.8615,PASS
pt::B007MDQIH2,0.7167,PASS
pt::B007RIFKUS,0.7961,PASS
pt::B007RMAS1K,0.5276,RETRY
pt::B0080AO68E,0.8446,PASS
pt::B00829TIA4,0.8678,PASS
pt::B008AG097A,0.8501,PASS
pt::B008AT6BMY,0.8743,PASS
pt::B008I21EA2,0.8566,PASS
pt::B008NFWC3M,0.8620,PASS
pt::B008R6OPJQ,0.8728,PASS
pt::B008YM7QEE,0.8694,PASS
pt::B0092T864W,0.5581,RETRY
pt::B009A6CZ30,0.8180,PASS
pt::B009HPC228,0.8437,PASS
pt::B009NHAF5G,0.8444,PASS
pt::B00004SB98,0.8600,PASS
pt::B00004U8LO,0.8678,PASS
pt::B00005MA9X,0.8865,PASS
pt::B00005MNSR,0.8257,PASS
pt::B00006HYJ2,0.8607,PASS
pt::B00007E7QS,0.8429,PASS
pt::B00008ZGSO,0.8459,PASS
pt::B00009KH63,0.8363,PASS
pt::B00009R6N0,0.8140,PASS
pt::B00009R896,0.8670,PASS
pt::B00009R8B9,0.7440,PASS
pt::B00009UU2H,0.8055,PASS
pt::B00009XVA3,0.7829,PASS
pt::B00009XVBY,0.8304,PASS
pt::B0002Y5WXO,0.8393,PASS
pt::B0002Y5WZM,0.5842,RETRY
pt::B0009VT9MU,0.8774,PASS
pt::B000B7CM4E,0.8508,PASS
pt::B000CSGJCS,0.8820,PASS
pt::B000I30HOS,0.7933,PASS
pt::B000JLK5Q4,0.8519,PASS
pt::B000MUWZ4C,0.7955,PASS
pt::B000OL22T2,0.8104,PASS
pt::B000SIFHZM,0.8342,PASS
pt::B000V5P90K,0.8284,PASS
pt::B000VUIXOO,0.8559,PASS
pt::B0010HA68I,0.7384,PASS
pt::B00119LGCU,0.6749,RETRY
pt::B0014FB8TC,0.7806,PASS
pt::B001A1POL8,0.8022,PASS
pt::B001ASU1QO,0.8324,PASS
pt::B001C6IWME,0.6476,RETRY
pt::B001CZ9ZEE,0.7538,PASS
pt::B001D60LG8,0.8245,PASS
pt::B001DO1Q1O,0.7914,PASS
pt::B001EYTPO8,0.8173,PASS
pt::B001GCU0MY,0.8731,PASS
pt::B001M4HXB2,0.8439,PASS
pt::B001N0KEWU,0.8555,PASS
pt::B001QUA6RA,0.7977,PASS
pt::B001SVJUPG,0.7039,PASS
pt::B001XILMEG,0.7788,PASS
pt::B0020HRCA2,0.8547,PASS
pt::B0025VKUPW,0.8558,PASS
pt::B0028AD7BE,0.8506,PASS
pt::B002BH3Z8E,0.7840,PASS
pt::B002FB684E,0.8633,PASS
pt::B002KD9BMS,0.7872,PASS
pt::B002L60TTI,0.7468,PASS
pt::B002L6GEKG,0.8310,PASS
pt::B002M3SO0G,0.8373,PASS
pt::B002MKQTJW,0.6953,RETRY
pt::B002O0KH7K,0.8333,PASS
pt::B002OOXM96,0.8668,PASS
pt::B002Q4VC9G,0.8331,PASS
pt::B002RCLYXG,0.8155,PASS
pt::B002SEUX7Q,0.8686,PASS
pt::B002SH43MO,0.8492,PASS
pt::B002SWIOOM,0.6525,RETRY
pt::B002ZLOR38,0.8865,PASS
pt::B00305N48C,0.7742,PASS
pt::B0034XRE6S,0.8688,PASS
pt::B003A7C9WM,0.8637,PASS
pt::B003A7CDY6,0.8416,PASS
pt::B003AIL2H4,0.8624,PASS
pt::B003AM7V0C,0.7310,PASS
pt::B003AM8S3G,0.8784,PASS
pt::B003ARRAA8,0.8320,PASS
pt::B003CFATT2,0.8316,PASS
pt::B003CZ5W1M,0.4227,RETRY
pt::B003D0WIQS,0.8588,PASS
pt::B003D681Q8,0.6854,RETRY
pt::B003EWKG3M,0.6669,RETRY
pt::B003EYVEZE,0.8518,PASS
pt::B003FP7OYM,0.8626,PASS
pt::B003FST9EC,0.8596,PASS
pt::B003GR6IUK,0.5831,RETRY
pt::B003IT6Z6I,0.7978,PASS
pt::B003IZFCFW,0.8645,PASS
pt::B003JQLI9O,0.8646,PASS
pt::B003MRPERC,0.8506,PASS
pt::B003MVZ60I,0.8585,PASS
pt::B003N2POXK,0.8232,PASS
pt::B003SB1TS0,0.8563,PASS
pt::B003TYDBYQ,0.7602,PASS
pt::B003U6Y1OC,0.6619,RETRY
pt::B003U7MSLE,0.8667,PASS
pt::B003YCOL56,0.8635,PASS
pt::B00429N16A,0.8534,PASS
pt::B0042X93AY,0.8228,PASS
pt::B0043D2L5C,0.8674,PASS
pt::B0043D2L70,0.7764,PASS
pt::B0043D2L9S,0.8339,PASS
pt::B0044DEDCA,0.8234,PASS
pt::B0046A8MQO,0.8731,PASS
pt::B004AFFZNI,0.8343,PASS
pt::B004BFXBXI,0.7752,PASS
pt::B004DBD4TG,0.7555,PASS
pt::B004FLC7YC,0.7788,PASS
pt::B004FMI3DA,0.8319,PASS
pt::B004I5BUSO,0.8418,PASS
pt::B004N623XY,0.7220,PASS
pt::B004OR14GO,0.8684,PASS
pt::B004OR14H8,0.8167,PASS
pt::B004W2JKWG,0.8517,PASS
pt::B004WB8EYM,0.8248,PASS
pt::B004WO8HQ4,0.7449,PASS
pt::B004YADU4A,0.8700,PASS
pt::B004Z74P0K,0.5951,RETRY
pt::B004ZMV2GA,0.8491,PASS
pt::B0055PKS98,0.7553,PASS
pt::B0057QETGS,0.8660,PASS
pt::B0058OQ3H2,0.8295,PASS
pt::B005B0A6ZS,0.8344,PASS
pt::B005F778JO,0.8534,PASS
pt::B005FT3ANA,0.8652,PASS
pt::B005HTR7U0,0.7279,PASS
pt::B005NC8BF6,0.8616,PASS
pt::B005YQXMAK,0.8098,PASS
pt::B005ZT5C2M,0.8762,PASS
pt::B00603RU9A,0.8412,PASS
pt::B0064XAIZY,0.8110,PASS
pt::B0068ALVAO,0.8602,PASS
pt::B006NYJNTG,0.7819,PASS
pt::B006TF3746,0.8580,PASS
pt::B007FPIQ72,0.8597,PASS
pt::B007KZQM8W,0.8741,PASS
pt::B007M50PTM,0.8506,PASS
pt::B007Q8GOGI,0.7471,PASS
pt::B007X3VEUW,0.8372,PASS
pt::B007XC99JQ,0.8450,PASS
pt::B007XDFO9O,0.8376,PASS
pt::B0082IX6MG,0.5434,RETRY
pt::B0085KAGJC,0.8643,PASS
pt::B008ATLJGC,0.8553,PASS
pt::B008FUZ06G,0.8573,PASS
pt::B008HK50ZA,0.8502,PASS
pt::B008PQAFR4,0.7884,PASS
pt::B008T17W9O,0.7554,PASS
pt::B0090S8WFS,0.7059,PASS
pt::B0095F5AFG,0.8904,PASS
pt::B00001P4XA,0.8620,PASS
pt::B00007E816,0.8622,PASS
pt::B00009XW5J,0.8491,PASS
pt::B0000DIESO,0.7724,PASS
pt::B00020S7XK,0.8634,PASS
pt::B0002KVQBA,0.8153,PASS
pt::B00066FHHO,0.8640,PASS
pt::B0006VJ7TI,0.8556,PASS
pt::B0007NWL70,0.8822,PASS
pt::B00081GAVY,0.8529,PASS
pt::B00093OLKS,0.8706,PASS
pt::B0009PEUG6,0.8631,PASS
pt::B000ALAT14,0.7005,PASS
pt::B000FEDRN8,0.8370,PASS
pt::B000H7GFWS,0.8396,PASS
pt::B000ID37EA,0.8507,PASS
pt::B000J2Z2ZM,0.8224,PASS
pt::B000LSZ0Q0,0.8457,PASS
pt::B000N4AYHC,0.8616,PASS
pt::B000NGTKOI,0.8335,PASS
pt::B000O2YOFQ,0.8187,PASS
pt::B000OPWSYM,0.7797,PASS
pt::B000OQ6RXY,0.8182,PASS
pt::B000P0R6GQ,0.8372,PASS
pt::B000P8X8R4,0.4637,RETRY
pt::B000PFGX6U,0.8473,PASS
pt::B000QGITWO,0.8762,PASS
pt::B000QSNNAA,0.8822,PASS
pt::B000U67NUY,0.8486,PASS
pt::B000V6T41Y,0.6265,RETRY
pt::B0010TEOLQ,0.8592,PASS
pt::B00110ENQ0,0.7835,PASS
pt::B00127VAW2,0.8063,PASS
pt::B0012S4APK,0.6987,RETRY
pt::B0015WJQ8O,0.7944,PASS
pt::B0016IXEWG,0.7247,PASS
pt::B0016OZU22,0.8227,PASS
pt::B0017XMN7C,0.8507,PASS
pt::B0018MPQBM,0.6009,RETRY
pt::B001918HQS,0.8574,PASS
pt::B001AAN4PW,0.4035,RETRY
pt::B001BSQK8Q,0.6976,RETRY
pt::B001DQKHX0,0.8706,PASS
pt::B001G1ZPV6,0.8709,PASS
pt::B001HBIYFO,0.8413,PASS
pt::B001HBIYSG,0.7175,PASS
pt::B001HN6CVA,0.8776,PASS
pt::B001IWX9A2,0.7189,PASS
pt::B001MYL1BA,0.8300,PASS
pt::B001NTBVP0,0.8765,PASS
pt::B001Q5Q62Y,0.7918,PASS
pt::B001QTXL82,0.8857,PASS
pt::B001T9NX9Q,0.8243,PASS
pt::B001TANZ0W,0.8287,PASS
pt::B001U0O5QO,0.8525,PASS
pt::B0021L9BZQ,0.8777,PASS
pt::B00237VL1U,0.8198,PASS
pt::B0023NVS30,0.8720,PASS
pt::B0027G1ZF4,0.8131,PASS
pt::B0029IXGB6,0.8120,PASS
pt::B002BGFELQ,0.5989,RETRY
pt::B002I3OZB2,0.8779,PASS
pt::B002IEE9D0,0.5477,RETRY
pt::B002IORQ6W,0.6834,RETRY
pt::B002LITT5Q,0.8739,PASS
pt::B002LVUIS0,0.8490,PASS
pt::B002MUU6L4,0.7963,PASS
pt::B002NGVY8G,0.8112,PASS
pt::B002OOWBWA,0.8515,PASS
pt::B002VPDM2A,0.8505,PASS
pt::B002WC6JFO,0.8298,PASS
pt::B002ZV51DI,0.8579,PASS
pt::B0031AQ302,0.8179,PASS
pt::B0032BH46M,0.8033,PASS
pt::B0033WSDR4,0.8615,PASS
pt::B0034WR71G,0.8093,PASS
pt::B0035FZJKI,0.8772,PASS
pt::B00366WLZ2,0.8355,PASS
pt::B0036SH8R6,0.8701,PASS
pt::B003DKO83Y,0.8821,PASS
pt::B003HIXOOG,0.8678,PASS
pt::B003IPC1VU,0.8482,PASS
pt::B003IVZVDO,0.8085,PASS
pt::B003IY32GO,0.6614,RETRY
pt::B003KPL9WU,0.7157,PASS
pt::B003M4UC2C,0.8693,PASS
pt::B003QVWJM2,0.7843,PASS
pt::B003RV4AYQ,0.7986,PASS
pt::B003U7SR0U,0.7820,PASS
pt::B003WJR67Q,0.8822,PASS
pt::B003Y5T464,0.7548,PASS
pt::B003Y60DZO,0.8191,PASS
pt::B003ZG9T62,0.8018,PASS
pt::B00494P6AW,0.8336,PASS
pt::B004BPQSOM,0.8518,PASS
pt::B004ED815A,0.5488,RETRY
pt::B004FPIO1I,0.8812,PASS
pt::B004M8ST5O,0.8705,PASS
pt::B004MF11MU,0.8872,PASS
pt::B004MME6A2,0.7685,PASS
pt::B004QW9ZPO,0.6636,RETRY
pt::B004SGSHDY,0.8610,PASS
pt::B004XYZI0Q,0.8397,PASS
pt::B004Z57YJQ,0.8700,PASS
pt::B00508ZURU,0.8224,PASS
pt::B0050IE1O8,0.8525,PASS
pt::B00519RW1U,0.8745,PASS
pt::B0052E90A0,0.4133,RETRY
pt::B0052YFYFK,0.8838,PASS
pt::B0054K8YC2,0.6757,RETRY
pt::B00564TF4W,0.8627,PASS
pt::B00568BV68,0.8659,PASS
pt::B0056XEJJO,0.8056,PASS
pt::B0058BG0UK,0.8385,PASS
pt::B005GMRVZO,0.8845,PASS
pt::B005I6DU7G,0.8763,PASS
pt::B005IQGUMI,0.8572,PASS
pt::B005IQSSJG,0.7190,PASS
pt::B005PP8J76,0.8642,PASS
pt::B005UBNGY6,0.7088,PASS
pt::B0067WUSGQ,0.8445,PASS
pt::B006NZHJLE,0.8400,PASS
pt::B006TL5KWC,0.8422,PASS
pt::B006WT2AD8,0.8457,PASS
pt::B006ZH0KVG,0.8246,PASS
pt::B0070JNULA,0.8587,PASS
pt::B0078KP0SM,0.5737,RETRY
pt::B007AHJNF4,0.8156,PASS
pt::B007FPIQ0E,0.8715,PASS
pt::B007IGCSRM,0.8672,PASS
pt::B007JCNOHS,0.8405,PASS
pt::B007R67FNA,0.8581,PASS
pt::B007R8U5R6,0.8107,PASS
pt::B007R9MK8C,0.8738,PASS
pt::B007S6U7I4,0.5612,RETRY
pt::B00822GIH2,0.8580,PASS
pt::B0083SHQEE,0.8221,PASS
pt::B0084G3FKE,0.8533,PASS
pt::B0085VB8GQ,0.8646,PASS
pt::B008BBI72I,0.8040,PASS
pt::B008BDBPTS,0.8691,PASS
pt::B008KW61XK,0.8443,PASS
pt::B008M0NDRM,0.8531,PASS
pt::B008YKV5RA,0.8537,PASS
pt::B0092T7XY6,0.5484,RETRY
pt::B0096WD0KU,0.8668,PASS
pt::B0097252UK,0.7624,PASS
pt::B0099XGZXA,0.8500,PASS
pt::B009F7EQPY,0.8827,PASS
pt::B009M27MB2,0.8750,PASS
pt::B009M3UT16,0.8704,PASS
pt::B009MAKWC0,0.6761,RETRY
pt::B00004VWM3,0.8092,PASS
pt::B00004Z9FF,0.8146,PASS
pt::B000050YAP,0.8647,PASS
pt::B00005NK38,0.8744,PASS
pt::B00005T39Y,0.8312,PASS
pt::B00005T3VT,0.8729,PASS
pt::B0000AAAPF,0.8654,PASS
pt::B00017IX10,0.8712,PASS
pt::B0002CPBWI,0.8427,PASS
pt::B0006HU49Y,0.8596,PASS
pt::B0009F62GW,0.8685,PASS
pt::B000EA0DEO,0.8392,PASS
pt::B000GA7048,0.8622,PASS
pt::B000GP845M,0.8128,PASS
pt::B000HE74LC,0.8427,PASS
pt::B000JO1380,0.8821,PASS
pt::B000JP8I00,0.8599,PASS
pt::B000NB05MO,0.8800,PASS
pt::B000NDBRJC,0.8513,PASS
pt::B000OH63MI,0.7568,PASS
pt::B000P3ZADE,0.8453,PASS
pt::B000V4PZBO,0.8739,PASS
pt::B000V9USBG,0.8423,PASS
pt::B000VZCEUI,0.8271,PASS
pt::B000WBDD56,0.8636,PASS
pt::B000WBJDUA,0.8416,PASS
pt::B0011FQURK,0.8444,PASS
pt::B0011UK2HE,0.8395,PASS
pt::B00155RGHO,0.7854,PASS
pt::B0018DKODQ,0.8722,PASS
pt::B001B8CSQ4,0.8924,PASS
pt::B001DJ64C0,0.8834,PASS
pt::B001DJ9GOS,0.8723,PASS
pt::B001E5DOWG,0.8227,PASS
pt::B001GND6EW,0.8739,PASS
pt::B001KURYAS,0.8626,PASS
pt::B001NT9UHG,0.8503,PASS
pt::B001O1MKPC,0.7987,PASS
pt::B001URWAYG,0.8611,PASS
pt::B002669XKY,0.8673,PASS
pt::B0026RHPSU,0.8563,PASS
pt::B002ATBEVI,0.8364,PASS
pt::B002C744K6,0.7808,PASS
pt::B002FYL7PG,0.8696,PASS
pt::B002JJIFDY,0.8627,PASS
pt::B002OL2NT4,0.8818,PASS
pt::B002PWVQE0,0.8531,PASS
pt::B002QC6RI4,0.7932,PASS
pt::B002VPE1QG,0.8669,PASS
pt::B002VS4V0Y,0.7790,PASS
pt::B002XOLT7Y,0.8645,PASS
pt::B0030MITDK,0.8850,PASS
pt::B0035JCI6M,0.8792,PASS
pt::B00361EZUQ,0.8677,PASS
pt::B0036WT4JW,0.8603,PASS
pt::B00385XUFQ,0.8656,PASS
pt::B0039T7LJC,0.8724,PASS
pt::B003BEDQQW,0.8633,PASS
pt::B003DZJQQI,0.8073,PASS
pt::B003H3HLEU,0.8067,PASS
pt::B003QP41EC,0.8260,PASS
pt::B003Z4G3I6,0.8743,PASS
pt::B0049P1N26,0.8717,PASS
pt::B0049SKIDI,0.8519,PASS
pt::B004H8FNCQ,0.8682,PASS
pt::B004HD4L1U,0.7715,PASS
pt::B004K1EZDS,0.8496,PASS
pt::B004M8SSTG,0.8599,PASS
pt::B004M8SVEI,0.8748,PASS
pt::B004QEE4NU,0.8412,PASS
pt::B004R6J2KW,0.8839,PASS
pt::B004TBPCSQ,0.7859,PASS
pt::B004U3JM84,0.8724,PASS
pt::B004YLCBRG,0.8679,PASS
pt::B0056C7SWK,0.7987,PASS
pt::B0058D8D94,0.8724,PASS
pt::B005A0B4B4,0.8481,PASS
pt::B005G81E9M,0.8866,PASS
pt::B005JK00XS,0.8437,PASS
pt::B005JXADTG,0.8902,PASS
pt::B005K7192G,0.8782,PASS
pt::B005KOZNBW,0.8549,PASS
pt::B005KP473Q,0.6633,RETRY
pt::B005X64OQ2,0.7890,PASS
pt::B0065V44B4,0.8401,PASS
pt::B006K551HQ,0.7894,PASS
pt::B006ZS5AQA,0.8444,PASS
pt::B00721DM3W,0.8638,PASS
pt::B00746LVOM,0.8808,PASS
pt::B0078ZZ5NM,0.8669,PASS
pt::B007BK42ME,0.8797,PASS
pt::B007BY0MIS,0.8570,PASS
pt::B007C0Y8NQ,0.8621,PASS
pt::B007PPYXOC,0.8415,PASS
pt::B007Q8GOHM,0.8366,PASS
pt::B007RNCLBY,0.8643,PASS
pt::B008H9BXMK,0.7771,PASS
pt::B00966PFHW,0.8409,PASS
pt::B009APBZVY,0.8413,PASS
pt::B00004NKHY,0.8117,PASS
pt::B00005T3G0,0.7003,PASS
pt::B0000632H2,0.8099,PASS
pt::B00006RVPW,0.8339,PASS
pt::B00007E7RF,0.4534,RETRY
pt::B000087NBU,0.8524,PASS
pt::B000144I30,0.8177,PASS
pt::B00017LSPI,0.8281,PASS
pt::B0001MQUOC,0.7641,PASS
pt::B0002ZDIKW,0.6702,RETRY
pt::B0006ON0QQ,0.8444,PASS
pt::B0007P4G7G,0.8463,PASS
pt::B0007SM8OQ,0.8777,PASS
pt::B0009GZAGO,0.8442,PASS
pt::B0009KF2OA,0.8437,PASS
pt::B0009RKL62,0.5070,RETRY
pt::B0009RKL6C,0.7486,PASS
pt::B000ANCPNM,0.8614,PASS
pt::B000B5LQCA,0.8220,PASS
pt::B000F3MAU0,0.8640,PASS
pt::B000GHVZQA,0.8761,PASS
pt::B000HZDF8W,0.8695,PASS
pt::B000J1CCGA,0.8616,PASS
pt::B000JCNJPM,0.5127,RETRY
pt::B000JLK5PK,0.6764,RETRY
pt::B000KH7MZ4,0.8617,PASS
pt::B000NK3H4S,0.8716,PASS
pt::B000NK3NBA,0.8809,PASS
pt::B000OFWJO6,0.8568,PASS
pt::B000U5A7O4,0.7961,PASS
pt::B00113XADE,0.8381,PASS
pt::B00126HDO2,0.8562,PASS
pt::B001GGL7Z4,0.8511,PASS
pt::B001IYCUM8,0.8654,PASS
pt::B001OMGVII,0.8758,PASS
pt::B001SER46K,0.8755,PASS
pt::B001SJVU6K,0.8442,PASS
pt::B001W28L2Y,0.8230,PASS
pt::B00212NO6W,0.8336,PASS
pt::B002650XNQ,0.8779,PASS
pt::B0026FCKC8,0.7691,PASS
pt::B0027FFQ8M,0.8059,PASS
pt::B0027Q4HXG,0.8349,PASS
pt::B002CA19W4,0.8383,PASS
pt::B002JCSV8A,0.8329,PASS
pt::B002LK2QJK,0.8746,PASS
pt::B002R9CQYK,0.8697,PASS
pt::B002SB8RPO,0.7834,PASS
pt::B002ZAVVHY,0.8726,PASS
pt::B003059FAI,0.7938,PASS
pt::B0033RY7YC,0.8501,PASS
pt::B0035LD0EY,0.8697,PASS
pt::B0038OLL2Q,0.8702,PASS
pt::B003964HWO,0.8734,PASS
pt::B003K1EYM6,0.8534,PASS
pt::B003LSTD38,0.8365,PASS
pt::B003M567V6,0.8737,PASS
pt::B003XU6H8I,0.8662,PASS
pt::B003YNQ6MG,0.6301,RETRY
pt::B0040QE98O,0.8109,PASS
pt::B0040QE998,0.8525,PASS
pt::B0044CL1N0,0.8749,PASS
pt::B00451ZTBA,0.7096,PASS
pt::B00478O0JI,0.8844,PASS
pt::B00492BTKK,0.7672,PASS
pt::B00492BTMI,0.8058,PASS
pt::B004G6002M,0.7882,PASS
pt::B004G8HXXO,0.8678,PASS
pt::B004GTQAI2,0.8340,PASS
pt::B004O0TRD8,0.8648,PASS
pt::B004O0TREC,0.8670,PASS
pt::B004QQZKP4,0.8696,PASS
pt::B004TDY924,0.8589,PASS
pt::B004XNLR16,0.8219,PASS
pt::B0051BG48U,0.8466,PASS
pt::B0055QYJJM,0.8658,PASS
pt::B0055QYJK6,0.8790,PASS
pt::B0055QYJKG,0.8253,PASS
pt::B005CLPP8E,0.8704,PASS
pt::B005DB6NG6,0.8682,PASS
pt::B005FNDJHS,0.8436,PASS
pt::B005KJJKVG,0.8845,PASS
pt::B005KLJBE0,0.8576,PASS
pt::B005P2OKHM,0.8657,PASS
pt::B00737M15U,0.7976,PASS
pt::B00746W3HG,0.8343,PASS
pt::B007B2QDFQ,0.8639,PASS
pt::B007P4VOWC,0.8789,PASS
pt::B007YKUWN4,0.8309,PASS
pt::B0081EAK34,0.8684,PASS
pt::B0081F01T6,0.8717,PASS
pt::B0081ZDWZQ,0.8764,PASS
pt::B0087OV77G,0.7548,PASS
pt::B0097BEECI,0.8845,PASS
pt::B0097BEF0O,0.3843,RETRY
pt::B009K184TO,0.8650,PASS
pt::B000067RC1,0.8089,PASS
pt::B00008NG7N,0.8682,PASS
pt::B0002QLQ96,0.7954,PASS
pt::B0007GGZ06,0.8578,PASS
pt::B000BFO320,0.8792,PASS
pt::B000CSSHG4,0.8437,PASS
pt::B000E6NGBU,0.8602,PASS
pt::B000EC1SO6,0.8449,PASS
pt::B000EF1820,0.8783,PASS
pt::B000FFISV8,0.8474,PASS
pt::B000FHD7PI,0.8555,PASS
pt::B000M4KXH4,0.8818,PASS
pt::B000MFG44Y,0.8788,PASS
pt::B000Q768K8,0.7465,PASS
pt::B000R9BMVU,0.8499,PASS
pt::B000S5Q9CA,0.8412,PASS
pt::B000U9WU0O,0.8389,PASS
pt::B000WOIFO2,0.8669,PASS
pt::B000X1UKBU,0.7835,PASS
pt::B00104XCUU,0.8143,PASS
pt::B0010KZJXC,0.8410,PASS
pt::B0014YNGCK,0.8661,PASS
pt::B00168YB78,0.8456,PASS
pt::B0017HBO8W,0.8654,PASS
pt::B0018LO1R8,0.8462,PASS
pt::B0019QPBUS,0.8294,PASS
pt::B001BSTJIO,0.8522,PASS
pt::B001DMEYCY,0.8279,PASS
pt::B001DSIMAI,0.8404,PASS
pt::B001DWI1F0,0.8750,PASS
pt::B001F0MFXY,0.7879,PASS
pt::B001KC0818,0.7367,PASS
pt::B001KW07J6,0.8233,PASS
pt::B001MVKZOC,0.8728,PASS
pt::B001R4BTLC,0.8667,PASS
pt::B001RR9ZQ0,0.8767,PASS
pt::B001U3ZH7W,0.8605,PASS
pt::B001UQ6F4S,0.8832,PASS
pt::B001V5J7OI,0.8825,PASS
pt::B0024G48VA,0.8730,PASS
pt::B00273QXLS,0.8630,PASS
pt::B00295RB3S,0.8435,PASS
pt::B002CWZ29S,0.8884,PASS
pt::B002HEWA28,0.8655,PASS
pt::B002J9G59U,0.8761,PASS
pt::B002P8LZ68,0.8055,PASS
pt::B002VPE1Q6,0.8168,PASS
pt::B0030S18HS,0.8614,PASS
pt::B0033PROOY,0.8795,PASS
pt::B0036UMQX0,0.7159,PASS
pt::B003AILH6U,0.8426,PASS
pt::B003B4AVRE,0.8642,PASS
pt::B003CGMQ38,0.8504,PASS
pt::B003CGOJ4W,0.8705,PASS
pt::B003CYKYV6,0.8276,PASS
pt::B003FP41ES,0.8520,PASS
pt::B003GAAQXM,0.8671,PASS
pt::B003HIXPFY,0.8683,PASS
pt::B003M0NURK,0.8252,PASS
pt::B003OAGOYE,0.8628,PASS
pt::B003PL0AME,0.8820,PASS
pt::B003STVG80,0.8379,PASS
pt::B003UVCSZ6,0.8601,PASS
pt::B003WQ8EX4,0.8623,PASS
pt::B0041LXANI,0.8627,PASS
pt::B0041OMWNY,0.8634,PASS
pt::B0042LQWXW,0.8628,PASS
pt::B0043D2ICS,0.8785,PASS
pt::B0043M668G,0.6914,RETRY
pt::B0043TV8QO,0.8399,PASS
pt::B004B8UZUM,0.8560,PASS
pt::B004DMNT2W,0.8674,PASS
pt::B004DP2TC0,0.8369,PASS
pt::B004FPQJGK,0.8618,PASS
pt::B004GUT1QO,0.7896,PASS
pt::B004HKJTT2,0.8215,PASS
pt::B004K35GLG,0.8403,PASS
pt::B004M8ST5Y,0.8464,PASS
pt::B004X2TJ1W,0.7427,PASS
pt::B0057ODG6Y,0.8344,PASS
pt::B005EWTKN2,0.8624,PASS
pt::B005GVAWXS,0.8697,PASS
pt::B005JXAEGS,0.8768,PASS
pt::B005NGLTZQ,0.8329,PASS
pt::B005Y8JM7A,0.8422,PASS
pt::B006U1YULS,0.8700,PASS
pt::B006ZH0KJS,0.8267,PASS
pt::B0079TOET8,0.8714,PASS
pt::B007IPKIFW,0.8685,PASS
pt::B007PXV310,0.8510,PASS
pt::B007PY3ZPG,0.7251,PASS
pt::B0081H8TRA,0.8507,PASS
pt::B008OPSWHQ,0.8687,PASS
pt::B008YDTRLS,0.8741,PASS
pt::B0091UX3QI,0.6508,RETRY
pt::B0093YV4R2,0.8495,PASS
pt::B00006L4FX,0.8485,PASS
pt::B00008IHOZ,0.8116,PASS
pt::B0001H27PS,0.8605,PASS
pt::B00023CJI6,0.8774,PASS
pt::B0002A9RFM,0.8768,PASS
pt::B0002ZW5W4,0.8607,PASS
pt::B000816TC4,0.8795,PASS
pt::B00099I1F8,0.8880,PASS
pt::B0009F3SGE,0.8855,PASS
pt::B000BONJXU,0.8840,PASS
pt::B000BR0MFK,0.8811,PASS
pt::B000E0G5LE,0.8483,PASS
pt::B000E0I9K4,0.7810,PASS
pt::B000EPJL1A,0.8726,PASS
pt::B000EUGX7A,0.8088,PASS
pt::B000FDL3XU,0.8297,PASS
pt::B000IHL38I,0.8752,PASS
pt::B000IK5Z8E,0.8296,PASS
pt::B000IKWBC2,0.8225,PASS
pt::B000JLNO3A,0.8516,PASS
pt::B000JO7PIM,0.8836,PASS
pt::B000L9FQUO,0.8049,PASS
pt::B000MI34EE,0.8719,PASS
pt::B000MMWT9Q,0.8705,PASS
pt::B000MT4JTC,0.8337,PASS
pt::B000O756DA,0.8547,PASS
pt::B000OFTRKU,0.8262,PASS
pt::B000OZCMOI,0.8739,PASS
pt::B000P6H7Y6,0.8757,PASS
pt::B000PB4BPO,0.8449,PASS
pt::B000PHN1TK,0.8851,PASS
pt::B000Q8623A,0.8571,PASS
pt::B000QHOB4S,0.8539,PASS
pt::B000QYBICE,0.8339,PASS
pt::B000S5QIFS,0.8813,PASS
pt::B000S5QIPS,0.8497,PASS
pt::B000S5SH0M,0.8775,PASS
pt::B000T8CWFE,0.8733,PASS
pt::B000TKHGL2,0.8624,PASS
pt::B000UH8I66,0.8559,PASS
pt::B000UKMZ94,0.8644,PASS
pt::B000V9NU2A,0.8593,PASS
pt::B000V9RL6G,0.8461,PASS
pt::B000VEPC4O,0.8567,PASS
pt::B000VIHFZ4,0.6126,RETRY
pt::B000VLZUQM,0.8409,PASS
pt::B000VM3QIU,0.7967,PASS
pt::B000VM7FQO,0.8487,PASS
pt::B000VVXUVY,0.8683,PASS
pt::B000VW2QRM,0.8503,PASS
pt::B000W09ZTK,0.8824,PASS
pt::B000WJAE7I,0.8824,PASS
pt::B000WJCB9W,0.8755,PASS
pt::B000WM2VAI,0.8768,PASS
pt::B000WM2YS2,0.8181,PASS
pt::B000X38ZO2,0.7709,PASS
pt::B000XA2XJS,0.8703,PASS
pt::B000XQT4PI,0.8782,PASS
pt::B000ZH7E5M,0.8771,PASS
pt::B0010TZR44,0.8525,PASS
pt::B00111DJJG,0.8757,PASS
pt::B00113V748,0.8483,PASS
pt::B00116VIEE,0.8197,PASS
pt::B00126V8WU,0.8805,PASS
pt::B0012JNQYK,0.8788,PASS
pt::B0012L6SR0,0.8655,PASS
pt::B0012LWG9O,0.8801,PASS
pt::B0012ZO3F0,0.8812,PASS
pt::B0013AV4M4,0.8440,PASS
pt::B0013F6HK8,0.8459,PASS
pt::B0013FW8XS,0.7714,PASS
pt::B0013WNVU0,0.8613,PASS
pt::B0013ZGX34,0.8645,PASS
pt::B00142V7QY,0.8383,PASS
pt::B0014IM2RQ,0.8623,PASS
pt::B0015F0A8G,0.8616,PASS
pt::B00176IJFO,0.8409,PASS
pt::B0017U8FVI,0.8673,PASS
pt::B0019RBJOE,0.8669,PASS
pt::B0019U67Y8,0.8677,PASS
pt::B001AZP8EW,0.8750,PASS
pt::B001FA1O0E,0.8790,PASS
pt::B001FWXDZQ,0.8433,PASS
pt::B001H9O6QW,0.8823,PASS
pt::B001HMVAWC,0.8691,PASS
pt::B001JIDEXW,0.8837,PASS
pt::B001L2IKYE,0.5539,RETRY
pt::B001NTFAOS,0.8772,PASS
pt::B001Q9EZS2,0.8574,PASS
pt::B001U3Y6AQ,0.7584,PASS
pt::B0025VKUQG,0.8745,PASS
pt::B002GJTZBI,0.5715,RETRY
pt::B002TLTE7I,0.8684,PASS
pt::B002VJJXGU,0.8731,PASS
pt::B0030MIU16,0.8373,PASS
pt::B0031ESKJA,0.8067,PASS
pt::B0031RG2AG,0.8472,PASS
pt::B0035JJJQE,0.8822,PASS
pt::B003YTPP72,0.8460,PASS
pt::B00426C57O,0.8681,PASS
pt::B00433SORQ,0.8558,PASS
pt::B0046RE60I,0.8686,PASS
pt::B004718P6Y,0.8718,PASS
pt::B004CJ8DKE,0.8515,PASS
pt::B004CLYEB4,0.8406,PASS
pt::B004HO5974,0.8800,PASS
pt::B004IZN3WU,0.8760,PASS
pt::B004LWZLV6,0.8648,PASS
pt::B004SGJBU2,0.8295,PASS
pt::B004TLH6GM,0.8307,PASS
pt::B004YIZW16,0.8706,PASS
pt::B004YNE7V2,0.8768,PASS
pt::B005NFG1MS,0.8094,PASS
pt::B005O88CY4,0.8468,PASS
pt::B005TDWUII,0.8716,PASS
pt::B005TDWVTQ,0.8248,PASS
pt::B0065VKQ34,0.8825,PASS
pt::B006YTZUA6,0.8778,PASS
pt::B0080EBMM8,0.8860,PASS
pt::B008VD4BU8,0.8797,PASS
pt::B008VD4BYE,0.8665,PASS
pt::B009AR2MRI,0.8842,PASS
pt::B009JPBPWO,0.8685,PASS
pt::B009NE5YC8,0.8637,PASS
pt::B0000U9H40,0.8404,PASS
pt::B00081A2DQ,0.8397,PASS
pt::B0009IRUKG,0.8705,PASS
pt::B0009U7XH4,0.8346,PASS
pt::B000O2KIKG,0.8629,PASS
pt::B000WIK61I,0.8717,PASS
pt::B000ZJZ7OA,0.8474,PASS
pt::B0012LUPD8,0.8735,PASS
pt::B001C4VRZK,0.7944,PASS
pt::B001L9265G,0.8398,PASS
pt::B002JEU7JO,0.7071,PASS
pt::B002V41X2M,0.8615,PASS
pt::B00359EXYW,0.8085,PASS
pt::B003DZ14EU,0.8634,PASS
pt::B003SX0NG2,0.6899,RETRY
pt::B003VAHZ0Y,0.8834,PASS
pt::B003WU8J58,0.8399,PASS
pt::B003XU78PE,0.8406,PASS
pt::B00428N9M2,0.8731,PASS
pt::B004AM625G,0.8270,PASS
pt::B004NY9UZA,0.8641,PASS
pt::B004SBI2MU,0.8347,PASS
pt::B004VVLZY4,0.6291,RETRY
pt::B004YLAYHA,0.8797,PASS
pt::B0051AB60M,0.8553,PASS
pt::B005B5G4S6,0.8036,PASS
pt::B005DKZP6G,0.8132,PASS
pt::B005DSPLCQ,0.8779,PASS
pt::B005LJQO9G,0.8569,PASS
pt::B005N8W1EW,0.8849,PASS
pt::B005QWY3PU,0.8245,PASS
pt::B005TDWX2Q,0.8708,PASS
pt::B005TDWY4I,0.8430,PASS
pt::B005VAORH6,0.8354,PASS
pt::B006GDTTM0,0.8729,PASS
pt::B006K556Y4,0.7333,PASS
pt::B006OLFMZ2,0.8698,PASS
pt::B006WHPQE0,0.8783,PASS
pt::B007FPIP2I,0.8628,PASS
pt::B007KXBUHW,0.7950,PASS
pt::B007X3VEC0,0.8729,PASS
pt::B0084Y47SK,0.7975,PASS
pt::B008OQLLT6,0.8772,PASS
pt::B0096239EC,0.8471,PASS
pt::B0096239G0,0.8029,PASS
pt::B0099SMFP2,0.8790,PASS
pt::B009A4WUXC,0.8604,PASS
pt::B009E1IDLE,0.8759,PASS
pt::B000053HGW,0.8448,PASS
pt::B00005V8R8,0.8494,PASS
pt::B00005YV57,0.7740,PASS
pt::B0000665V7,0.8251,PASS
pt::B00006RH5I,0.8672,PASS
pt::B00007B4DM,0.8482,PASS
pt::B00007GQLT,0.8417,PASS
pt::B00009R6PX,0.8262,PASS
pt::B00009R72R,0.7801,PASS
pt::B00009R76N,0.6286,RETRY
pt::B00009R7E0,0.8441,PASS
pt::B00009R7ZL,0.8298,PASS
pt::B00009R8ZW,0.7215,PASS
pt::B00009R90P,0.8385,PASS
pt::B00009V3CG,0.8628,PASS
pt::B0000AE6AX,0.8685,PASS
pt::B0000AE6B4,0.8643,PASS
pt::B0000BZMIH,0.6003,RETRY
pt::B0000YPGQY,0.8668,PASS
pt::B0001Y6J14,0.8172,PASS
pt::B000234I5I,0.7782,PASS
pt::B0002LEMWE,0.8255,PASS
pt::B00062PN6I,0.8691,PASS
pt::B00064O8Z8,0.8243,PASS
pt::B0007QU6WY,0.8517,PASS
pt::B0007Y791C,0.8486,PASS
pt::B0007Y79E4,0.7948,PASS
pt::B000DZDTKU,0.8443,PASS
pt::B000EPHSLK,0.8705,PASS
pt::B000EQ24Z4,0.7934,PASS
pt::B000F0ELOG,0.8313,PASS
pt::B000F6OJOC,0.8056,PASS
pt::B000I2JI26,0.8751,PASS
pt::B000JFGAUU,0.8302,PASS
pt::B000JLK5UU,0.8613,PASS
pt::B000L9M20G,0.8700,PASS
pt::B000LRMR26,0.8708,PASS
pt::B000M5U9GI,0.8401,PASS
pt::B000NP46K2,0.8474,PASS
pt::B000YB862E,0.7609,PASS
pt::B000ZM8D4I,0.5558,RETRY
pt::B00126XT5E,0.7970,PASS
pt::B0013LRLUM,0.8385,PASS
pt::B001BAW7P4,0.8622,PASS
pt::B001D8S9E2,0.8217,PASS
pt::B001E01DEW,0.8383,PASS
pt::B001EH8FZA,0.8581,PASS
pt::B001FVI91U,0.6958,RETRY
pt::B001G4NBTG,0.7613,PASS
pt::B001G4QXTQ,0.8331,PASS
pt::B001HEJ8GA,0.8024,PASS
pt::B001HLF2KO,0.8624,PASS
pt::B001JE9G3I,0.8658,PASS
pt::B001Q9A69O,0.8410,PASS
pt::B001UNI80A,0.8631,PASS
pt::B001V7XPSA,0.8277,PASS
pt::B001X017G2,0.8265,PASS
pt::B0020HRCHU,0.8076,PASS
pt::B00212O4IE,0.8161,PASS
pt::B00232YR3E,0.8268,PASS
pt::B0027YYMQA,0.7232,PASS
pt::B002A97IJ0,0.8124,PASS
pt::B002BU8LIK,0.8366,PASS
pt::B002C7JG4A,0.8039,PASS
pt::B002K3X2WS,0.8349,PASS
pt::B002KKV7XW,0.5584,RETRY
pt::B002LM38YK,0.8290,PASS
pt::B002ODG5GO,0.8233,PASS
pt::B002OOWC42,0.8430,PASS
pt::B002PLQ8WG,0.8629,PASS
pt::B002TPFNXS,0.8654,PASS
pt::B002VG39BI,0.5973,RETRY
pt::B002W3IXZW,0.6824,RETRY
pt::B002XDQC4K,0.8026,PASS
pt::B0030U9ET0,0.8631,PASS
pt::B0032H4EX2,0.8092,PASS
pt::B003547GRI,0.7394,PASS
pt::B0036NMQ7S,0.8513,PASS
pt::B0037NZ2MI,0.8401,PASS
pt::B0038U9JOM,0.8297,PASS
pt::B003AI272I,0.6960,RETRY
pt::B003AJXUTQ,0.7904,PASS
pt::B003CNQPGU,0.7630,PASS
pt::B003DWP29G,0.8315,PASS
pt::B003HHROBG,0.7244,PASS
pt::B003IB2HYA,0.7871,PASS
pt::B003MACYGS,0.8307,PASS
pt::B003MMY14Y,0.8540,PASS
pt::B003MN1LTQ,0.8094,PASS
pt::B003MX4D0U,0.7839,PASS
pt::B003MY67BW,0.7932,PASS
pt::B003N7P6TC,0.8577,PASS
pt::B003OC6LWM,0.8212,PASS
pt::B003ODSVMY,0.8324,PASS
pt::B003QRX4PC,0.5155,RETRY
pt::B003SX0P1A,0.8700,PASS
pt::B003TO51LC,0.5368,RETRY
pt::B003TSCZRQ,0.7727,PASS
pt::B003TY9THE,0.6686,RETRY
pt::B003ULE6GU,0.8539,PASS
pt::B003VL8D2M,0.8480,PASS
pt::B003XIJ566,0.8748,PASS
pt::B003XJE7FO,0.8010,PASS
pt::B003XQO392,0.8560,PASS
pt::B003XRY4WC,0.6765,RETRY
pt::B003Y3EJMU,0.8405,PASS
pt::B003Y6UNI6,0.8319,PASS
pt::B0041OQKIC,0.8640,PASS
pt::B0041RRNBM,0.7902,PASS
pt::B0042AV11G,0.8403,PASS
pt::B0042KFLJ4,0.8506,PASS
pt::B0044XTJ10,0.8499,PASS
pt::B00475DQ6Y,0.6056,RETRY
pt::B004FK8WYC,0.7970,PASS
pt::B004FM4UFK,0.7783,PASS
pt::B004K8WPUQ,0.7902,PASS
pt::B004KJE8FK,0.8660,PASS
pt::B004KJE8FU,0.8720,PASS
pt::B004LCZG8Y,0.8089,PASS
pt::B004LGRKZC,0.8205,PASS
pt::B004LTAPPG,0.7973,PASS
pt::B004OQZV5U,0.8712,PASS
pt::B004QZFOF6,0.8604,PASS
pt::B004RIC11C,0.8491,PASS
pt::B004T4O3PQ,0.7928,PASS
pt::B004UT0T5S,0.8722,PASS
pt::B004V3I6JY,0.8479,PASS
pt::B004W2T2TM,0.7474,PASS
pt::B00505HA94,0.7256,PASS
pt::B0051GN7WG,0.8316,PASS
pt::B0051GN7WQ,0.8031,PASS
pt::B0051GN88O,0.8201,PASS
pt::B0053YLTBC,0.8455,PASS
pt::B005484N9W,0.8511,PASS
pt::B0055E6TY2,0.6254,RETRY
pt::B0055U6X4M,0.8412,PASS
pt::B0056C4VRK,0.7505,PASS
pt::B005869A16,0.8671,PASS
pt::B0058J1QII,0.8523,PASS
pt::B005B9CNMI,0.8158,PASS
pt::B005BSKKGU,0.8009,PASS
pt::B005D0AE8K,0.8662,PASS
pt::B005ELBSWO,0.8428,PASS
pt::B005EVTCVS,0.7197,PASS
pt::B005FNH9RE,0.8709,PASS
pt::B005G20NRC,0.6755,RETRY
pt::B005GMWENI,0.8586,PASS
pt::B005HUVB5Q,0.8314,PASS
pt::B005JV06QI,0.7892,PASS
pt::B005LFT3GG,0.8621,PASS
pt::B005MZU0MG,0.8664,PASS
pt::B005ODJ6DK,0.8225,PASS
pt::B005Q751BA,0.8213,PASS
pt::B005RFOJT6,0.8141,PASS
pt::B005SSMT8A,0.8377,PASS
pt::B005Z1TV3Q,0.8210,PASS
pt::B0069WHUO2,0.6752,RETRY
pt::B006G5ZVA2,0.8567,PASS
pt::B006RCMC4W,0.8320,PASS
pt::B006VZI4QA,0.8412,PASS
pt::B0075SUHKI,0.8874,PASS
pt::B0077CR5RK,0.8530,PASS
pt::B0077JNN4M,0.8617,PASS
pt::B007FGYZFI,0.8211,PASS
pt::B0087X71ZO,0.8433,PASS
pt::B0089V4WOC,0.7597,PASS
pt::B008E3M4TU,0.8503,PASS
pt::B008KVUAGU,0.8265,PASS
pt::B008S8WA18,0.8237,PASS
pt::B00005I9Q0,0.8799,PASS
pt::B00005LE7A,0.8395,PASS
pt::B00006I5JM,0.7791,PASS
pt::B00006JK37,0.8500,PASS
pt::B00008OE5I,0.8868,PASS
pt::B00008OT2G,0.8462,PASS
pt::B00009MDBQ,0.8325,PASS
pt::B00009R6JT,0.8652,PASS
pt::B00009VQG6,0.7963,PASS
pt::B00009XV7A,0.8553,PASS
pt::B0000BVDM7,0.8018,PASS
pt::B0000C8VEK,0.8867,PASS
pt::B0000CD0B7,0.8610,PASS
pt::B00013J86I,0.8724,PASS
pt::B000144HZE,0.8606,PASS
pt::B0001CNMFM,0.8651,PASS
pt::B0001EY1GY,0.8837,PASS
pt::B0001LFRIS,0.8541,PASS
pt::B0002WT6S8,0.8555,PASS
pt::B0002X8TVW,0.8465,PASS
pt::B00065ANY2,0.8675,PASS
pt::B00066IJPQ,0.8319,PASS
pt::B0007LOZH6,0.8614,PASS
pt::B0007TJ5AK,0.8375,PASS
pt::B00094F6CO,0.8788,PASS
pt::B0009JR5IM,0.8551,PASS
pt::B000A3V8SA,0.8606,PASS
pt::B000BY52NK,0.8370,PASS
pt::B000BY52O4,0.8517,PASS
pt::B000BYCKU8,0.8623,PASS
pt::B000CQPWMS,0.8508,PASS
pt::B000EPHR0C,0.8742,PASS
pt::B000EY5F5C,0.8380,PASS
pt::B000F2YHRA,0.8669,PASS
pt::B000FLNS76,0.7923,PASS
pt::B000FPIUBQ,0.8648,PASS
pt::B000GEQ0HW,0.8487,PASS
pt::B000HGIWN4,0.8599,PASS
pt::B000HJ5N2Y,0.8432,PASS
pt::B000HKLIVI,0.8671,PASS
pt::B000KB96QS,0.8309,PASS
pt::B000KJQ1DG,0.8405,PASS
pt::B000KKPN5C,0.8356,PASS
pt::B000L9OIQ2,0.7716,PASS
pt::B000LU8A7E,0.8635,PASS
pt::B000OK2X6K,0.8440,PASS
pt::B000QUUFRW,0.8712,PASS
pt::B000RPVGJ2,0.8519,PASS
pt::B000RQHAUA,0.8758,PASS
pt::B000VDCT3C,0.7587,PASS
pt::B000VXWO9Q,0.8309,PASS
pt::B000W66HZY,0.8741,PASS
pt::B000ZMCILW,0.7908,PASS
pt::B001202514,0.8554,PASS
pt::B0012WXFO8,0.8724,PASS
pt::B0013A1XDE,0.8257,PASS
pt::B001413EQ6,0.8705,PASS
pt::B001764QQU,0.8749,PASS
pt::B0017T9XDI,0.7336,PASS
pt::B001B0Z4CM,0.8334,PASS
pt::B001C53ZWM,0.8741,PASS
pt::B001DQKH3U,0.8262,PASS
pt::B001EAQZDQ,0.8224,PASS
pt::B001F0R1CY,0.8415,PASS
pt::B001FW9QGQ,0.8633,PASS
pt::B001H5T7LK,0.8293,PASS
pt::B001IOHAVO,0.8794,PASS
pt::B001JTP45C,0.8448,PASS
pt::B001O92JFK,0.8483,PASS
pt::B001V9KG0I,0.5481,RETRY
pt::B002BH3U20,0.8696,PASS
pt::B002C74GPO,0.8700,PASS
pt::B002FJQXXC,0.8262,PASS
pt::B002I636XM,0.8592,PASS
pt::B002MWNT84,0.6975,RETRY
pt::B002ONCC98,0.8832,PASS
pt::B002Y1U2M4,0.8430,PASS
pt::B0036EW94C,0.3868,RETRY
pt::B00385XUG0,0.8779,PASS
pt::B0038P1TP4,0.8007,PASS
pt::B00391Q7AY,0.8449,PASS
pt::B003C2B1O2,0.8514,PASS
pt::B003CFB1AS,0.8687,PASS
pt::B003KIEM3U,0.8513,PASS
pt::B003VVXUS4,0.7935,PASS
pt::B003ZUIHY8,0.8479,PASS
pt::B003ZYF3M8,0.8557,PASS
pt::B004352QXM,0.8789,PASS
pt::B0045EP2IC,0.7781,PASS
pt::B00488G6P8,0.8480,PASS
pt::B0049XEE88,0.8550,PASS
pt::B004C9P9TM,0.8326,PASS
pt::B004G8QO8E,0.8756,PASS
pt::B004GF8TIK,0.6827,RETRY
pt::B004GGK2JI,0.8679,PASS
pt::B004I8WH8I,0.8626,PASS
pt::B004QK5N5W,0.8764,PASS
pt::B004QKM5MG,0.8656,PASS
pt::B004RO9L4Q,0.8101,PASS
pt::B004UHDUNI,0.8129,PASS
pt::B004USLVJM,0.8454,PASS
pt::B004V4IWHY,0.8349,PASS
pt::B004VQRYX0,0.8593,PASS
pt::B004YWIJSA,0.7714,PASS
pt::B0054JJ0QW,0.8296,PASS
pt::B0054LK280,0.8418,PASS
pt::B0054YQO5C,0.8345,PASS
pt::B0056YNA1Q,0.8419,PASS
pt::B005BOMTT0,0.8281,PASS
pt::B005C31HC0,0.7865,PASS
pt::B005CG2ATQ,0.8553,PASS
pt::B005DKIID8,0.8713,PASS
pt::B005DLDO4U,0.8732,PASS
pt::B005EJH6Z4,0.8762,PASS
pt::B005EOWBKE,0.8701,PASS
pt::B005HNHRA6,0.8812,PASS
pt::B005MTME3U,0.8819,PASS
pt::B005RT0EMS,0.8570,PASS
pt::B005VTGB0S,0.8573,PASS
pt::B005X64MNM,0.8368,PASS
pt::B0065KWUCK,0.8536,PASS
pt::B006EWUP4Y,0.8512,PASS
pt::B0076W9Q5A,0.8538,PASS
pt::B007ABANFY,0.5672,RETRY
pt::B007BJHETS,0.8352,PASS
pt::B007K80TGU,0.8326,PASS
pt::B007LLYB4M,0.8578,PASS
pt::B007MS1YEE,0.8768,PASS
pt::B007POD696,0.7046,PASS
pt::B0081KKE4I,0.8597,PASS
pt::B008B14VAK,0.8428,PASS
pt::B008EQYRRY,0.6362,RETRY
pt::B008HYQ7ZI,0.8558,PASS
pt::B008M59QEG,0.8724,PASS
pt::B008MF3GVA,0.8265,PASS
pt::B008OHNZI0,0.8160,PASS
pt::B008OZF9SQ,0.8268,PASS
pt::B00007FWP2,0.8596,PASS
pt::B00009MK5M,0.6908,RETRY
pt::B0002XN3VS,0.7951,PASS
pt::B0007D9B9G,0.8087,PASS
pt::B0009V1BEY,0.8587,PASS
pt::B000EVQ3PQ,0.8727,PASS
pt::B000EWHEM6,0.8128,PASS
pt::B000FFLWLQ,0.8015,PASS
pt::B000HDJT4S,0.8648,PASS
pt::B000JJN9PK,0.8644,PASS
pt::B000M19LES,0.8224,PASS
pt::B000NWNK7U,0.5415,RETRY
pt::B000O8SKZ0,0.8174,PASS
pt::B000XJRZNS,0.8149,PASS
pt::B000XQK2OU,0.8427,PASS
pt::B000YQ48VM,0.7710,PASS
pt::B0010Z28XG,0.8445,PASS
pt::B001144JQU,0.8491,PASS
pt::B0011N180Q,0.8861,PASS
pt::B00123Q936,0.8421,PASS
pt::B0012GE5DE,0.8631,PASS
pt::B00168BSEW,0.8501,PASS
pt::B001E45THA,0.8452,PASS
pt::B001EN8XW4,0.8646,PASS
pt::B001FBM0OW,0.8344,PASS
pt::B001LM66BS,0.7437,PASS
pt::B001NS0OZ4,0.8568,PASS
pt::B001OI2YNS,0.8751,PASS
pt::B001PLIG68,0.8575,PASS
pt::B001R0QBI2,0.8475,PASS
pt::B001T0HWTC,0.7477,PASS
pt::B001TK3D3Q,0.8341,PASS
pt::B002AEU3EW,0.7659,PASS
pt::B002JH3TW8,0.8276,PASS
pt::B002O3KVSC,0.8306,PASS
pt::B002OOWC3S,0.5355,RETRY
pt::B002PHLZXC,0.7807,PASS
pt::B002YOENAS,0.8819,PASS
pt::B0030LO5CU,0.7480,PASS
pt::B0035JJJPU,0.8829,PASS
pt::B0035VFWNG,0.8593,PASS
pt::B0039NLS4C,0.6052,RETRY
pt::B003BLQKI6,0.8312,PASS
pt::B003IT6PHC,0.8139,PASS
pt::B003IT6YFK,0.8092,PASS
pt::B003IT6YFU,0.8322,PASS
pt::B003O2RVGM,0.8521,PASS
pt::B003ULNA3K,0.8125,PASS
pt::B003YM04NO,0.7323,PASS
pt::B0040702HU,0.8677,PASS
pt::B0046SQ8VW,0.7858,PASS
pt::B004CAHTCQ,0.8233,PASS
pt::B004FTREOW,0.8140,PASS
pt::B004H3XNB4,0.8541,PASS
pt::B004J8HWHI,0.8694,PASS
pt::B004M8SVGQ,0.8768,PASS
pt::B004NY9UV4,0.8107,PASS
pt::B004R6WWK4,0.8716,PASS
pt::B004WOK2NK,0.7952,PASS
pt::B004YIFKRM,0.8736,PASS
pt::B0050A1O5U,0.8410,PASS
pt::B0052N9HWM,0.8531,PASS
pt::B005EIGUD4,0.8208,PASS
pt::B005EWB3AU,0.8844,PASS
pt::B005KP47RC,0.8347,PASS
pt::B006JINHYS,0.7252,PASS
pt::B007471PZQ,0.8583,PASS
pt::B0076EHMRW,0.7793,PASS
pt::B007GNN0AG,0.8710,PASS
pt::B007K3SB6K,0.8863,PASS
pt::B00829THO6,0.8774,PASS
pt::B00829THVO,0.8690,PASS
pt::B008MCZJXG,0.8630,PASS
pt::B008RXYOKY,0.8639,PASS
pt::B008X1BVH4,0.8667,PASS
pt::B009APC0R2,0.8728,PASS
pt::B009H0XQPA,0.8358,PASS
pt::B009HQCARY,0.8544,PASS
pt::B00004W3ZQ,0.5806,RETRY
pt::B00005108J,0.7687,PASS
pt::B00005125T,0.8573,PASS
pt::B00005T3Q2,0.7901,PASS
pt::B00009L1UX,0.8713,PASS
pt::B0009CDYF2,0.8850,PASS
pt::B000BQQ2JQ,0.8318,PASS
pt::B000FB44VA,0.8057,PASS
pt::B000FNFSPY,0.8444,PASS
pt::B000NKU5H0,0.8594,PASS
pt::B000WTQ5NU,0.7930,PASS
pt::B0012JCZYM,0.8792,PASS
pt::B00139E1QQ,0.8697,PASS
pt::B0019SI266,0.8530,PASS
pt::B001B99I34,0.8200,PASS
pt::B001O94GNS,0.8288,PASS
pt::B001PS9URK,0.8131,PASS
pt::B001RETZKO,0.8546,PASS
pt::B001S2RDA4,0.8651,PASS
pt::B001SEQSDK,0.8666,PASS
pt::B002Q5XFCM,0.8536,PASS
pt::B002U6EWPG,0.6695,RETRY
pt::B002U6KT8U,0.5867,RETRY
pt::B002UBPBTC,0.8429,PASS
pt::B002W1WHGU,0.8661,PASS
pt::B002W6Z80C,0.8672,PASS
pt::B002ZV7WYE,0.8549,PASS
pt::B00318CGBE,0.8815,PASS
pt::B0034XGLLM,0.8801,PASS
pt::B00361G10S,0.8665,PASS
pt::B003FVJYF8,0.7727,PASS
pt::B003GSLFVG,0.7710,PASS
pt::B003LR7ME6,0.3541,RETRY
pt::B003N8GVUY,0.8350,PASS
pt::B003VTZE4Y,0.8871,PASS
pt::B003VYB2WW,0.8486,PASS
pt::B00429N18S,0.8103,PASS
pt::B0046TDJJK,0.8494,PASS
pt::B004ABQAFO,0.8795,PASS
pt::B004GF1PC2,0.8480,PASS
pt::B004H1PV2A,0.8096,PASS
pt::B004I67P3W,0.8390,PASS
pt::B004INGZCM,0.8505,PASS
pt::B004LSNF04,0.8278,PASS
pt::B004N6259G,0.8655,PASS
pt::B004RDWVUS,0.8628,PASS
pt::B004ZMVQRA,0.8369,PASS
pt::B0053GBC0S,0.8793,PASS
pt::B0055YB7IA,0.7259,PASS
pt::B005HY4UG4,0.8621,PASS
pt::B005I6DVC0,0.8764,PASS
pt::B005K97B4Y,0.8328,PASS
pt::B005LU2Z2A,0.8674,PASS
pt::B005NEZDUA,0.8837,PASS
pt::B00603S1SY,0.8767,PASS
pt::B0060GEZ0E,0.8750,PASS
pt::B00632PC4I,0.8415,PASS
pt::B0066636AS,0.8668,PASS
pt::B00695OFE2,0.7675,PASS
pt::B006GQIIEM,0.8522,PASS
pt::B006MBP7T0,0.8826,PASS
pt::B006U3O566,0.8487,PASS
pt::B006UUF27U,0.8304,PASS
pt::B007Q45EF4,0.8850,PASS
pt::B007QJ3HKI,0.8541,PASS
pt::B007TG5ECW,0.7381,PASS
pt::B007TG5EG8,0.7889,PASS
pt::B007TW93CI,0.8734,PASS
pt::B007W5B55A,0.8582,PASS
pt::B0082B9NHK,0.8537,PASS
pt::B008BR5XBK,0.8630,PASS
pt::B008D1JRIO,0.8920,PASS
pt::B008N7CCJY,0.8442,PASS
pt::B008THTWIW,0.8597,PASS
pt::B008XV7VTG,0.8575,PASS
pt::B0090J652Y,0.8601,PASS
pt::B00998P1JY,0.8618,PASS
pt::B009D4D1NW,0.8587,PASS
pt::B009F1K79Y,0.7989,PASS
pt::B009FX5CY2,0.8692,PASS
pt::B000068O16,0.6744,RETRY
pt::B00007E7JU,0.8483,PASS
pt::B0000U1N38,0.8755,PASS
pt::B0001XGQTA,0.7466,PASS
pt::B0002GV876,0.8786,PASS
pt::B0002J1TUE,0.7955,PASS
pt::B00067OEPO,0.8102,PASS
pt::B00078GLJY,0.6906,RETRY
pt::B000812QC6,0.8009,PASS
pt::B00092GM0Q,0.8486,PASS
pt::B0009DT87O,0.8473,PASS
pt::B000B9O83A,0.8298,PASS
pt::B000CCUG64,0.7967,PASS
pt::B000OQUMKI,0.8683,PASS
pt::B000UWYM5C,0.6988,RETRY
pt::B000V6T66C,0.7733,PASS
pt::B000XFVZ5G,0.8515,PASS
pt::B0011B9F1M,0.8295,PASS
pt::B00137JVRM,0.7429,PASS
pt::B0017H4EBG,0.7829,PASS
pt::B001AJ8RAA,0.8556,PASS
pt::B001CF60R4,0.7657,PASS
pt::B001L6LG5K,0.8700,PASS
pt::B001N89O8C,0.8825,PASS
pt::B001W3FXAQ,0.8014,PASS
pt::B00274QWUO,0.8496,PASS
pt::B00285D1FQ,0.7816,PASS
pt::B0029N3U8K,0.7895,PASS
pt::B002MY8ENM,0.8488,PASS
pt::B002P8LZ36,0.8502,PASS
pt::B002XIJ4DG,0.8473,PASS
pt::B0035FZ142,0.7243,PASS
pt::B0035FZ14M,0.7249,PASS
pt::B0037NX6JY,0.8402,PASS
pt::B003FG7IG0,0.8821,PASS
pt::B003IOYXVM,0.6924,RETRY
pt::B003LVZYNI,0.8733,PASS
pt::B003NYSZUW,0.7771,PASS
pt::B003Q9RERY,0.7482,PASS
pt::B003UI62AG,0.8341,PASS
pt::B003Y30334,0.7247,PASS
pt::B003Y73Q5M,0.8102,PASS
pt::B003ZTVDIQ,0.8481,PASS
pt::B0040X4PV8,0.8412,PASS
pt::B0044UHMOO,0.8445,PASS
pt::B004FTG0JC,0.8013,PASS
pt::B004IBK3PE,0.8457,PASS
pt::B0052SCTLI,0.8570,PASS
pt::B0055MBQOM,0.8045,PASS
pt::B0055MBQOW,0.8188,PASS
pt::B0058X0TFA,0.7323,PASS
pt::B005GMWEI8,0.7819,PASS
pt::B005H3Q57M,0.8406,PASS
pt::B005HJWWW8,0.8700,PASS
pt::B005HY4U5A,0.8102,PASS
pt::B005Y3T1AI,0.8468,PASS
pt::B006LG9R4M,0.4766,RETRY
pt::B007BXD66E,0.8433,PASS
pt::B007KI8IMW,0.8459,PASS
pt::B007RZB3KM,0.8153,PASS
pt::B008AE2WV8,0.8629,PASS
pt::B008N06I2I,0.8450,PASS
pt::B008ZGKWQI,0.8640,PASS
pt::B0000649F8,0.8795,PASS
pt::B000068O34,0.7655,PASS
pt::B00006IS4X,0.8422,PASS
pt::B00006LSVL,0.8184,PASS
pt::B0001AOGAE,0.8175,PASS
pt::B0001FTVE0,0.8273,PASS
pt::B0001HKIK4,0.8356,PASS
pt::B00065X51U,0.8678,PASS
pt::B0007RALGO,0.8857,PASS
pt::B0007UQNV8,0.7556,PASS
pt::B0007XDI54,0.8376,PASS
pt::B000BKP7ZW,0.8806,PASS
pt::B000BN94F8,0.8604,PASS
pt::B000CP4JMS,0.7368,PASS
pt::B000CP4ML6,0.8753,PASS
pt::B000E5FOYS,0.8694,PASS
pt::B000EHUFLI,0.8189,PASS
pt::B000F2PHDI,0.8733,PASS
pt::B000I68BD4,0.8701,PASS
pt::B000IN09C8,0.7132,PASS
pt::B000N53TDM,0.8275,PASS
pt::B000NZVR3Q,0.8155,PASS
pt::B000OGX5AM,0.7177,PASS
pt::B000OH75MA,0.8708,PASS
pt::B000Q5APCC,0.7975,PASS
pt::B000UELQPY,0.8262,PASS
pt::B000V0BXLE,0.8058,PASS
pt::B000VAKI60,0.8801,PASS
pt::B000WOIG8C,0.8718,PASS
pt::B000Y97Q86,0.7971,PASS
pt::B000YC8NYY,0.8457,PASS
pt::B0011ZK6ZC,0.8625,PASS
pt::B0011ZPKVM,0.8869,PASS
pt::B00141CIZO,0.8445,PASS
pt::B0014T7W8Y,0.8601,PASS
pt::B0015S8PGW,0.8644,PASS
pt::B001AVRD62,0.8657,PASS
pt::B001BM5XB2,0.8261,PASS
pt::B001CCLBSA,0.8614,PASS
pt::B001CZCVG8,0.8767,PASS
pt::B001CZCYBU,0.8437,PASS
pt::B001EJJ2UU,0.8443,PASS
pt::B001GIOQBE,0.8550,PASS
pt::B001M6RQB2,0.8388,PASS
pt::B001PKTR76,0.8658,PASS
pt::B001PNCNVK,0.8723,PASS
pt::B001PPVXPK,0.8773,PASS
pt::B001S4OTS6,0.8745,PASS
pt::B001V9KG08,0.8777,PASS
pt::B001VEAI74,0.8190,PASS
pt::B0021MGPYA,0.8113,PASS
pt::B0021Y73W6,0.8826,PASS
pt::B0025VKUQ6,0.8732,PASS
pt::B00276S5F2,0.8806,PASS
pt::B002BA596W,0.8499,PASS
pt::B002DPTQ8W,0.8626,PASS
pt::B002I636YG,0.8721,PASS
pt::B002IKLJU0,0.8583,PASS
pt::B002LEVGMO,0.8833,PASS
pt::B002OJN250,0.8680,PASS
pt::B002TLSOG0,0.5792,RETRY
pt::B002VPDM2K,0.8597,PASS
pt::B00359EXXI,0.8440,PASS
pt::B0039BPG1A,0.8642,PASS
pt::B0039BPG4M,0.8544,PASS
pt::B003AM87Q4,0.8771,PASS
pt::B003WJR68U,0.8799,PASS
pt::B003YKG2W8,0.8831,PASS
pt::B0040X3EG0,0.8243,PASS
pt::B0045EFZUM,0.8428,PASS
pt::B004H9C4JK,0.7882,PASS
pt::B004KMC0SO,0.8689,PASS
pt::B004OVECU0,0.8785,PASS
pt::B004QK7HI8,0.8505,PASS
pt::B005ECB3PU,0.8558,PASS
pt::B005GOINEK,0.8756,PASS
pt::B005LAIEN4,0.8652,PASS
pt::B005QXX35K,0.7124,PASS
pt::B005U8XJO6,0.8306,PASS
pt::B0061XSDJ0,0.8496,PASS
pt::B0067PLM5E,0.8677,PASS
pt::B006JJ8ZU8,0.8316,PASS
pt::B006LW0W5Y,0.6746,RETRY
pt::B006VJT1K4,0.8624,PASS
pt::B007CO5DZ4,0.4165,RETRY
pt::B007H3L24Q,0.8648,PASS
pt::B007JY58FM,0.8747,PASS
pt::B007K8WUWG,0.8352,PASS
pt::B007N4SPGW,0.8596,PASS
pt::B007O0KR48,0.8747,PASS
pt::B007UYKG4E,0.8256,PASS
pt::B008BXSY7E,0.8624,PASS
pt::B008D2POAS,0.8464,PASS
pt::B008GFHP5O,0.8510,PASS
pt::B008KEPU8A,0.8778,PASS
pt::B008Y2SPH6,0.8364,PASS
pt::B009B0MY6S,0.8896,PASS
pt::B009KUT30E,0.7865,PASS
pt::B00000J08C,0.5827,RETRY
pt::B00000JHVP,0.8492,PASS
pt::B00004RC2D,0.8532,PASS
pt::B00004Z5KA,0.7026,PASS
pt::B00005NPWJ,0.8571,PASS
pt::B000067O7T,0.8413,PASS
pt::B00007JO36,0.7625,PASS
pt::B00009VQJZ,0.8295,PASS
pt::B0001LS3EI,0.7467,PASS
pt::B0001Y0OY2,0.8116,PASS
pt::B0002GRUFU,0.8183,PASS
pt::B00080G0BK,0.8570,PASS
pt::B0009HN588,0.8176,PASS
pt::B000ANOYMC,0.8206,PASS
pt::B000B8YH3W,0.8417,PASS
pt::B000BSHLJO,0.7414,PASS
pt::B000EIZPLM,0.7692,PASS
pt::B000KFRSG4,0.8176,PASS
pt::B000KLHDZO,0.8535,PASS
pt::B000KMZSQ4,0.8162,PASS
pt::B000KZ70JE,0.8448,PASS
pt::B000MQHHHQ,0.7676,PASS
pt::B000NG67E4,0.8712,PASS
pt::B000NWIOM6,0.8715,PASS
pt::B000SAJJX6,0.8014,PASS
pt::B000ZNRBK4,0.8132,PASS
pt::B001287F4S,0.8163,PASS
pt::B0014SWPO6,0.7940,PASS
pt::B0014SWPQO,0.8517,PASS
pt::B0016D1I0G,0.7386,PASS
pt::B0016LNJXM,0.8015,PASS
pt::B0017U87TS,0.8061,PASS
pt::B00180LGX6,0.8786,PASS
pt::B001HBIZPS,0.7281,PASS
pt::B001K9BFB8,0.8262,PASS
pt::B001MX5YWI,0.8427,PASS
pt::B001QTXKB0,0.8532,PASS
pt::B001S2PPT0,0.8487,PASS
pt::B001UI4EQC,0.8032,PASS
pt::B001V8SOIA,0.8255,PASS
pt::B001VEIZY2,0.7214,PASS
pt::B00267S7TQ,0.8364,PASS
pt::B0028Y9BX8,0.8650,PASS
pt::B002KEE5TQ,0.7459,PASS
pt::B002QBS9KE,0.8538,PASS
pt::B0035ERKYW,0.8807,PASS
pt::B0039ZBEBM,0.7371,PASS
pt::B003I4FD9I,0.8506,PASS
pt::B003L1ZYZ6,0.8420,PASS
pt::B003M349VS,0.8605,PASS
pt::B003VYB1KK,0.8780,PASS
pt::B003Y8DIRC,0.6632,RETRY
pt::B004265KQM,0.7940,PASS
pt::B004477D00,0.8740,PASS
pt::B0045J2LVS,0.8267,PASS
pt::B0045TYDNC,0.8587,PASS
pt::B0046CBF6Q,0.8509,PASS
pt::B0049GEFU2,0.7446,PASS
pt::B0049J2FIS,0.6824,RETRY
pt::B004AX9F9A,0.8690,PASS
pt::B004BATXQC,0.7798,PASS
pt::B004ETQHV4,0.8291,PASS
pt::B004I8HNQO,0.8596,PASS
pt::B004L5R35U,0.8637,PASS
pt::B004L5W6R0,0.8539,PASS
pt::B004N6ZC8W,0.7937,PASS
pt::B004VQCUCU,0.8487,PASS
pt::B004XW2NEW,0.8439,PASS
pt::B004YG7JV4,0.8271,PASS
pt::B004Z8W7DG,0.8481,PASS
pt::B00506VIIC,0.8079,PASS
pt::B0052WPO20,0.8034,PASS
pt::B00546JKJC,0.7157,PASS
pt::B0056K1YEA,0.8625,PASS
pt::B005CWIVYI,0.8237,PASS
pt::B005D2JE2A,0.8688,PASS
pt::B005G9PSHA,0.8215,PASS
pt::B005HY4TXS,0.7799,PASS
pt::B005IGVXJS,0.8584,PASS
pt::B005K2X8L6,0.8340,PASS
pt::B005OMOUDM,0.8637,PASS
pt::B005VDWFQI,0.8499,PASS
pt::B005WX50DM,0.8789,PASS
pt::B0061MRHZW,0.8251,PASS
pt::B00634PLTW,0.8393,PASS
pt::B0064EL2DK,0.8744,PASS
pt::B0069S2RV2,0.6958,RETRY
pt::B006DEBYWU,0.8529,PASS
pt::B006L8KRXA,0.4450,RETRY
pt::B006ZT4VA0,0.8739,PASS
pt::B007BXD6DW,0.8221,PASS
pt::B007G5Y38M,0.8642,PASS
pt::B007MV7H8S,0.8594,PASS
pt::B007N6YIF2,0.8369,PASS
pt::B007NJ3SIM,0.8799,PASS
pt::B007TATS2U,0.8347,PASS
pt::B007TIYYQ2,0.8418,PASS
pt::B007TIYZ3Y,0.8413,PASS
pt::B0080PLH0Y,0.7672,PASS
pt::B0081ER9KG,0.8430,PASS
pt::B00829THH8,0.8758,PASS
pt::B008HOBS98,0.8659,PASS
pt::B008MF3Y1W,0.7392,PASS
pt::B008OCNXDW,0.8137,PASS
pt::B008OIYDM6,0.8635,PASS
pt::B0090SLE30,0.8563,PASS
pt::B0093IZOV0,0.8301,PASS
pt::B0096JZRBI,0.8246,PASS
pt::B009924TSY,0.7693,PASS
pt::B009AOFKUM,0.8333,PASS
pt::B009IBXIOM,0.8530,PASS
pt::B00000DM9W,0.7931,PASS
pt::B00004TDLD,0.8681,PASS
pt::B000063WQ0,0.8402,PASS
pt::B000083KIH,0.8096,PASS
pt::B00008AWKZ,0.8489,PASS
pt::B0000BZ2WA,0.8561,PASS
pt::B0001BXV9U,0.8773,PASS
pt::B0001YGIB0,0.8797,PASS
pt::B0002SQ2P2,0.8729,PASS
pt::B0006TIA02,0.8655,PASS
pt::B0007QN18U,0.8797,PASS
pt::B00083Y4HO,0.8563,PASS
pt::B000928KII,0.8681,PASS
pt::B0009FJEUS,0.7925,PASS
pt::B0009WG6KM,0.8263,PASS
pt::B000AAN76Y,0.5014,RETRY
pt::B000AV14J0,0.8657,PASS
pt::B000BJHH1K,0.8604,PASS
pt::B000BTL0OA,0.8302,PASS
pt::B000C0V5RU,0.8316,PASS
pt::B000CNM8ZU,0.8008,PASS
pt::B000EWHH7I,0.8592,PASS
pt::B000FITKK8,0.8644,PASS
pt::B000GGQCIM,0.8738,PASS
pt::B000IJV4BC,0.8624,PASS
pt::B000IZDN60,0.8222,PASS
pt::B000JP1TFG,0.8674,PASS
pt::B000L6OYIM,0.8710,PASS
pt::B000LVIC58,0.8623,PASS
pt::B000M3HVLQ,0.8727,PASS
pt::B000NDA5E0,0.8591,PASS
pt::B000NLLXVQ,0.8778,PASS
pt::B000ODN7VM,0.8818,PASS
pt::B000SQYZE8,0.7542,PASS
pt::B000UJN2TW,0.8678,PASS
pt::B000W8UIZW,0.8539,PASS
pt::B000WYVBR0,0.7926,PASS
pt::B000X4PJG8,0.8507,PASS
pt::B00126U0VA,0.7489,PASS
pt::B00166EUI0,0.8548,PASS
pt::B0017K6BD2,0.6180,RETRY
pt::B00180MMZC,0.8343,PASS
pt::B001A4HAFS,0.8588,PASS
pt::B001B5QYDU,0.8190,PASS
pt::B001BNTVZU,0.8698,PASS
pt::B001EPUQAE,0.7936,PASS
pt::B001F4YIYY,0.8395,PASS
pt::B001JG2VO2,0.6642,RETRY
pt::B001JKNMBE,0.7480,PASS
pt::B001OLZE9G,0.8054,PASS
pt::B001QUA6R0,0.7805,PASS
pt::B001SAJ1VA,0.8027,PASS
pt::B001TI7GTK,0.8834,PASS
pt::B001W26TIW,0.8342,PASS
pt::B001XHBNN2,0.8151,PASS
pt::B00224ZDFY,0.8147,PASS
pt::B00292BT8O,0.8623,PASS
pt::B002FRLEIS,0.7756,PASS
pt::B002IGT7IK,0.8091,PASS
pt::B002IGT7IU,0.7075,PASS
pt::B002IJA1EG,0.8095,PASS
pt::B002ISVI3U,0.8590,PASS
pt::B002NEFL8W,0.8511,PASS
pt::B002RL875A,0.8628,PASS
pt::B002SCPH9W,0.8376,PASS
pt::B002TLT10I,0.8709,PASS
pt::B002UOR17Y,0.8181,PASS
pt::B00322PYXG,0.8802,PASS
pt::B0037258L4,0.8399,PASS
pt::B0038KR8WM,0.8826,PASS
pt::B0038LILTK,0.8524,PASS
pt::B0038S41YM,0.8861,PASS
pt::B0038W0K2K,0.8670,PASS
pt::B003BREVRM,0.8110,PASS
pt::B003IT6RDE,0.8709,PASS
pt::B003LL1EM8,0.8495,PASS
pt::B003TSDG06,0.8363,PASS
pt::B003ZM7YTA,0.8485,PASS
pt::B004EBUXHQ,0.8532,PASS
pt::B004HO58SO,0.5979,RETRY
pt::B004I1SYAK,0.7501,PASS
pt::B004LZ5XMU,0.7105,PASS
pt::B004Q7JRJI,0.8417,PASS
pt::B004S4R5CK,0.8030,PASS
pt::B004WYA852,0.8678,PASS
pt::B004Z16VTE,0.7958,PASS
pt::B0054KPK9C,0.8509,PASS
pt::B0054QNL38,0.8663,PASS
pt::B005ES0YYA,0.8652,PASS
pt::B005FE72Q6,0.8690,PASS
pt::B005GC7YJ2,0.8483,PASS
pt::B005GCSZD6,0.8363,PASS
pt::B005GRETPO,0.8420,PASS
pt::B005LN1JEC,0.8253,PASS
pt::B005PSQ5TM,0.8379,PASS
pt::B006TF36TM,0.8701,PASS
pt::B007P71IM0,0.8746,PASS
pt::B007QOX5A0,0.8737,PASS
pt::B007SZ0EOW,0.8596,PASS
pt::B0089IHBE8,0.8568,PASS
pt::B008JJLW4M,0.8522,PASS
pt::B008KW62WK,0.7450,PASS
pt::B008PWU6HM,0.8686,PASS
pt::B008RJZQSW,0.8504,PASS
pt::B008UGPBXM,0.8291,PASS
pt::B0093H4VBU,0.8526,PASS
pt::B0099SMFVQ,0.8788,PASS
pt::B009H0XQPU,0.8298,PASS
pt::B009KY58FE,0.8654,PASS
pt::1400699169,0.8733,PASS
pt::B00004SQET,0.7984,PASS
pt::B00004WCGF,0.8436,PASS
pt::B0000DIACI,0.7932,PASS
pt::B00061UHDS,0.8504,PASS
pt::B00081GAQ4,0.8162,PASS
pt::B00091S0WA,0.8492,PASS
pt::B000A7XSSY,0.8793,PASS
pt::B000BI2CIO,0.8822,PASS
pt::B000FCR754,0.8385,PASS
pt::B000GR3XYM,0.8703,PASS
pt::B000H6CBA4,0.8584,PASS
pt::B000I1D0BW,0.6583,RETRY
pt::B000P6BSEG,0.8692,PASS
pt::B000Z3A8UY,0.8599,PASS
pt::B0013N3T7O,0.7324,PASS
pt::B00184769U,0.8445,PASS
pt::B00192VWVY,0.8676,PASS
pt::B001FSKDWG,0.8520,PASS
pt::B001HLA3MG,0.8578,PASS
pt::B001ISKNKA,0.8569,PASS
pt::B001ISKNKU,0.8575,PASS
pt::B001IUQB2W,0.7658,PASS
pt::B001MSU1FS,0.8075,PASS
pt::B001OC5L0C,0.8840,PASS
pt::B001T9N11Q,0.8540,PASS
pt::B001T9N120,0.8517,PASS
pt::B001T9N12A,0.8600,PASS
pt::B001TX9P6W,0.8489,PASS
pt::B0028ACYKE,0.8783,PASS
pt::B002CZQ4GU,0.8688,PASS
pt::B002DUEBIC,0.8665,PASS
pt::B002FFZGCU,0.8767,PASS
pt::B002HHLOWC,0.8558,PASS
pt::B002IKLJV4,0.8357,PASS
pt::B002IKLJVE,0.8411,PASS
pt::B002KKYXSI,0.6585,RETRY
pt::B002L6H66M,0.6981,RETRY
pt::B002LARRDA,0.8599,PASS
pt::B002LARVXQ,0.7869,PASS
pt::B002VPE1Z2,0.8489,PASS
pt::B0034LNR7A,0.7936,PASS
pt::B00365YT4E,0.8589,PASS
pt::B0036RFEM8,0.8904,PASS
pt::B003732AE6,0.8683,PASS
pt::B003CJTQJC,0.8776,PASS
pt::B003CT4YYO,0.8565,PASS
pt::B003EO1H7E,0.8730,PASS
pt::B003IRR0YQ,0.8192,PASS
pt::B003N65X28,0.8426,PASS
pt::B003NQ6Z6Q,0.8530,PASS
pt::B003S6AXVO,0.8475,PASS
pt::B003WIYMA6,0.8861,PASS
pt::B003WOLM62,0.8711,PASS
pt::B003WQ2T5S,0.8665,PASS
pt::B003YT56WG,0.8628,PASS
pt::B0041RRS0I,0.8686,PASS
pt::B0042SDDXM,0.8781,PASS
pt::B0043VE26U,0.8476,PASS
pt::B004BU7VM0,0.8790,PASS
pt::B004C6QO94,0.8625,PASS
pt::B004CHNKE0,0.8316,PASS
pt::B004CLYEBY,0.5561,RETRY
pt::B004JJTIEW,0.7099,PASS
pt::B004JMZPJG,0.8479,PASS
pt::B004NVX8S8,0.7756,PASS
pt::B004OOOQTE,0.8693,PASS
pt::B004OXOFWS,0.8697,PASS
pt::B004ROOCO0,0.8259,PASS
pt::B004TPPWT6,0.8502,PASS
pt::B00507ALBG,0.7867,PASS
pt::B0053ZA6K6,0.8108,PASS
pt::B005441I3K,0.8396,PASS
pt::B0055OPXZ8,0.8576,PASS
pt::B005BON4K8,0.7242,PASS
pt::B005BZNE2U,0.8661,PASS
pt::B005G8G0LO,0.8734,PASS
pt::B005KUOMZE,0.8777,PASS
pt::B005L2NA54,0.8542,PASS
pt::B005LMWP82,0.8801,PASS
pt::B005LMWPGY,0.8780,PASS
pt::B005MQ7C9E,0.8584,PASS
pt::B005R9SD1W,0.8512,PASS
pt::B005YR1PV2,0.8373,PASS
pt::B00609B3J2,0.8366,PASS
pt::B0062XB9FE,0.8679,PASS
pt::B006ZAHMZA,0.8919,PASS
pt::B0070ZHY6G,0.7474,PASS
pt::B00726185Q,0.8583,PASS
pt::B0078GCMGY,0.8797,PASS
pt::B007BCIJP8,0.8080,PASS
pt::B007JPVT8G,0.8244,PASS
pt::B007X3VECU,0.8457,PASS
pt::B007XJG42E,0.8936,PASS
pt::B007XJG4F6,0.8929,PASS
pt::B007Y8DJ22,0.8130,PASS
pt::B007ZT24NA,0.8754,PASS
pt::B007ZZAMAQ,0.8247,PASS
pt::B0083I85HQ,0.7338,PASS
pt::B0086OGLUK,0.8599,PASS
pt::B0086OGLXC,0.8605,PASS
pt::B0089ZV1WY,0.8567,PASS
pt::B008CNXXM4,0.8428,PASS
pt::B008HJF60U,0.8761,PASS
pt::B008LCYIHK,0.6603,RETRY
pt::B008RQCCF0,0.8337,PASS
pt::B008XGS9G0,0.8897,PASS
pt::B0093XTHKE,0.8677,PASS
pt::B0098O9TB0,0.8778,PASS
pt::B009C97GNE,0.8484,PASS
pt::B009D79VH4,0.8649,PASS
pt::B00004THCZ,0.8426,PASS
pt::B00004WCIC,0.8440,PASS
pt::B00005K47X,0.8241,PASS
pt::B00006I53W,0.8386,PASS
pt::B00007AKDP,0.8776,PASS
pt::B00008RW8B,0.8622,PASS
pt::B00009U0XI,0.8598,PASS
pt::B0000BYRIN,0.8669,PASS
pt::B0001FSCZO,0.8528,PASS
pt::B0001G6U4S,0.8820,PASS
pt::B0002OCF0C,0.8829,PASS
pt::B0002OD3JY,0.8792,PASS
pt::B0004HPY28,0.8502,PASS
pt::B0006A7X36,0.8589,PASS
pt::B0007WK8KS,0.8483,PASS
pt::B0007Y794O,0.8451,PASS
pt::B000AM3U2I,0.7754,PASS
pt::B000N8DJB6,0.7921,PASS
pt::B000V8RCTS,0.8708,PASS
pt::B001BW5JN4,0.8617,PASS
pt::B001CIREXA,0.8775,PASS
pt::B001P05NJC,0.7978,PASS
pt::B00263D7A4,0.8187,PASS
pt::B002IRPA2G,0.8513,PASS
pt::B0030MHL66,0.8082,PASS
pt::B0033A7K7A,0.8171,PASS
pt::B00393THEK,0.8550,PASS
pt::B0039VYN1Y,0.8482,PASS
pt::B003MVMTDA,0.8591,PASS
pt::B003MVYTBU,0.8480,PASS
pt::B0041Q38N0,0.8588,PASS
pt::B0046RE21G,0.8527,PASS
pt::B004HG056M,0.8598,PASS
pt::B004JKBT1Q,0.8218,PASS
pt::B004LPY204,0.8507,PASS
pt::B004TLH6IU,0.8672,PASS
pt::B004U28GW8,0.8686,PASS
pt::B004UTQRHW,0.8609,PASS
pt::B004YLCFCM,0.8667,PASS
pt::B004Z0S7K6,0.8662,PASS
pt::B004ZNA3UA,0.8683,PASS
pt::B0052L77QW,0.8383,PASS
pt::B0053ORUS8,0.8570,PASS
pt::B0058VIWTM,0.8451,PASS
pt::B005DLDTAE,0.8720,PASS
pt::B005DVJJWQ,0.8669,PASS
pt::B005FA2XWI,0.8301,PASS
pt::B005H1Z8P4,0.8225,PASS
pt::B005HXFARS,0.8301,PASS
pt::B005J7YA4G,0.8618,PASS
pt::B005P5UMVM,0.8650,PASS
pt::B0062FZ2WS,0.8692,PASS
pt::B0067WUVF4,0.8400,PASS
pt::B006XXQRSM,0.8515,PASS
pt::B007NKOC2W,0.8281,PASS
pt::B007RE0EQC,0.8362,PASS
pt::B007SRCZMY,0.8462,PASS
pt::B007WT9SSC,0.8296,PASS
pt::B007Y5PQQ2,0.8627,PASS
pt::B00840353W,0.8655,PASS
pt::B00884WH74,0.7543,PASS
pt::B008DW95NA,0.8319,PASS
pt::B008EC4O76,0.8452,PASS
pt::B008EQZ25K,0.6252,RETRY
pt::B008FSYUO6,0.7982,PASS
pt::B008PEVUBG,0.8567,PASS
pt::B00906HNZU,0.7863,PASS
pt::B0093HMKVI,0.8520,PASS
pt::B009F1CWZ6,0.8705,PASS
pt::B009NB8WR0,0.8615,PASS
pt::B00008SCFL,0.8500,PASS
pt::B0001XE07K,0.8503,PASS
pt::B0002GDIII,0.7373,PASS
pt::B0006BKH3S,0.8324,PASS
pt::B0007KX4VU,0.8675,PASS
pt::B0007T27D2,0.8617,PASS
pt::B000AMLXHW,0.7882,PASS
pt::B000BUEMOO,0.8574,PASS
pt::B000C1Z0HA,0.8573,PASS
pt::B000E1D36S,0.8408,PASS
pt::B000F8FC9G,0.7702,PASS
pt::B000MP831G,0.8623,PASS
pt::B000QU8J8E,0.7687,PASS
pt::B000UWX70S,0.8136,PASS
pt::B000UZCR56,0.8629,PASS
pt::B000W9OJVA,0.8401,PASS
pt::B000WGB3XK,0.8778,PASS
pt::B000XB4P8Y,0.8641,PASS
pt::B000XTP3XW,0.8534,PASS
pt::B001418UU6,0.8579,PASS
pt::B00152OB4I,0.8635,PASS
pt::B0017H4G0A,0.8603,PASS
pt::B001A78PQI,0.8525,PASS
pt::B001D559Y8,0.8734,PASS
pt::B001ET6P28,0.8330,PASS
pt::B001IBMLKM,0.8618,PASS
pt::B001LYX3MQ,0.8474,PASS
pt::B001VEJEGK,0.8864,PASS
pt::B0026L7FGI,0.8794,PASS
pt::B0029LB5D4,0.8407,PASS
pt::B002AVXDWE,0.6339,RETRY
pt::B002M78L64,0.8496,PASS
pt::B002TOJXIA,0.7472,PASS
pt::B002VPE1XE,0.8561,PASS
pt::B002VPE1Y8,0.8692,PASS
pt::B002WN30IM,0.8554,PASS
pt::B0031GK3OI,0.8491,PASS
pt::B00385I7TU,0.7663,PASS
pt::B003FGF2MC,0.8681,PASS
pt::B003GAMO6Y,0.8392,PASS
pt::B003LRVNUU,0.8151,PASS
pt::B003LVZO8S,0.8672,PASS
pt::B0041H079W,0.8347,PASS
pt::B00439G3W8,0.8677,PASS
pt::B00456V6WG,0.8774,PASS
pt::B0045XV2CI,0.8101,PASS
pt::B00486MH80,0.8773,PASS
pt::B0049LBJ56,0.6481,RETRY
pt::B004CVJID8,0.8563,PASS
pt::B004D3QOPA,0.8537,PASS
pt::B004D4R9VC,0.8825,PASS
pt::B004HCYOIG,0.8088,PASS
pt::B004NY9V0O,0.8310,PASS
pt::B004QZASJ8,0.7827,PASS
pt::B004X49TAG,0.8555,PASS
pt::B004YIZWFM,0.8291,PASS
pt::B005B3VO24,0.8352,PASS
pt::B005EVEL00,0.8282,PASS
pt::B005Q3144W,0.8766,PASS
pt::B0060DW03G,0.8535,PASS
pt::B006FXVT6K,0.8442,PASS
pt::B006MJZOMW,0.8439,PASS
pt::B006YG9MU8,0.8360,PASS
pt::B00742BLO6,0.8750,PASS
pt::B0078ZZ5Q4,0.8680,PASS
pt::B0079T722E,0.8655,PASS
pt::B007E2M3SY,0.7621,PASS
pt::B007FPIP6Y,0.8673,PASS
pt::B007P5LZP2,0.8796,PASS
pt::B007XOQUY6,0.5835,RETRY
pt::B0081TXIQA,0.8300,PASS
pt::B0086KP1SM,0.7928,PASS
pt::B008C1JC4O,0.8667,PASS
pt::B008HU9R7W,0.8599,PASS
pt::B008RN266I,0.7891,PASS
pt::B008UHK3KM,0.8517,PASS
pt::B008V3TH48,0.7422,PASS
pt::B0096T97OG,0.7238,PASS
pt::B009JP461G,0.8712,PASS
pt::B00002EQCS,0.8595,PASS
pt::B00004Z5QU,0.6049,RETRY
pt::B000067SBB,0.7833,PASS
pt::B000067SOH,0.8515,PASS
pt::B000068O33,0.7166,PASS
pt::B000068O51,0.6847,RETRY
pt::B00007FGUF,0.7486,PASS
pt::B000083JZG,0.8573,PASS
pt::B0000A2QBP,0.7452,PASS
pt::B0000AZJZT,0.8523,PASS
pt::B0000B006W,0.7586,PASS
pt::B0000TU7IG,0.8799,PASS
pt::B0001Y7UAI,0.6917,RETRY
pt::B0002A4M4I,0.8801,PASS
pt::B0002ER2YQ,0.8136,PASS
pt::B0002ER2Z0,0.7881,PASS
pt::B0002GX1XA,0.7947,PASS
pt::B0002WYJSU,0.8757,PASS
pt::B000BK393Y,0.7818,PASS
pt::B000BRQU0Q,0.8561,PASS
pt::B000BX1XGQ,0.7969,PASS
pt::B000CBSGYE,0.8301,PASS
pt::B000E5GGQI,0.7909,PASS
pt::B000E8DMU8,0.7814,PASS
pt::B000F3VHV8,0.8430,PASS
pt::B000P24YBY,0.7197,PASS
pt::B000PGCTRG,0.8460,PASS
pt::B000Q85WRC,0.8635,PASS
pt::B000QY9KIS,0.8385,PASS
pt::B000QYEN1W,0.7956,PASS
pt::B000R5LWRI,0.8485,PASS
pt::B000R9J5OG,0.6395,RETRY
pt::B000T8YM34,0.7583,PASS
pt::B000T93UR2,0.8409,PASS
pt::B000V0GXR8,0.8336,PASS
pt::B000XCQ0LI,0.8389,PASS
pt::B000Y9KIOK,0.8203,PASS
pt::B001196MG0,0.8213,PASS
pt::B0016LFN2C,0.6633,RETRY
pt::B0018BQR84,0.7910,PASS
pt::B0018MB9U4,0.6893,RETRY
pt::B001EZ46F0,0.8510,PASS
pt::B001JT5S7Q,0.7513,PASS
pt::B001K3JPRA,0.8556,PASS
pt::B001OZFCI0,0.8182,PASS
pt::B001PI9AAC,0.6331,RETRY
pt::B001PS9E5I,0.8732,PASS
pt::B001S0LUCI,0.5918,RETRY
pt::B001TGUYI2,0.4567,RETRY
pt::B001U3Y8MW,0.8411,PASS
pt::B001U3YIT0,0.8185,PASS
pt::B002024KSE,0.6767,RETRY
pt::B0024UEVUO,0.7241,PASS
pt::B0026HSQ3I,0.8397,PASS
pt::B0027AGK3M,0.8123,PASS
pt::B002IO2UM2,0.8587,PASS
pt::B002JGVPH0,0.8247,PASS
pt::B002LBROAA,0.6599,RETRY
pt::B002M3SHXA,0.8629,PASS
pt::B002MZUNXU,0.8427,PASS
pt::B002N2EHVQ,0.6845,RETRY
pt::B002P32990,0.6095,RETRY
pt::B002RCNX8K,0.7699,PASS
pt::B002RYYZZS,0.8613,PASS
pt::B002SIMPXM,0.6114,RETRY
pt::B002TLTEAA,0.8659,PASS
pt::B002XW44QY,0.8596,PASS
pt::B0034KO59U,0.7975,PASS
pt::B0035PS55O,0.6433,RETRY
pt::B0036R9XRU,0.8647,PASS
pt::B003B4BBFK,0.8778,PASS
pt::B003D3MFHC,0.8661,PASS
pt::B003L18RZU,0.6284,RETRY
pt::B003L18WTQ,0.7172,PASS
pt::B003NQ2GSW,0.8689,PASS
pt::B003O7ZALU,0.8016,PASS
pt::B003RF6H66,0.6665,RETRY
pt::B003WV5DJC,0.6926,RETRY
pt::B003XM1WE0,0.8353,PASS
pt::B003XM9774,0.8212,PASS
pt::B003ZZSVIK,0.8445,PASS
pt::B0040NGWOQ,0.7824,PASS
pt::B0041ORN6U,0.8615,PASS
pt::B004286VMW,0.8481,PASS
pt::B004G1400A,0.7943,PASS
pt::B004OBRBHQ,0.8815,PASS
pt::B004P8J806,0.8233,PASS
pt::B004T9Y0MW,0.8869,PASS
pt::B004TZVKIS,0.7346,PASS
pt::B004U1Y3IU,0.6489,RETRY
pt::B004U4WYLU,0.8485,PASS
pt::B004UC4HCG,0.8037,PASS
pt::B004X8EO6Q,0.7962,PASS
pt::B004ZMYJR4,0.8243,PASS
pt::B005E2XQQY,0.7032,PASS
pt::B005E2XTO8,0.6246,RETRY
pt::B005INYP7I,0.7703,PASS
pt::B005J6SCPK,0.8352,PASS
pt::B005LC2MLC,0.7929,PASS
pt::B005LS2GPI,0.8133,PASS
pt::B005QZ8BCI,0.8574,PASS
pt::B0060B7NCG,0.7811,PASS
pt::B0062K951C,0.8468,PASS
pt::B006LP0FXA,0.8674,PASS
pt::B00752R4PK,0.8702,PASS
pt::B007B5RIN4,0.8573,PASS
pt::B007CNL35E,0.8331,PASS
pt::B007EM7N70,0.7874,PASS
pt::B007NLSGOQ,0.7777,PASS
pt::B007NZGPAY,0.7766,PASS
pt::B007P77WAW,0.7623,PASS
pt::B007PODI1W,0.5457,RETRY
pt::B008LTBITY,0.7827,PASS
pt::B009APBY0G,0.8709,PASS
pt::B00000J1V3,0.7910,PASS
pt::B0001FV2YM,0.8759,PASS
pt::B0002TA3JM,0.7243,PASS
pt::B0006PY3DY,0.8100,PASS
pt::B000AA2RCY,0.6266,RETRY
pt::B000F3SB6C,0.6852,RETRY
pt::B000FTZ25E,0.8448,PASS
pt::B000I992XY,0.6929,RETRY
pt::B000KG6H10,0.8601,PASS
pt::B000NLLXUM,0.8774,PASS
pt::B000PHG7AA,0.8158,PASS
pt::B000R6QAHY,0.8735,PASS
pt::B000S6AMAO,0.8658,PASS
pt::B000UTQOEW,0.8265,PASS
pt::B000V01RLK,0.8566,PASS
pt::B000WLXO8M,0.8504,PASS
pt::B000Z9R2QQ,0.7792,PASS
pt::B0013FNZ1M,0.8754,PASS
pt::B0014CT6Q2,0.6344,RETRY
pt::B0015KYV3Q,0.8769,PASS
pt::B0015L0T3G,0.8767,PASS
pt::B0017O3U8M,0.8865,PASS
pt::B001BSIXT0,0.8359,PASS
pt::B001CBRWXY,0.8741,PASS
pt::B001DULYZG,0.7633,PASS
pt::B001FA1NZU,0.8852,PASS
pt::B001FA1O18,0.8837,PASS
pt::B001KB6Z2U,0.8282,PASS
pt::B001LYL9A4,0.8454,PASS
pt::B001M56DI0,0.8457,PASS
pt::B001N89O9Q,0.8795,PASS
pt::B001QDM8QY,0.8675,PASS
pt::B001T0HFNA,0.5848,RETRY
pt::B001UE8IMC,0.8535,PASS
pt::B00243HHNY,0.8262,PASS
pt::B0026MRTHM,0.8672,PASS
pt::B0028FIQLK,0.8495,PASS
pt::B002COJEOU,0.7534,PASS
pt::B002DWQU48,0.8550,PASS
pt::B002IRY3ME,0.7540,PASS
pt::B002N8726W,0.8561,PASS
pt::B002NEG0VO,0.8623,PASS
pt::B002QXZPFE,0.8330,PASS
pt::B002USUMPI,0.8595,PASS
pt::B002VPE1PW,0.8618,PASS
pt::B0030BZDUI,0.8188,PASS
pt::B00333CYQY,0.8322,PASS
pt::B0035AN31A,0.8739,PASS
pt::B0035CLBT4,0.8204,PASS
pt::B0037YTFZC,0.8650,PASS
pt::B003LSTD42,0.8817,PASS
pt::B0045H4FLO,0.8567,PASS
pt::B004A81PJI,0.8632,PASS
pt::B004G8A5ZW,0.8301,PASS
pt::B004GIZ61K,0.8550,PASS
pt::B004HYGU18,0.8753,PASS
pt::B004N62HZI,0.8245,PASS
pt::B004N62I0C,0.8724,PASS
pt::B004N85YEW,0.8587,PASS
pt::B004PXJGXU,0.8270,PASS
pt::B004RJJI7Q,0.8834,PASS
pt::B004TLH6H6,0.7802,PASS
pt::B0051JZGBI,0.8253,PASS
pt::B0052L6Q78,0.8676,PASS
pt::B0059092Q4,0.8767,PASS
pt::B005GFXH6S,0.8630,PASS
pt::B005JK62R6,0.8468,PASS
pt::B005KJGAGE,0.8567,PASS
pt::B005QWH4QA,0.8066,PASS
pt::B005XPFYBM,0.8751,PASS
pt::B006DLP7BM,0.8391,PASS
pt::B006DX89CY,0.8533,PASS
pt::B006T7HXI0,0.8767,PASS
pt::B00766BF1E,0.7485,PASS
pt::B0076POAI0,0.8682,PASS
pt::B0079TOG82,0.8753,PASS
pt::B007CU56X2,0.8043,PASS
pt::B007F5LYVM,0.8697,PASS
pt::B007KJ1URG,0.8741,PASS
pt::B007UMLEWO,0.8019,PASS
pt::B007WAWHLQ,0.8371,PASS
pt::B0086YQI30,0.8541,PASS
pt::B00892RUTA,0.3586,RETRY
pt::B008J7YF3O,0.6137,RETRY
pt::B008MF3Y2G,0.8449,PASS
pt::B008OEHPKM,0.8679,PASS
pt::B009AOFNU4,0.8686,PASS
pt::B00005ARK3,0.7944,PASS
pt::B00005AW1H,0.8296,PASS
pt::B00005NOKT,0.8431,PASS
pt::B000065UDU,0.8653,PASS
pt::B00006HCJI,0.8825,PASS
pt::B00008WFVL,0.8143,PASS
pt::B00009YW8B,0.8460,PASS
pt::B0000A5769,0.8131,PASS
pt::B0000C0XS0,0.8413,PASS
pt::B0000C1ZNV,0.8577,PASS
pt::B0002H4YUI,0.7538,PASS
pt::B0003QER5U,0.8794,PASS
pt::B0003QER82,0.8762,PASS
pt::B0003QER8C,0.8786,PASS
pt::B00061LSAY,0.8085,PASS
pt::B00061ZNVE,0.8617,PASS
pt::B0007W1E4W,0.8339,PASS
pt::B000BMAQAQ,0.8632,PASS
pt::B000BRWHMQ,0.8491,PASS
pt::B000EMU888,0.8780,PASS
pt::B000EXTXSI,0.8056,PASS
pt::B000H72MMU,0.8527,PASS
pt::B000HZH6W8,0.8271,PASS
pt::B000NK7ML2,0.8279,PASS
pt::B000OAHOVO,0.8523,PASS
pt::B000OM953M,0.8673,PASS
pt::B000PC4A0O,0.7167,PASS
pt::B000WGSAAE,0.8470,PASS
pt::B000WH6H1M,0.8708,PASS
pt::B0015AFOR8,0.8152,PASS
pt::B00193TLPM,0.8751,PASS
pt::B001BLV78Q,0.8627,PASS
pt::B001DTCPBO,0.8717,PASS
pt::B001F6YRNO,0.8489,PASS
pt::B001F8SCRE,0.8446,PASS
pt::B001FXZTIY,0.7899,PASS
pt::B001H0GEVG,0.8311,PASS
pt::B001JQ4QCW,0.8157,PASS
pt::B001RB1XK2,0.8505,PASS
pt::B001RB24NM,0.8665,PASS
pt::B0026L7B94,0.8536,PASS
pt::B002BKW1U4,0.8434,PASS
pt::B002M78L6E,0.8550,PASS
pt::B002P3KMPI,0.8880,PASS
pt::B002PJ40Q4,0.8583,PASS
pt::B002UBE15C,0.6863,RETRY
pt::B0031RGETU,0.8793,PASS
pt::B0032JRRWK,0.8742,PASS
pt::B0034XRDUA,0.8839,PASS
pt::B0039UWW54,0.8657,PASS
pt::B003DA0SQU,0.8804,PASS
pt::B003F8UWUM,0.8725,PASS
pt::B003F8UWV6,0.8698,PASS
pt::B003OBUJIK,0.7283,PASS
pt::B003T5KXJQ,0.8591,PASS
pt::B003U8Q7TC,0.8596,PASS
pt::B003ZHTNNK,0.8192,PASS
pt::B0041LYY6K,0.8691,PASS
pt::B0048L62I6,0.8224,PASS
pt::B004GCUJWM,0.8355,PASS
pt::B004H065LM,0.8597,PASS
pt::B004HYG9V4,0.8711,PASS
pt::B004K1EOAC,0.8782,PASS
pt::B004MMEHH4,0.7099,PASS
pt::B004MSMCSO,0.8457,PASS
pt::B004MXKSAS,0.8520,PASS
pt::B004NHCGJO,0.8636,PASS
pt::B004TS0F18,0.8618,PASS
pt::B004UHY8SO,0.7961,PASS
pt::B004VR7XCG,0.8771,PASS
pt::B004Y9OPC2,0.8672,PASS
pt::B0053G6G54,0.8358,PASS
pt::B005634RL4,0.7061,PASS
pt::B005IHAIEI,0.8711,PASS
pt::B005KSAG3S,0.8948,PASS
pt::B005Z3DWIY,0.8382,PASS
pt::B006MO0IZA,0.8845,PASS
pt::B00752R8KG,0.8504,PASS
pt::B007HH95F0,0.8750,PASS
pt::B0087B6SV4,0.8732,PASS
pt::B008KRLZCW,0.8405,PASS
pt::B008O2HVIK,0.6171,RETRY
pt::B0093HAWZY,0.8784,PASS
pt::B0096W1PG6,0.8549,PASS
pt::B00001WRSJ,0.7957,PASS
pt::B00004TX7E,0.8786,PASS
pt::B000053HC5,0.8509,PASS
pt::B00005A9AV,0.8430,PASS
pt::B00005AWCL,0.8332,PASS
pt::B00005V63T,0.8533,PASS
pt::B00006HCCK,0.8543,PASS
pt::B00007079A,0.8274,PASS
pt::B000071A7U,0.7892,PASS
pt::B000083JZ0,0.8000,PASS
pt::B00008OTDY,0.8394,PASS
pt::B00009KAPW,0.6126,RETRY
pt::B00009R6TA,0.8687,PASS
pt::B00009R6WT,0.8396,PASS
pt::B00009R8AI,0.8591,PASS
pt::B0000AKVHF,0.8375,PASS
pt::B0000AQJ7J,0.8780,PASS
pt::B0000DFI06,0.8595,PASS
pt::B0000ULJWS,0.8494,PASS
pt::B0001976UC,0.8713,PASS
pt::B0001I91JM,0.6585,RETRY
pt::B0002ILKMW,0.8553,PASS
pt::B0002ILKNQ,0.8538,PASS
pt::B0002ZH6PU,0.7944,PASS
pt::B00030CHRQ,0.8577,PASS
pt::B000621N26,0.8486,PASS
pt::B00062UKIY,0.5965,RETRY
pt::B0006DPNNK,0.8585,PASS
pt::B0006HBBF0,0.8401,PASS
pt::B0006Q7FFG,0.8522,PASS
pt::B00081GX8O,0.8025,PASS
pt::B00095W91O,0.7896,PASS
pt::B0009YBG2S,0.8767,PASS
pt::B000A3WS84,0.8851,PASS
pt::B000AYKUUQ,0.8568,PASS
pt::B000BJSEQW,0.7566,PASS
pt::B000ELC148,0.8764,PASS
pt::B000ETY3LO,0.8593,PASS
pt::B000EW9Y4M,0.8561,PASS
pt::B000GZUN9W,0.8490,PASS
pt::B000H4CLXS,0.8483,PASS
pt::B000HCT12O,0.8834,PASS
pt::B000I1YIDQ,0.8537,PASS
pt::B000J5LA9Q,0.8328,PASS
pt::B000M6XKEK,0.8436,PASS
pt::B000MVEC10,0.8722,PASS
pt::B000NIKQ7Q,0.7161,PASS
pt::B000TG4AGU,0.8663,PASS
pt::B000V1IFR8,0.5677,RETRY
pt::B000V1XICU,0.8727,PASS
pt::B000VLNWZS,0.7933,PASS
pt::B000VY2BC0,0.8435,PASS
pt::B0012L1QOA,0.8264,PASS
pt::B0013DCOZC,0.8800,PASS
pt::B0013J1DI0,0.8351,PASS
pt::B0015A6YN6,0.6994,RETRY
pt::B0018NEVW6,0.8461,PASS
pt::B0019R1PGG,0.8203,PASS
pt::B001BTWQDS,0.7537,PASS
pt::B001CZC0QO,0.8661,PASS
pt::B001DK1ZVO,0.8303,PASS
pt::B001F00F0E,0.8747,PASS
pt::B001FA09WI,0.8549,PASS
pt::B001FA09ZA,0.8580,PASS
pt::B001GAOYCI,0.8728,PASS
pt::B001HBHLEY,0.5874,RETRY
pt::B001IKEX8G,0.8727,PASS
pt::B001KBZ3QO,0.8545,PASS
pt::B001OTZ8DA,0.6105,RETRY
pt::B0029EB3OC,0.8862,PASS
pt::B0029LDIS4,0.8224,PASS
pt::B002EEP3MK,0.8733,PASS
pt::B002LITT42,0.8766,PASS
pt::B002P8M4J0,0.8267,PASS
pt::B002UWIBT8,0.7240,PASS
pt::B002Z3LQVC,0.8363,PASS
pt::B0032HM6JG,0.8563,PASS
pt::B0033A7JG2,0.8632,PASS
pt::B0033WT9TK,0.8443,PASS
pt::B0038SQQ0Y,0.8559,PASS
pt::B003ART0LK,0.8777,PASS
pt::B00407VXKU,0.8288,PASS
pt::B00415A3XY,0.8452,PASS
pt::B0041OSAZ8,0.8695,PASS
pt::B0043GCBU4,0.8635,PASS
pt::B0043RS864,0.8702,PASS
pt::B0049MOK92,0.8519,PASS
pt::B0049U3TVE,0.8718,PASS
pt::B004BLK24S,0.8747,PASS
pt::B004C867R6,0.7637,PASS
pt::B004DI7CW4,0.8706,PASS
pt::B004DQB13C,0.6493,RETRY
pt::B004HW7DY8,0.8749,PASS
pt::B004O9GNKO,0.8581,PASS
pt::B004QBQAXU,0.8565,PASS
pt::B004TJ6JH6,0.8316,PASS
pt::B005OA3BSY,0.8626,PASS
pt::B005OK73GU,0.8056,PASS
pt::B006K554BE,0.8815,PASS
pt::B00752R4QO,0.8686,PASS
pt::B00752VKFA,0.8643,PASS
pt::B007C1KMH6,0.8727,PASS
pt::B007FSRSZU,0.8468,PASS
pt::B007HBLX5G,0.8625,PASS
pt::B007VGMAQI,0.8325,PASS
pt::B00858I4F2,0.8696,PASS
pt::B008CQWOYY,0.8678,PASS
pt::B008EQ1ZAG,0.8618,PASS
pt::B009IKCFP6,0.8859,PASS
pt::B00004Z5D1,0.8543,PASS
pt::B00006BBAC,0.8130,PASS
pt::B0002QL9UC,0.7292,PASS
pt::B00032CIJQ,0.8549,PASS
pt::B000652M6Y,0.8436,PASS
pt::B0006OCFFS,0.8382,PASS
pt::B0007RPW2C,0.8396,PASS
pt::B00081NX5U,0.8710,PASS
pt::B000HPZ904,0.7306,PASS
pt::B000I94ITM,0.7770,PASS
pt::B000KFSE0S,0.8480,PASS
pt::B000KMZKTO,0.8138,PASS
pt::B000P708NM,0.8621,PASS
pt::B000SMVQK8,0.7899,PASS
pt::B000T9B46G,0.8512,PASS
pt::B000VJG356,0.7468,PASS
pt::B0012MMW7E,0.7570,PASS
pt::B0014E10AU,0.6307,RETRY
pt::B00155RGYM,0.4402,RETRY
pt::B0015EA3NO,0.8518,PASS
pt::B0017LVU96,0.8659,PASS
pt::B001DBF07I,0.8523,PASS
pt::B001GTT0VO,0.7307,PASS
pt::B001KFH6IS,0.8467,PASS
pt::B001PUSERA,0.8448,PASS
pt::B002DPUUKK,0.8917,PASS
pt::B002LITI70,0.8760,PASS
pt::B002MAPSDA,0.8615,PASS
pt::B002TZUOC8,0.7324,PASS
pt::B00310K9VQ,0.7636,PASS
pt::B0032JRRXY,0.8871,PASS
pt::B0036AZA6A,0.8235,PASS
pt::B0036WT3HU,0.8625,PASS
pt::B003AILH6K,0.8575,PASS
pt::B004IZN3XO,0.8643,PASS
pt::B004TIIBMS,0.8634,PASS
pt::B004W5275U,0.6700,RETRY
pt::B004Z788JO,0.8428,PASS
pt::B0052MAI8U,0.8277,PASS
pt::B0055CR9R0,0.8683,PASS
pt::B005644VGO,0.7950,PASS
pt::B0058OJRDY,0.8479,PASS
pt::B005HM0SNA,0.8279,PASS
pt::B005HSG3JC,0.8609,PASS
pt::B005HSG446,0.8659,PASS
pt::B005KFONIU,0.8710,PASS
pt::B005MQQT3E,0.8442,PASS
pt::B005NHIQ24,0.6076,RETRY
pt::B00668MX78,0.8657,PASS
pt::B006DKEUAM,0.8577,PASS
pt::B006G4SRXQ,0.8623,PASS
pt::B006OSQALU,0.8621,PASS
pt::B006OT3AVW,0.8543,PASS
pt::B006P88UQW,0.8457,PASS
pt::B006RG21ZS,0.8036,PASS
pt::B006T5JQ9Q,0.6674,RETRY
pt::B0071NWYP8,0.8655,PASS
pt::B007B31IAK,0.8713,PASS
pt::B007BD16KC,0.8324,PASS
pt::B007PLL4CK,0.8134,PASS
pt::B007SM7O2U,0.8113,PASS
pt::B007SYXER2,0.8521,PASS
pt::B0080JQY4O,0.8352,PASS
pt::B0084JFM34,0.8457,PASS
pt::B008KP4MQU,0.6920,RETRY
pt::B008MPVQTY,0.8659,PASS
pt::B008NMCPTQ,0.8564,PASS
pt::B008PTTMGQ,0.8225,PASS
pt::B008Z78GZQ,0.7437,PASS
pt::B009289F02,0.8643,PASS
pt::B0092KRAVQ,0.8352,PASS
pt::B0096TK65A,0.8218,PASS
pt::B009CP4PIW,0.8885,PASS
pt::B009FCGCHY,0.8690,PASS
pt::9043413585,0.8817,PASS
pt::B00000K13I,0.6284,RETRY
pt::B00004Z64Y,0.8324,PASS
pt::B00005QBUU,0.8280,PASS
pt::B000066HO4,0.8166,PASS
pt::B00006JI6E,0.7474,PASS
pt::B00008XETO,0.8500,PASS
pt::B00009R6GE,0.8403,PASS
pt::B00009R6UU,0.6851,RETRY
pt::B0000A1G05,0.8102,PASS
pt::B0000A98AC,0.6375,RETRY
pt::B0000BZL28,0.8569,PASS
pt::B0000BZL5A,0.8546,PASS
pt::B00017LRF4,0.8498,PASS
pt::B0001YFXCA,0.6419,RETRY
pt::B00020E4QO,0.8795,PASS
pt::B0002855KK,0.8179,PASS
pt::B0002V9IKK,0.7994,PASS
pt::B0002WPSBC,0.8401,PASS
pt::B00064GI2O,0.8714,PASS
pt::B0006LSINO,0.7409,PASS
pt::B00080SBD0,0.8507,PASS
pt::B0009JO2YC,0.8159,PASS
pt::B0009XVGMO,0.8507,PASS
pt::B000BHQCP4,0.8717,PASS
pt::B000BUK7KW,0.8465,PASS
pt::B000EON3WY,0.7178,PASS
pt::B000EQ5HSK,0.8124,PASS
pt::B000EW8074,0.8529,PASS
pt::B000EXS1BS,0.8470,PASS
pt::B000FGGG34,0.8571,PASS
pt::B000HZI2YY,0.8820,PASS
pt::B000KEGCC6,0.8251,PASS
pt::B000N8OFIW,0.8314,PASS
pt::B000NP3DJW,0.8610,PASS
pt::B000V5CVU6,0.8641,PASS
pt::B000V5G4TK,0.8632,PASS
pt::B000V5K3FG,0.8152,PASS
pt::B000VU0CQG,0.8504,PASS
pt::B000VVVMQY,0.8744,PASS
pt::B000YQUTVK,0.8741,PASS
pt::B000ZLULOY,0.8496,PASS
pt::B0011E4N5C,0.8814,PASS
pt::B0011FQUQG,0.8421,PASS
pt::B0012V3D3C,0.8812,PASS
pt::B00170MYIS,0.8448,PASS
pt::B001DL9WDG,0.8239,PASS
pt::B001HTX1XQ,0.8376,PASS
pt::B001M4XCHQ,0.8412,PASS
pt::B001PO5VV8,0.8406,PASS
pt::B001PY41YQ,0.8676,PASS
pt::B0025VKUQQ,0.8614,PASS
pt::B002DW96R6,0.8540,PASS
pt::B002LAS1DU,0.8817,PASS
pt::B002MUGUFK,0.8356,PASS
pt::B002QUZL10,0.7887,PASS
pt::B0031RG29M,0.8374,PASS
pt::B0035NXR8G,0.8426,PASS
pt::B0037H8AB4,0.5956,RETRY
pt::B0038KY38Y,0.8286,PASS
pt::B003CJTQJW,0.6284,RETRY
pt::B003DSCU72,0.7287,PASS
pt::B003EYV224,0.8626,PASS
pt::B003IE49T8,0.7812,PASS
pt::B003XDE8TK,0.6974,RETRY
pt::B003ZLISZU,0.8270,PASS
pt::B004CLYEAK,0.7817,PASS
pt::B004IS7ROW,0.8399,PASS
pt::B004JJN262,0.8471,PASS
pt::B004R739LE,0.8758,PASS
pt::B004VEJYEO,0.8721,PASS
pt::B005ELV3HE,0.8439,PASS
pt::B005JZ7EV4,0.7748,PASS
pt::B005OFFH5Y,0.7057,PASS
pt::B005ZLOW8K,0.7384,PASS
pt::B006M1MW1Q,0.6112,RETRY
pt::B006WHPQD6,0.8267,PASS
pt::B007LK5S0E,0.8715,PASS
pt::B007PJ4P4G,0.8698,PASS
pt::B007STRVTY,0.7716,PASS
pt::B008C4JA66,0.8265,PASS
pt::B008RW6RGE,0.8295,PASS
pt::B009H0XQRI,0.8596,PASS
pt::B00004Z6PI,0.8304,PASS
pt::B000052WM4,0.8661,PASS
pt::B00005ARK4,0.8139,PASS
pt::B00006HZ0L,0.8807,PASS
pt::B00007AKC1,0.8710,PASS
pt::B0000AE82C,0.8844,PASS
pt::B0000CBJ8J,0.8168,PASS
pt::B00015Y0FK,0.5766,RETRY
pt::B0001FTVDQ,0.8701,PASS
pt::B0001N3ZRQ,0.6085,RETRY
pt::B0002IQ1FS,0.8205,PASS
pt::B0007WKB0U,0.8858,PASS
pt::B0009YJXMS,0.8077,PASS
pt::B000AY5Y5W,0.8784,PASS
pt::B000FTTNIQ,0.5876,RETRY
pt::B000LVJ9W8,0.7868,PASS
pt::B000MKWM2W,0.8895,PASS
pt::B000XP8DJC,0.8574,PASS
pt::B00198DM2K,0.7426,PASS
pt::B001IZZ7MM,0.8275,PASS
pt::B001UGDMYY,0.8519,PASS
pt::B002JM1XWQ,0.8748,PASS
pt::B002OLWITO,0.7643,PASS
pt::B002QUZM0U,0.8746,PASS
pt::B002S2KTY0,0.8213,PASS
pt::B002WR7VSS,0.8564,PASS
pt::B003B3P2CY,0.8565,PASS
pt::B003BEDTBE,0.8743,PASS
pt::B003DISQB6,0.8359,PASS
pt::B003FGB8H0,0.8730,PASS
pt::B003JZCE7U,0.8842,PASS
pt::B003R7KLUM,0.8517,PASS
pt::B003S3RFIQ,0.8698,PASS
pt::B003WXBFS8,0.7044,PASS
pt::B003ZUXHV6,0.6462,RETRY
pt::B0041RRNLC,0.7735,PASS
pt::B0045C6OOK,0.8120,PASS
pt::B004AM624C,0.8257,PASS
pt::B004BDORCO,0.8519,PASS
pt::B004BQTTE2,0.8553,PASS
pt::B004CXBJ6A,0.8601,PASS
pt::B004ETQHDM,0.8505,PASS
pt::B004JU25DC,0.8663,PASS
pt::B004KPLLJA,0.8644,PASS
pt::B004MYFOE2,0.8101,PASS
pt::B004O0PAKW,0.8537,PASS
pt::B004SBBD1C,0.7617,PASS
pt::B004WDIV8E,0.8622,PASS
pt::B00505EZYM,0.8402,PASS
pt::B0051A8TG6,0.8684,PASS
pt::B0055Q7BR4,0.8435,PASS
pt::B00576APBQ,0.8604,PASS
pt::B005C95NCY,0.8557,PASS
pt::B005DSPIFG,0.8432,PASS
pt::B005EJLG28,0.8594,PASS
pt::B005FT3AOE,0.8572,PASS
pt::B005HMCCNE,0.7184,PASS
pt::B005HSG3YC,0.8552,PASS
pt::B005HY4UPK,0.7142,PASS
pt::B005KG44V0,0.8605,PASS
pt::B005QUQP7G,0.8611,PASS
pt::B005TDWU24,0.8332,PASS
pt::B0068INTCY,0.8635,PASS
pt::B006L6ZSWC,0.8447,PASS
pt::B006X2HKZC,0.8704,PASS
pt::B007HBLFT0,0.7466,PASS
pt::B007KTQU5I,0.8703,PASS
pt::B007PFQ0PC,0.8529,PASS
pt::B007RESFHM,0.8429,PASS
pt::B00829THEG,0.8792,PASS
pt::B008D4X9UI,0.8371,PASS
pt::B008GZU8AI,0.8440,PASS
pt::B008MOGMNU,0.7908,PASS
pt::B0090IA4FO,0.8801,PASS
pt::B00004T8R2,0.8617,PASS
pt::B000063EJW,0.8395,PASS
pt::B000092TS9,0.4206,RETRY
pt::B00012FVYM,0.5722,RETRY
pt::B000668BKY,0.8142,PASS
pt::B0007A1IRC,0.5412,RETRY
pt::B0007XJSQC,0.8622,PASS
pt::B000IN022K,0.8573,PASS
pt::B000J4WPW8,0.7298,PASS
pt::B000JEC7CQ,0.7247,PASS
pt::B000Q7IA5E,0.8219,PASS
pt::B000QFNK6K,0.8451,PASS
pt::B000SE6LF6,0.7436,PASS
pt::B000XHS4SK,0.8563,PASS
pt::B001196H3S,0.8272,PASS
pt::B0016OEV7C,0.8786,PASS
pt::B0018MI5F6,0.6796,RETRY
pt::B001FA1NUK,0.8814,PASS
pt::B001O0F46A,0.8712,PASS
pt::B001OXKPDO,0.8770,PASS
pt::B001SJVU24,0.8501,PASS
pt::B001SYBL3M,0.8486,PASS
pt::B001T9EYFI,0.8014,PASS
pt::B001TUZ6EU,0.8000,PASS
pt::B0020KUXEG,0.8799,PASS
pt::B0027IVMBY,0.8325,PASS
pt::B002882NB6,0.7658,PASS
pt::B002AURXTY,0.8837,PASS
pt::B002FU5QMA,0.8834,PASS
pt::B002HWRZ2K,0.8696,PASS
pt::B002OEBMZM,0.8721,PASS
pt::B002ZRPYC0,0.8599,PASS
pt::B0038JECL8,0.8779,PASS
pt::B0038OMEQI,0.8755,PASS
pt::B0039NLSAG,0.8780,PASS
pt::B003B20JDW,0.5678,RETRY
pt::B003CJTR8M,0.8600,PASS
pt::B003DZ122O,0.8761,PASS
pt::B003G2Z1M6,0.8663,PASS
pt::B003JECR8M,0.7528,PASS
pt::B003Q9AZHU,0.8476,PASS
pt::B003QCOKGO,0.8771,PASS
pt::B00426D9KQ,0.7670,PASS
pt::B004CLYJ1O,0.8322,PASS
pt::B004JQN670,0.8684,PASS
pt::B004L7NDVQ,0.8064,PASS
pt::B004NUS72G,0.8705,PASS
pt::B004NY9UUK,0.7887,PASS
pt::B004YIZWYI,0.8290,PASS
pt::B004YLCIC4,0.8704,PASS
pt::B004YLCLM6,0.8607,PASS
pt::B0050SPCGE,0.7861,PASS
pt::B00511PS3C,0.8784,PASS
pt::B0055Q2VNI,0.8595,PASS
pt::B005CWIRPG,0.8657,PASS
pt::B005DSPLC6,0.8691,PASS
pt::B005JLQL26,0.8707,PASS
pt::B005U7O0YU,0.8751,PASS
pt::B0065V47R0,0.7656,PASS
pt::B0067MK1TU,0.8378,PASS
pt::B007FGH6WM,0.8669,PASS
pt::B0082N9BZM,0.5213,RETRY
pt::B008F537KC,0.8472,PASS
pt::B0090Z8FWQ,0.8901,PASS
pt::B0097BEFWC,0.8743,PASS
pt::B009KY4B0W,0.8392,PASS
pt::B000EREM5I,0.8748,PASS
pt::B000MQK6BK,0.8267,PASS
pt::B000Q3ECFK,0.8498,PASS
pt::B0014DUHLO,0.8588,PASS
pt::B00189HR4Y,0.7943,PASS
pt::B001H9O1EE,0.8479,PASS
pt::B001P80EZW,0.8099,PASS
pt::B001P9EQH8,0.8586,PASS
pt::B001W0N3EC,0.5696,RETRY
pt::B002EUCU3O,0.8295,PASS
pt::B002JP6K7Q,0.8572,PASS
pt::B002M38I2U,0.8473,PASS
pt::B002PO15GC,0.6464,RETRY
pt::B002TPL260,0.8238,PASS
pt::B002V100LU,0.8492,PASS
pt::B002V5M5E6,0.8420,PASS
pt::B00316WHJ2,0.8610,PASS
pt::B0034ZD5P0,0.8205,PASS
pt::B003B48UQ8,0.8489,PASS
pt::B003LPUYIE,0.6160,RETRY
pt::B003RRYAXQ,0.8740,PASS
pt::B003SX0O34,0.8683,PASS
pt::B003VAHYNC,0.8683,PASS
pt::B003VAHYTG,0.8715,PASS
pt::B003X1AK12,0.8562,PASS
pt::B0041EYZ4S,0.7997,PASS
pt::B0044IOGG8,0.7981,PASS
pt::B00452V66G,0.8397,PASS
pt::B004C3AW40,0.8620,PASS
pt::B004FPOPXE,0.8776,PASS
pt::B004J3VAYO,0.8779,PASS
pt::B004KKGF1O,0.8086,PASS
pt::B004P8K24W,0.8613,PASS
pt::B004TJPYN6,0.8714,PASS
pt::B0054L7FVW,0.8597,PASS
pt::B0057V9HQ0,0.8512,PASS
pt::B005MLAZ8Y,0.8712,PASS
pt::B005Q3142E,0.8722,PASS
pt::B005Q3144C,0.8522,PASS
pt::B005TI1ILS,0.8732,PASS
pt::B007DC89OW,0.8740,PASS
pt::B008ABOJKS,0.8503,PASS
pt::B0090C7A3O,0.8880,PASS
pt::B0096YOSDQ,0.8202,PASS
pt::B009A8L0J8,0.8416,PASS
pt::B009AANCLK,0.8692,PASS
pt::B009AF5BJQ,0.8511,PASS
pt::B009B0MZ1M,0.8853,PASS
pt::B009C3M7H0,0.8712,PASS
pt::B009EADB2Q,0.7649,PASS
pt::B009LTUE9S,0.7863,PASS
pt::B000023VW2,0.8659,PASS
pt::B00004WCFT,0.6663,RETRY
pt::B00004WCG6,0.5864,RETRY
pt::B00004ZC9Y,0.8798,PASS
pt::B00005ATMB,0.8138,PASS
pt::B00006I53T,0.8512,PASS
pt::B00006I5XC,0.8499,PASS
pt::B00009R98X,0.7356,PASS
pt::B00009UTLM,0.8656,PASS
pt::B0000AZ0OP,0.8532,PASS
pt::B0001KWGP6,0.8110,PASS
pt::B0002ER2YG,0.6886,RETRY
pt::B0002XQDSS,0.8683,PASS
pt::B0003V577C,0.8749,PASS
pt::B000629GES,0.8755,PASS
pt::B00064BTEQ,0.6830,RETRY
pt::B000652SOK,0.7973,PASS
pt::B00065ANYW,0.8665,PASS
pt::B00065JM94,0.8605,PASS
pt::B00068U44I,0.6576,RETRY
pt::B0006OCEFY,0.8465,PASS
pt::B0007M3PJO,0.8459,PASS
pt::B00083MW2S,0.8536,PASS
pt::B000AAPY8S,0.8677,PASS
pt::B000C1MY1A,0.8563,PASS
pt::B000CS40WY,0.8150,PASS
pt::B000E68282,0.7877,PASS
pt::B000EDB1II,0.8021,PASS
pt::B000GIT002,0.7333,PASS
pt::B000H7NVX4,0.8186,PASS
pt::B000I0V9MU,0.8344,PASS
pt::B000M3LJ5U,0.8518,PASS
pt::B000P1O73A,0.8446,PASS
pt::B000PTFDYO,0.8278,PASS
pt::B000R2HSWY,0.8774,PASS
pt::B000TLVMIO,0.7353,PASS
pt::B000V2MK8M,0.8725,PASS
pt::B000YIYNOW,0.8744,PASS
pt::B0011000R6,0.8142,PASS
pt::B0012NZCRK,0.8563,PASS
pt::B0012W9APQ,0.8758,PASS
pt::B0013FDLM0,0.8694,PASS
pt::B0014DOFN0,0.8480,PASS
pt::B0014SWPX2,0.8518,PASS
pt::B001614LE8,0.8318,PASS
pt::B00161RTYM,0.8737,PASS
pt::B00167KZKG,0.8771,PASS
pt::B0019M7WCW,0.8781,PASS
pt::B001BBS76Q,0.8437,PASS
pt::B001BO2LBK,0.7958,PASS
pt::B001CAVMZO,0.7374,PASS
pt::B001D06BZY,0.8353,PASS
pt::B001DAEPU2,0.8155,PASS
pt::B001E78UQY,0.8765,PASS
pt::B001EUG3II,0.7764,PASS
pt::B001GIPSA2,0.8658,PASS
pt::B001HO59WM,0.8683,PASS
pt::B001KZ6HQ0,0.8619,PASS
pt::B001PK8FHE,0.8675,PASS
pt::B001SERK14,0.8796,PASS
pt::B001T0HYJA,0.8667,PASS
pt::B001TZWFBM,0.7943,PASS
pt::B001TZWNF0,0.7840,PASS
pt::B001XURPR2,0.8592,PASS
pt::B00232YRJ8,0.8236,PASS
pt::B00235HU3U,0.8740,PASS
pt::B002B8ZYPK,0.8054,PASS
pt::B002EF5HDO,0.6288,RETRY
pt::B002K42W50,0.7913,PASS
pt::B002LITT3I,0.8636,PASS
pt::B002VX0GJY,0.8711,PASS
pt::B0031GGQC6,0.7365,PASS
pt::B0034TSO3E,0.8343,PASS
pt::B003CVLTCW,0.6670,RETRY
pt::B003EUEEJQ,0.8834,PASS
pt::B003FWHTTA,0.8392,PASS
pt::B003OUC2YU,0.8566,PASS
pt::B003PBB4ME,0.8517,PASS
pt::B003QLE4M0,0.8218,PASS
pt::B003XATM94,0.8089,PASS
pt::B0041PO3DU,0.7467,PASS
pt::B0044R1VX0,0.8137,PASS
pt::B004ECZJDS,0.8388,PASS
pt::B004JM6FYK,0.8744,PASS
pt::B004KCI80I,0.8593,PASS
pt::B004VTAVLE,0.8672,PASS
pt::B004Z4FBE2,0.8147,PASS
pt::B0051PMWY6,0.7963,PASS
pt::B0053FR9FQ,0.8199,PASS
pt::B0056XBWJY,0.7771,PASS
pt::B005MTMFHU,0.8505,PASS
pt::B00603RT8M,0.8062,PASS
pt::B00603RTC8,0.8430,PASS
pt::B006JWMOOI,0.8529,PASS
pt::B0074IOE62,0.8558,PASS
pt::B007I9XVCK,0.7752,PASS
pt::B0085DZRDE,0.8547,PASS
pt::B00894YP00,0.8538,PASS
pt::B008B488DI,0.8426,PASS
pt::B008BU4QC4,0.8411,PASS
pt::B008FW0BOA,0.8336,PASS
pt::B008I94B50,0.7753,PASS
pt::B008NENG1A,0.8600,PASS
pt::B008NF8BKK,0.8430,PASS
pt::B0094S8V3M,0.8193,PASS
pt::B009KG9K74,0.8603,PASS
pt::B000023VUE,0.8493,PASS
pt::B00004VUGJ,0.8197,PASS
pt::B000063K77,0.7280,PASS
pt::B00008AYBE,0.7550,PASS
pt::B00008KA6Z,0.7256,PASS
pt::B0001ILXGQ,0.8734,PASS
pt::B00028D778,0.8681,PASS
pt::B0002AHQM8,0.8814,PASS
pt::B00068YUN4,0.8103,PASS
pt::B0006TU546,0.6442,RETRY
pt::B0007MGFFU,0.8770,PASS
pt::B0009EUSYU,0.8253,PASS
pt::B000BFNOT8,0.8431,PASS
pt::B000CSWCQA,0.8843,PASS
pt::B000E65HXA,0.8513,PASS
pt::B000JBXLV0,0.8471,PASS
pt::B000JJM8XE,0.8491,PASS
pt::B000JV9NL2,0.8726,PASS
pt::B000K4V4X8,0.7836,PASS
pt::B000K50GTA,0.7902,PASS
pt::B000Q76LBY,0.8622,PASS
pt::B000SAB34O,0.8475,PASS
pt::B000VE2RP6,0.8082,PASS
pt::B000VE4PNS,0.8487,PASS
pt::B000VK5BMQ,0.8361,PASS
pt::B000WKY2ZC,0.8572,PASS
pt::B0012JCYPC,0.8784,PASS
pt::B0012TTDGU,0.8132,PASS
pt::B0014E02AO,0.8497,PASS
pt::B001B8CU8U,0.8559,PASS
pt::B001LNO722,0.8787,PASS
pt::B001LYWBOM,0.8709,PASS
pt::B001P7TYTK,0.8242,PASS
pt::B001QXDN5O,0.8654,PASS
pt::B001RB1XVQ,0.8709,PASS
pt::B001TQ2PSO,0.7808,PASS
pt::B001VNMSCS,0.8633,PASS
pt::B00264GKVQ,0.8532,PASS
pt::B0029DXWW4,0.8387,PASS
pt::B002DYIXMI,0.8789,PASS
pt::B002HJ9PTO,0.7602,PASS
pt::B002KPGMXW,0.8819,PASS
pt::B0030HO6SM,0.5244,RETRY
pt::B0032EYZ34,0.8818,PASS
pt::B0032OZNDK,0.6104,RETRY
pt::B0032UWTGI,0.8826,PASS
pt::B003ASPH48,0.7354,PASS
pt::B003L76BJS,0.8512,PASS
pt::B003NREDG4,0.8679,PASS
pt::B003NVMDWG,0.7667,PASS
pt::B003P92D9Y,0.8493,PASS
pt::B003X7TRWE,0.8746,PASS
pt::B0040723AE,0.8460,PASS
pt::B00434OWDA,0.8368,PASS
pt::B0046TJG1U,0.8653,PASS
pt::B0047T79OU,0.8470,PASS
pt::B004KPS5UI,0.8633,PASS
pt::B004QBUL1C,0.8386,PASS
pt::B004SBDQGM,0.6959,RETRY
pt::B004TS2AOS,0.8456,PASS
pt::B0054MS2WM,0.8428,PASS
pt::B0055PH0XA,0.7550,PASS
pt::B0058UUR6E,0.8577,PASS
pt::B005HEUUEA,0.5393,RETRY
pt::B005J2F7NE,0.8597,PASS
pt::B005J31BDS,0.8797,PASS
pt::B005PCOKEK,0.8730,PASS
pt::B005QUQP6W,0.8598,PASS
pt::B006WYVGC4,0.8437,PASS
pt::B006ZS5ATM,0.7778,PASS
pt::B0090EC5MS,0.8686,PASS
pt::B0091R9XRY,0.7515,PASS
pt::B0091RA0KS,0.7864,PASS
pt::B00006B81D,0.8024,PASS
pt::B00008BO8M,0.5331,RETRY
pt::B00009R86L,0.7341,PASS
pt::B00009R87T,0.8419,PASS
pt::B00009R89C,0.8664,PASS
pt::B0000A12MH,0.8552,PASS
pt::B0000W533W,0.8866,PASS
pt::B00017LSCG,0.5764,RETRY
pt::B0001FTVEK,0.8484,PASS
pt::B0001MHYK6,0.8520,PASS
pt::B0007KI7SU,0.8317,PASS
pt::B000ANRP82,0.7736,PASS
pt::B000HJPK0Y,0.8369,PASS
pt::B000MUO01S,0.8800,PASS
pt::B000P9I6B6,0.8650,PASS
pt::B0015A8Y3E,0.7474,PASS
pt::B0015A8Y5M,0.6023,RETRY
pt::B00170MK2S,0.8276,PASS
pt::B001AQYJI2,0.8263,PASS
pt::B001BTG3OQ,0.8431,PASS
pt::B001G445Q4,0.8561,PASS
pt::B001H0BA24,0.8204,PASS
pt::B001MXSPEM,0.8341,PASS
pt::B0026COIQ2,0.7920,PASS
pt::B00274HQY0,0.7102,PASS
pt::B002AK1DFE,0.8182,PASS
pt::B002BH3JDA,0.8792,PASS
pt::B002D2VS9U,0.8207,PASS
pt::B002DE3RYM,0.7319,PASS
pt::B002KKFP9Y,0.8437,PASS
pt::B002PXRBFW,0.7708,PASS
pt::B0038JE07O,0.8655,PASS
pt::B003G20AAE,0.8323,PASS
pt::B003LA595M,0.6554,RETRY
pt::B003NSBF32,0.8623,PASS
pt::B003TFEHHU,0.5380,RETRY
pt::B004861K1A,0.8083,PASS
pt::B00486U368,0.8693,PASS
pt::B0048HK4IY,0.8664,PASS
pt::B0049S6ZUS,0.8536,PASS
pt::B004C13VWC,0.8790,PASS
pt::B004CLYEBO,0.8536,PASS
pt::B004F1NZTS,0.8514,PASS
pt::B004G5ZA5K,0.8278,PASS
pt::B004HB2X4O,0.8740,PASS
pt::B004IA6N3Q,0.8649,PASS
pt::B004JMZPK0,0.8580,PASS
pt::B004LTEUDO,0.7037,PASS
pt::B004NROYVM,0.7707,PASS
pt::B004RCUIJU,0.8560,PASS
pt::B004SBBDB2,0.8274,PASS
pt::B004X5EP86,0.8659,PASS
pt::B004XANKVY,0.8542,PASS
pt::B004Y1AYAC,0.8481,PASS
pt::B004Z0S6RU,0.8577,PASS
pt::B0050X1OQ6,0.8220,PASS
pt::B005ESY8VA,0.8423,PASS
pt::B005HQ50SO,0.8852,PASS
pt::B005NGOQD8,0.8033,PASS
pt::B005X9XVNQ,0.7944,PASS
pt::B006NNF0QW,0.8506,PASS
pt::B006UL00R6,0.8601,PASS
pt::B006W3ZWXE,0.8540,PASS
pt::B0078K17WK,0.8119,PASS
pt::B0078RETQE,0.8083,PASS
pt::B007IJ7T4G,0.8545,PASS
pt::B007IJ7UHC,0.8639,PASS
pt::B007JF85VU,0.8738,PASS
pt::B007KXI2R8,0.7697,PASS
pt::B008542JXE,0.8402,PASS
pt::B00882OHL0,0.8720,PASS
pt::B008F4NL04,0.8729,PASS
pt::B008R7EWF2,0.8195,PASS
pt::B008YDTS08,0.8472,PASS
pt::B0092MD6S0,0.6930,RETRY
pt::B0093OWEOE,0.6817,RETRY
pt::B0096W1O30,0.8724,PASS
pt::B0099QUSGM,0.8062,PASS
pt::B009HB2USI,0.8407,PASS
pt::B009IBX7Z2,0.8600,PASS
pt::B009JDTWH6,0.8095,PASS
pt::B00000J3Q1,0.8285,PASS
pt::B000031KIM,0.7742,PASS
pt::B00004RC2I,0.8658,PASS
pt::B00004Z5CQ,0.6947,RETRY
pt::B00008T1TZ,0.7611,PASS
pt::B0000A8XHC,0.8550,PASS
pt::B0007TSYCK,0.8578,PASS
pt::B000EDRSGW,0.8449,PASS
pt::B000N2OBWS,0.8520,PASS
pt::B000W91XBO,0.7544,PASS
pt::B0014GVYCC,0.7969,PASS
pt::B002MAPS6W,0.8809,PASS
pt::B002TD4B8S,0.8180,PASS
pt::B002VJL0OS,0.8536,PASS
pt::B002VPE21A,0.8432,PASS
pt::B0031777Z0,0.8382,PASS
pt::B0036WT1RW,0.8822,PASS
pt::B00392141U,0.8741,PASS
pt::B0039ORBLK,0.7997,PASS
pt::B003S5SOLG,0.8485,PASS
pt::B003V42O6K,0.7463,PASS
pt::B0045JLPN8,0.8568,PASS
pt::B004BQKQ8A,0.8569,PASS
pt::B004ELA0SS,0.8637,PASS
pt::B004F09CVO,0.8444,PASS
pt::B004KABG22,0.8170,PASS
pt::B004L9M4DW,0.8566,PASS
pt::B004M8SCHO,0.8631,PASS
pt::B004NY9UZ0,0.7659,PASS
pt::B004OF9XGO,0.8709,PASS
pt::B004OOQ8CW,0.8649,PASS
pt::B004PR6DAA,0.8740,PASS
pt::B004ROGUMC,0.8774,PASS
pt::B004UHWZDY,0.8470,PASS
pt::B004X8R7VA,0.8122,PASS
pt::B004YLCE2S,0.8776,PASS
pt::B004Z57WDO,0.8641,PASS
pt::B005DPEHNI,0.8215,PASS
pt::B006BUN7MG,0.8771,PASS
pt::B006ZH0JBM,0.8182,PASS
pt::B0079TOI8K,0.8665,PASS
pt::B008GVNR2I,0.8401,PASS
pt::B008RK9V46,0.8297,PASS
pt::B0094V6104,0.6563,RETRY
pt::B0096239FG,0.8224,PASS
pt::B00009R8EK,0.8565,PASS
pt::B0002DF0FU,0.7999,PASS
pt::B000EOSHGQ,0.8075,PASS
pt::B000HZGQ9C,0.8533,PASS
pt::B001G5ZTPY,0.4248,RETRY
pt::B001G5ZTQS,0.8781,PASS
pt::B001O2SEQK,0.8493,PASS
pt::B002U1ZBG0,0.8461,PASS
pt::B0035HOW0E,0.7805,PASS
pt::B003LVZO88,0.8717,PASS
pt::B003Z9LBDS,0.8520,PASS
pt::B005DOUJL8,0.8765,PASS
pt::B005EJH6RW,0.8622,PASS
pt::B005FUNYSA,0.7887,PASS
pt::B005QBK63Y,0.7685,PASS
pt::B0070S7DDM,0.6587,RETRY
pt::B007VGGFZU,0.8565,PASS
pt::B00873AC28,0.8466,PASS
pt::B008XACWJ6,0.8786,PASS
pt::B009BEXSNW,0.8542,PASS
pt::B0007LBON4,0.6882,RETRY
pt::B000BWACX2,0.8670,PASS
pt::B000G82JZK,0.4324,RETRY
pt::B000GYW936,0.8317,PASS
pt::B000LGFLXO,0.8589,PASS
pt::B000O8I474,0.8259,PASS
pt::B000U8YZC6,0.6889,RETRY
pt::B000W5ORTS,0.8660,PASS
pt::B001AZCKQ6,0.8883,PASS
pt::B001F7AHXW,0.8848,PASS
pt::B001GN7A8A,0.8742,PASS
pt::B001KY0D98,0.8616,PASS
pt::B0023RT0QI,0.5894,RETRY
pt::B002DMKPQ2,0.8375,PASS
pt::B002DW3A4G,0.7785,PASS
pt::B002I3OZ6W,0.8775,PASS
pt::B002J9HBSE,0.8689,PASS
pt::B002OL2I30,0.7123,PASS
pt::B0039648BO,0.8774,PASS
pt::B003BWAKJA,0.8549,PASS
pt::B003BYRGJU,0.8501,PASS
pt::B003ICXCXE,0.8495,PASS
pt::B003MAZY6A,0.5996,RETRY
pt::B003N2POVW,0.8132,PASS
pt::B003SX0NF8,0.6573,RETRY
pt::B004AK154Q,0.8599,PASS
pt::B005518J6Q,0.8177,PASS
pt::B0058TUZT4,0.8718,PASS
pt::B005IHAIJ8,0.8486,PASS
pt::B005IHAIKM,0.8566,PASS
pt::B006WPR60O,0.8323,PASS
pt::B006WXK874,0.8536,PASS
pt::B0078LSTWU,0.8696,PASS
pt::B007IVZX6K,0.7469,PASS
pt::B007KMFXZ8,0.6068,RETRY
pt::B007X3VC7W,0.6878,RETRY
pt::B007X3VC9A,0.6955,RETRY
pt::B0087D16XC,0.8500,PASS
pt::B008DFJ5QE,0.7913,PASS
pt::B008YDTNDU,0.8234,PASS
pt::B009D9KOQY,0.8201,PASS
pt::B00001ZWXA,0.8585,PASS
pt::B00006JP5A,0.7770,PASS
pt::B0000AZK1L,0.7710,PASS
pt::B0000B3ALD,0.8352,PASS
pt::B0006TIA0C,0.8227,PASS
pt::B0009JR45Q,0.8547,PASS
pt::B000AAZQJU,0.8271,PASS
pt::B000AM8SK2,0.8556,PASS
pt::B000FJP0QU,0.7817,PASS
pt::B000KWYP4U,0.8567,PASS
pt::B000MV2CB2,0.8320,PASS
pt::B000P22S2Q,0.8614,PASS
pt::B000QU1QVG,0.8586,PASS
pt::B000T9COJ2,0.8504,PASS
pt::B000U6AHZW,0.8722,PASS
pt::B000VR3P9K,0.8574,PASS
pt::B000WGLZRO,0.8147,PASS
pt::B000WI9CIG,0.6849,RETRY
pt::B000X4X35C,0.8531,PASS
pt::B0010XROPU,0.8738,PASS
pt::B0012DR4HG,0.8303,PASS
pt::B0013PKBAU,0.8435,PASS
pt::B0014KOB6Y,0.8717,PASS
pt::B00155X4Z2,0.7510,PASS
pt::B001769K3O,0.7951,PASS
pt::B00194101O,0.8623,PASS
pt::B001A4Y6IW,0.8432,PASS
pt::B001AOK7KI,0.8758,PASS
pt::B001BYB5ZS,0.8341,PASS
pt::B001CNR39U,0.8474,PASS
pt::B001F50UDG,0.8680,PASS
pt::B001FA1NSC,0.8767,PASS
pt::B001FB578I,0.8763,PASS
pt::B001FN3ZRQ,0.8810,PASS
pt::B001GNBD8I,0.8786,PASS
pt::B001J6N9J8,0.8321,PASS
pt::B001KLEUOA,0.8720,PASS
pt::B001M5U5AC,0.8744,PASS
pt::B001NEK0P2,0.8639,PASS
pt::B001NJ0WCS,0.8745,PASS
pt::B001NQ7UKI,0.6080,RETRY
pt::B001P83G3O,0.7965,PASS
pt::B001QTXKCY,0.8576,PASS
pt::B001RNGEV8,0.7938,PASS
pt::B001SEQN3U,0.8736,PASS
pt::B001SER456,0.8738,PASS
pt::B001UE8LRY,0.8551,PASS
pt::B001UE8LU6,0.8364,PASS
pt::B0026V5MY0,0.8355,PASS
pt::B002RL8IAY,0.8526,PASS
pt::B002TOJXLW,0.7596,PASS
pt::B002VWJU6K,0.8438,PASS
pt::B0036U7WJI,0.8466,PASS
pt::B003DKL55S,0.8698,PASS
pt::B003ES5ZQE,0.6192,RETRY
pt::B003GAMO7I,0.8599,PASS
pt::B003M05LHM,0.7940,PASS
pt::B003Q6CU12,0.5583,RETRY
pt::B0046SUPQQ,0.8265,PASS
pt::B004SBBDD0,0.8386,PASS
pt::B004UBU42Y,0.8780,PASS
pt::B004WOBCWU,0.8688,PASS
pt::B004WP1G5C,0.8513,PASS
pt::B004Z9XZHM,0.8350,PASS
pt::B0050A1O64,0.8396,PASS
pt::B005A0B3FQ,0.8457,PASS
pt::B005ARWDVW,0.8318,PASS
pt::B005BCCML2,0.8480,PASS
pt::B005X9Y0YU,0.8664,PASS
pt::B006BUN6ZE,0.8405,PASS
pt::B006J2L0ZM,0.7798,PASS
pt::B006LVZDSQ,0.8221,PASS
pt::B006RG0QC8,0.8746,PASS
pt::B006SVV6HG,0.8497,PASS
pt::B008M11XO6,0.8660,PASS
pt::B000068V7A,0.8150,PASS
pt::B00006BBA5,0.7105,PASS
pt::B0000AI0NC,0.7136,PASS
pt::B0001TSSM2,0.8494,PASS
pt::B000H02B6O,0.8398,PASS
pt::B000JJSQ30,0.8110,PASS
pt::B0011Z2402,0.8682,PASS
pt::B0011Z6CWS,0.8668,PASS
pt::B001795L5W,0.8630,PASS
pt::B00196757K,0.8604,PASS
pt::B001AJFWO4,0.8686,PASS
pt::B001F4N37W,0.8569,PASS
pt::B001QEPR5M,0.8889,PASS
pt::B001QFZMBU,0.8756,PASS
pt::B0021Y27HW,0.8885,PASS
pt::B002HEWA2I,0.8878,PASS
pt::B002IVVD8C,0.8821,PASS
pt::B002W7RHOG,0.8392,PASS
pt::B002ZME33Q,0.7882,PASS
pt::B0031RGEVI,0.8720,PASS
pt::B00336EHEI,0.8213,PASS
pt::B0035JAE0O,0.8799,PASS
pt::B0035WTVS2,0.8892,PASS
pt::B00395Y9FA,0.8789,PASS
pt::B00395Y9L4,0.8786,PASS
pt::B003964GIO,0.8778,PASS
pt::B003B41XYO,0.8233,PASS
pt::B003ELVLKU,0.8726,PASS
pt::B003FG7IDI,0.6868,RETRY
pt::B003HIWHN0,0.8326,PASS
pt::B003LWTL2C,0.7870,PASS
pt::B003VW5TRS,0.8645,PASS
pt::B003YL4120,0.8718,PASS
pt::B003YL412A,0.8748,PASS
pt::B003YNO0LA,0.7514,PASS
pt::B003ZSHNGI,0.8745,PASS
pt::B0040Y8YP0,0.8616,PASS
pt::B0041EWYSM,0.6770,RETRY
pt::B0046TDL9S,0.8487,PASS
pt::B0046TFH5Y,0.8495,PASS
pt::B004AWEZ82,0.8665,PASS
pt::B004H8FNDK,0.8475,PASS
pt::B004H8FNJO,0.8530,PASS
pt::B004PGMFG2,0.8823,PASS
pt::B004Q7J4W8,0.8526,PASS
pt::B004SBK7TQ,0.8493,PASS
pt::B004WKSY1G,0.8611,PASS
pt::B004ZGLM5W,0.8153,PASS
pt::B0056Z0T0A,0.8873,PASS
pt::B005WKKIGO,0.8235,PASS
pt::B0061R1XI4,0.7972,PASS
pt::B006K5520C,0.8802,PASS
pt::B006T7QRMS,0.8885,PASS
pt::B00728Z9JA,0.8803,PASS
pt::B0073HSH08,0.8461,PASS
pt::B007Y4NWH8,0.6357,RETRY
pt::B0085WMATO,0.8589,PASS
pt::B0088IC00Y,0.7554,PASS
pt::B008MB70TI,0.8764,PASS
pt::B008WACIMI,0.8279,PASS
pt::B0090I9VQW,0.8677,PASS
pt::B00000J4FS,0.7966,PASS
pt::B00003CWA6,0.8466,PASS
pt::B00005AT7Y,0.8568,PASS
pt::B00005T3EV,0.8310,PASS
pt::B00006I5J7,0.7881,PASS
pt::B00006I5JN,0.8579,PASS
pt::B00009W3DV,0.8479,PASS
pt::B0000D80D3,0.8435,PASS
pt::B0001VGFKW,0.8179,PASS
pt::B0002EXJRA,0.7256,PASS
pt::B0003NN83U,0.8443,PASS
pt::B00066FH1U,0.8167,PASS
pt::B0009204RI,0.8159,PASS
pt::B000AY2L3U,0.8813,PASS
pt::B000EPNDEG,0.8743,PASS
pt::B000JLHDOG,0.8564,PASS
pt::B000KI81XK,0.8597,PASS
pt::B000NEKORW,0.8755,PASS
pt::B000NK6INU,0.8568,PASS
pt::B000NSH15Q,0.8736,PASS
pt::B000OBLARC,0.8648,PASS
pt::B000PO3CTM,0.8490,PASS
pt::B000Q6RETS,0.8675,PASS
pt::B000TNAR88,0.8191,PASS
pt::B000VK7LBA,0.8699,PASS
pt::B000W8XQS8,0.8566,PASS
pt::B0011UEUOA,0.6355,RETRY
pt::B0012X43P2,0.8528,PASS
pt::B0015AHRFK,0.8644,PASS
pt::B0015GVQEC,0.7726,PASS
pt::B0016NJ7EK,0.8607,PASS
pt::B0017JY5FE,0.8499,PASS
pt::B00193U3O0,0.8027,PASS
pt::B001DLTDQC,0.8661,PASS
pt::B001DO2XWA,0.8668,PASS
pt::B001F5FI3S,0.8799,PASS
pt::B001M5V0YC,0.6212,RETRY
pt::B001TH7FAQ,0.8500,PASS
pt::B0025PKFUI,0.7664,PASS
pt::B0029U2YPS,0.8784,PASS
pt::B002FYK1B2,0.5081,RETRY
pt::B002JCSV5I,0.8526,PASS
pt::B002KANXBG,0.8664,PASS
pt::B002OHDFOA,0.8725,PASS
pt::B002XITTS6,0.8748,PASS
pt::B0036WT3ZM,0.8824,PASS
pt::B003FMUMSA,0.8255,PASS
pt::B003H2G7YG,0.8212,PASS
pt::B003LZYXYU,0.8579,PASS
pt::B003O6PXS6,0.8716,PASS
pt::B003OA8T92,0.8595,PASS
pt::B003YUEF0E,0.8721,PASS
pt::B00466X9SY,0.8675,PASS
pt::B0047XRVWQ,0.7976,PASS
pt::B00480P67K,0.8612,PASS
pt::B004BLIQDC,0.8451,PASS
pt::B004CQMC5Y,0.7687,PASS
pt::B004HIN7SI,0.8760,PASS
pt::B004HKAIBA,0.8776,PASS
pt::B004JISIE4,0.7804,PASS
pt::B004MKNQGO,0.8595,PASS
pt::B004MN57P4,0.8662,PASS
pt::B004N625BO,0.8860,PASS
pt::B004N85TY2,0.8337,PASS
pt::B004PVW1DY,0.7212,PASS
pt::B004UL34EY,0.8800,PASS
pt::B004VRJ3E2,0.8671,PASS
pt::B004YAYM06,0.8361,PASS
pt::B004ZP74IM,0.8665,PASS
pt::B0054CFNJM,0.8695,PASS
pt::B005612QLY,0.8332,PASS
pt::B005A0O8QW,0.7777,PASS
pt::B005O81U9S,0.8710,PASS
pt::B005Y8JO3C,0.7783,PASS
pt::B0069LY4KG,0.8129,PASS
pt::B007QIXSVM,0.8633,PASS
pt::B008RW9SYM,0.7782,PASS
pt::B0090JFDWC,0.8803,PASS
pt::B0090Z3QD4,0.8686,PASS
pt::B00003IEMD,0.8624,PASS
pt::B00004WLJ9,0.7562,PASS
pt::B00005NPWK,0.8095,PASS
pt::B00005RKTC,0.8365,PASS
pt::B00006HYP6,0.8427,PASS
pt::B00009KIYM,0.7017,PASS
pt::B0001D3K8A,0.8301,PASS
pt::B00020T522,0.6059,RETRY
pt::B000233ZMU,0.7850,PASS
pt::B0002EQU6C,0.7316,PASS
pt::B0002MPNLC,0.8382,PASS
pt::B0002SQ0A4,0.8355,PASS
pt::B0006AZ57M,0.8610,PASS
pt::B0006BGV2Y,0.7470,PASS
pt::B0007TOR08,0.8742,PASS
pt::B0007U0GZM,0.8590,PASS
pt::B0007Z1M50,0.8887,PASS
pt::B00081A2KY,0.6914,RETRY
pt::B0008IV3XC,0.5829,RETRY
pt::B0009JZSKO,0.8634,PASS
pt::B0009V6TL4,0.8696,PASS
pt::B000E9ZQBU,0.7786,PASS
pt::B000ENRQ3M,0.8673,PASS
pt::B000FJJASO,0.8540,PASS
pt::B000FZ33AE,0.8390,PASS
pt::B000GC98H8,0.8538,PASS
pt::B000H87IIC,0.8257,PASS
pt::B000HVRRJO,0.8023,PASS
pt::B000I1X6PM,0.8187,PASS
pt::B000IE5XIC,0.6966,RETRY
pt::B000J38NR0,0.6705,RETRY
pt::B000JJPZW0,0.8579,PASS
pt::B000JSFT2C,0.8698,PASS
pt::B000L7INLU,0.8458,PASS
pt::B000MX5U46,0.8197,PASS
pt::B000P6664I,0.8750,PASS
pt::B000PCX780,0.8427,PASS
pt::B000R9BJ2C,0.8635,PASS
pt::B000RJTZZ0,0.8703,PASS
pt::B000RM6DTS,0.7416,PASS
pt::B000U3JR8S,0.7985,PASS
pt::B000WGR3VG,0.8463,PASS
pt::B000WH6XZM,0.8697,PASS
pt::B000WNG0MW,0.7308,PASS
pt::B00116SLYY,0.6584,RETRY
pt::B0011E324K,0.8513,PASS
pt::B00140R0G2,0.8655,PASS
pt::B00141CTNK,0.8591,PASS
pt::B0014DVIL2,0.7511,PASS
pt::B0016LDZ36,0.6586,RETRY
pt::B0018QNYVM,0.8486,PASS
pt::B00192G76O,0.8905,PASS
pt::B0019ASAY8,0.8545,PASS
pt::B001A1TPFE,0.8246,PASS
pt::B001AAVA08,0.7929,PASS
pt::B001BT0IEW,0.8377,PASS
pt::B001C9KW9C,0.8595,PASS
pt::B001CD160M,0.8445,PASS
pt::B001CH9YMK,0.7946,PASS
pt::B001CK3X0Q,0.8342,PASS
pt::B001CSNQAU,0.8398,PASS
pt::B001FVIU2S,0.7015,PASS
pt::B001G04VJO,0.7367,PASS
pt::B001G5RKSS,0.8326,PASS
pt::B001H5T7PQ,0.8157,PASS
pt::B001HQ797I,0.8663,PASS
pt::B001J3U4LC,0.8563,PASS
pt::B001JTO7AK,0.7945,PASS
pt::B001KCCTWO,0.8127,PASS
pt::B001KUL012,0.8059,PASS
pt::B001NPCTBO,0.8577,PASS
pt::B001O9EUSO,0.8258,PASS
pt::B001QCWQNK,0.8204,PASS
pt::B001S0NTVI,0.5856,RETRY
pt::B001SE4K3K,0.8816,PASS
pt::B001TP4RRC,0.8708,PASS
pt::B001VL2XK2,0.5420,RETRY
pt::B0028N6XDA,0.8564,PASS
pt::B002A6G3V2,0.8639,PASS
pt::B002DEMAWM,0.8602,PASS
pt::B002EREH74,0.8652,PASS
pt::B002F9NSLW,0.8568,PASS
pt::B002G1YPH0,0.8493,PASS
pt::B002JAYKEQ,0.8336,PASS
pt::B002MKS95O,0.8506,PASS
pt::B002NEFXQW,0.8739,PASS
pt::B002PY7OSA,0.8703,PASS
pt::B002UVNW5W,0.8622,PASS
pt::B002V2R8VY,0.8382,PASS
pt::B002VA7RPS,0.8601,PASS
pt::B002VJJODM,0.8778,PASS
pt::B0030DL37I,0.8418,PASS
pt::B003BIFOLS,0.8464,PASS
pt::B003FV5XGC,0.8393,PASS
pt::B003TOE4PQ,0.7786,PASS
pt::B003V8ATVS,0.8442,PASS
pt::B003ZUXXVU,0.8274,PASS
pt::B00486TLQ6,0.8030,PASS
pt::B004EKT5OE,0.8264,PASS
pt::B004SNCZ3K,0.8731,PASS
pt::B0055QZ216,0.8778,PASS
pt::B005DKZW2I,0.8381,PASS
pt::B00006JQ06,0.7810,PASS
pt::B00065ANYC,0.8497,PASS
pt::B0009KVU8W,0.8308,PASS
pt::B000BNHM0C,0.8576,PASS
pt::B000BUNY3E,0.8499,PASS
pt::B000CRLBFY,0.8629,PASS
pt::B000FBOF96,0.8740,PASS
pt::B000FKKWVM,0.8500,PASS
pt::B000FTEEEY,0.8708,PASS
pt::B000GHULTM,0.8800,PASS
pt::B000HARTYI,0.8840,PASS
pt::B000HATNI8,0.8721,PASS
pt::B000NK9BQG,0.8755,PASS
pt::B000QDZ4CU,0.8172,PASS
pt::B000QSF2FY,0.8771,PASS
pt::B000S6PENO,0.8511,PASS
pt::B000WVGR9U,0.6666,RETRY
pt::B000ZOCO8C,0.8575,PASS
pt::B0012WXFPM,0.8733,PASS
pt::B00139JBU2,0.8762,PASS
pt::B0015ADDYY,0.8693,PASS
pt::B0015BYKGI,0.8584,PASS
pt::B0019884K0,0.8090,PASS
pt::B001H8DF0G,0.8872,PASS
pt::B001OAN74Q,0.8785,PASS
pt::B001PS9UKW,0.7748,PASS
pt::B001S2RDKY,0.8766,PASS
pt::B001U3YIOU,0.8559,PASS
pt::B002DUCMQU,0.8807,PASS
pt::B0033QJLQW,0.8335,PASS
pt::B003C1AO2I,0.7804,PASS
pt::B003DTLV8K,0.8777,PASS
pt::B003Y74AWU,0.8458,PASS
pt::B003YKG2WI,0.8432,PASS
pt::B003ZUET68,0.8147,PASS
pt::B0043T34RK,0.8707,PASS
pt::B0054CFKQI,0.8865,PASS
pt::B0058SRNZ4,0.8513,PASS
pt::B005DKZTNK,0.8577,PASS
pt::B005QXX0MG,0.6561,RETRY
pt::B005UI6V1E,0.6202,RETRY
pt::B0068OH0SM,0.8595,PASS
pt::B0076BDBDE,0.8692,PASS
pt::B0079TOGDW,0.8504,PASS
pt::B007X3VEUC,0.8624,PASS
pt::B008IEGS9W,0.8759,PASS
pt::B008YDUTRO,0.8817,PASS
pt::B0092U3TKC,0.8623,PASS
pt::B009N8M2P6,0.8607,PASS
pt::B00004TDMX,0.5093,RETRY
pt::B00005LE6Z,0.8589,PASS
pt::B00005LEOH,0.8467,PASS
pt::B00005NIMJ,0.8424,PASS
pt::B00009R877,0.7148,PASS
pt::B00009R886,0.8637,PASS
pt::B00009R89V,0.8629,PASS
pt::B00009R8AT,0.8290,PASS
pt::B0000ALKF6,0.7725,PASS
pt::B00019JPRO,0.7317,PASS
pt::B00022OB88,0.8548,PASS
pt::B00064XR5K,0.8153,PASS
pt::B0009BX0AM,0.8059,PASS
pt::B0009PAJ2A,0.6577,RETRY
pt::B000B4WL1G,0.8242,PASS
pt::B000EXHYKW,0.8243,PASS
pt::B000H0IKA0,0.8767,PASS
pt::B000HJPK2C,0.8233,PASS
pt::B000HZB1GA,0.8356,PASS
pt::B000KIJ0RG,0.8408,PASS
pt::B000PNGM18,0.7776,PASS
pt::B000RTWBG0,0.7327,PASS
pt::B000VZL6WK,0.6743,RETRY
pt::B000W9UYL4,0.8720,PASS
pt::B000YIWR8G,0.8690,PASS
pt::B0010SIAV2,0.8136,PASS
pt::B001120WQ8,0.8009,PASS
pt::B0012Z9OOU,0.7285,PASS
pt::B0013DGTUI,0.8476,PASS
pt::B0014Z5XMK,0.8557,PASS
pt::B0018CWY3A,0.8476,PASS
pt::B0019CSVMW,0.8205,PASS
pt::B001AG9T1Y,0.8000,PASS
pt::B001AZ3UHY,0.8266,PASS
pt::B001GCVA0U,0.8397,PASS
pt::B001HAER88,0.8262,PASS
pt::B001JSJWRY,0.8669,PASS
pt::B001PA94NS,0.8551,PASS
pt::B001TI9AV2,0.8494,PASS
pt::B0027JRXF2,0.7402,PASS
pt::B002PLBP56,0.8381,PASS
pt::B002ZKJSCY,0.8698,PASS
pt::B0031QZTQA,0.8585,PASS
pt::B0034WR19Y,0.7713,PASS
pt::B003656Q7C,0.8198,PASS
pt::B0038WHCX0,0.8514,PASS
pt::B0039NLS7Y,0.8589,PASS
pt::B003ANK9ZA,0.8403,PASS
pt::B003JJEFBY,0.8824,PASS
pt::B003LYF5P2,0.8281,PASS
pt::B0042X9L6A,0.8414,PASS
pt::B00460RUR6,0.8571,PASS
pt::B00465ZDXY,0.7872,PASS
pt::B004FLHPOO,0.7377,PASS
pt::B004KU0RJK,0.7923,PASS
pt::B004OHX6P6,0.8660,PASS
pt::B004QIPVF6,0.8442,PASS
pt::B004T1Y8SG,0.8668,PASS
pt::B004TTL9S0,0.8367,PASS
pt::B004TTSPI2,0.8011,PASS
pt::B004V1DAC4,0.8674,PASS
pt::B004XO8DMG,0.8037,PASS
pt::B005CRJ7F0,0.7938,PASS
pt::B005FJ7OF0,0.8533,PASS
pt::B005IHAIC0,0.8546,PASS
pt::B005KCJQJO,0.5101,RETRY
pt::B005KSZ430,0.8462,PASS
pt::B005O81U8Y,0.8766,PASS
pt::B0068ON4OG,0.7934,PASS
pt::B006JILARE,0.8254,PASS
pt::B006TAP096,0.8523,PASS
pt::B006ZZ2V9M,0.7368,PASS
pt::B0074FGLUM,0.8500,PASS
pt::B00759TQ7W,0.8294,PASS
pt::B007DAK1AO,0.8685,PASS
pt::B007VL90AW,0.8702,PASS
pt::B007X95MNG,0.8774,PASS
pt::B00836H2CC,0.8702,PASS
pt::B0084AQLDI,0.8661,PASS
pt::B0088O6RCK,0.8485,PASS
pt::B008R91OZ6,0.7410,PASS
pt::B009GHYM0M,0.8509,PASS
pt::B009GYIKHQ,0.6303,RETRY
pt::B0000658CE,0.8668,PASS
pt::B00008AWL2,0.8200,PASS
pt::B00079SWNQ,0.8402,PASS
pt::B0009TQB00,0.8620,PASS
pt::B000HZBR64,0.8774,PASS
pt::B000OMKR8E,0.8718,PASS
pt::B000P0PF9G,0.8685,PASS
pt::B000V6ZTWW,0.8023,PASS
pt::B000X23I22,0.7440,PASS
pt::B000Y79K32,0.8584,PASS
pt::B00127OVHI,0.8535,PASS
pt::B001CRBTDW,0.8533,PASS
pt::B001DFVJJM,0.7341,PASS
pt::B001G5ZAC6,0.8420,PASS
pt::B001LF40N6,0.6438,RETRY
pt::B001Q5DOJC,0.8520,PASS
pt::B001QGT1CA,0.7563,PASS
pt::B001QKI2DA,0.8029,PASS
pt::B001VRJ5D4,0.8644,PASS
pt::B0027VT6OG,0.8635,PASS
pt::B002BWOO0W,0.8703,PASS
pt::B002EGVR6O,0.8643,PASS
pt::B002IPHIDC,0.8782,PASS
pt::B002IT1BFO,0.8449,PASS
pt::B002MCT7PS,0.8519,PASS
pt::B002R0DZZ8,0.7156,PASS
pt::B002RWJD7A,0.8201,PASS
pt::B002TLT10S,0.8796,PASS
pt::B002TLTG9E,0.8490,PASS
pt::B002TLTIS8,0.8480,PASS
pt::B0030ZZ6TC,0.7968,PASS
pt::B0031RGKZI,0.8493,PASS
pt::B0039SM0B2,0.7930,PASS
pt::B003BNY8AQ,0.8521,PASS
pt::B003E8N5PC,0.6975,RETRY
pt::B003F6G6O0,0.8686,PASS
pt::B003FGWF04,0.8650,PASS
pt::B003G2ZJTG,0.8295,PASS
pt::B003GAJ67Y,0.7623,PASS
pt::B003X26LYG,0.8786,PASS
pt::B003YFHE9I,0.7856,PASS
pt::B0040QMB8O,0.8787,PASS
pt::B0042JAGY0,0.8147,PASS
pt::B0044YU60M,0.8827,PASS
pt::B00471UDWI,0.7889,PASS
pt::B0047ZFHBG,0.7590,PASS
pt::B00499DTOC,0.8395,PASS
pt::B004H1PV4S,0.7260,PASS
pt::B004I4SSCQ,0.8808,PASS
pt::B004JLMBIA,0.8318,PASS
pt::B004LNXO28,0.8700,PASS
pt::B004N91BK2,0.8388,PASS
pt::B004PA871A,0.8281,PASS
pt::B004RORMF6,0.8042,PASS
pt::B004S95AZO,0.7215,PASS
pt::B004YHWI7S,0.8203,PASS
pt::B004YLCN1U,0.8604,PASS
pt::B0057XC5C6,0.7027,PASS
pt::B005EOWBHC,0.8608,PASS
pt::B005KSVU8S,0.8713,PASS
pt::B005L38VPC,0.8887,PASS
pt::B005O7QC10,0.8571,PASS
pt::B005TUQSSE,0.8669,PASS
pt::B006JVMTEE,0.8535,PASS
pt::B006OW1J1M,0.8118,PASS
pt::B006WYVLNI,0.8461,PASS
pt::B007AJHGC4,0.8366,PASS
pt::B007FL6100,0.6043,RETRY
pt::B007GJ4GFS,0.8653,PASS
pt::B007JBN6NQ,0.8593,PASS
pt::B007SZGR8E,0.7987,PASS
pt::B0083ACGCO,0.7782,PASS
pt::B008ALAHA4,0.8587,PASS
pt::B008MDSWI4,0.8700,PASS
pt::B008MJ01QE,0.8794,PASS
pt::B009DCNP9O,0.7286,PASS
pt::B009EIUH6G,0.8780,PASS
pt::B00000J4EY,0.6693,RETRY
pt::B00000K4KH,0.8505,PASS
pt::B00004U4MT,0.8721,PASS
pt::B000058BCQ,0.8639,PASS
pt::B000067RBT,0.8142,PASS
pt::B0001DLIP2,0.8644,PASS
pt::B00064V6RG,0.8416,PASS
pt::B0006G36TA,0.7049,PASS
pt::B0009EJ92C,0.8787,PASS
pt::B0009YDP7W,0.6894,RETRY
pt::B000BPRGK6,0.8650,PASS
pt::B000CSOXTO,0.8679,PASS
pt::B000ENWTCU,0.5364,RETRY
pt::B000JZ76IK,0.8784,PASS
pt::B000KYE43A,0.8638,PASS
pt::B000SBCA7C,0.8601,PASS
pt::B0012BI26K,0.8760,PASS
pt::B0013FK9U2,0.8479,PASS
pt::B0014VY28A,0.8549,PASS
pt::B001F192IE,0.8110,PASS
pt::B001GS8G06,0.7794,PASS
pt::B001RB24L4,0.8739,PASS
pt::B0028RXI5C,0.8585,PASS
pt::B002QPW9J2,0.5831,RETRY
pt::B002SXMRO4,0.8673,PASS
pt::B002TLTGGM,0.8230,PASS
pt::B002TLTGJ4,0.8298,PASS
pt::B002TLTH7K,0.8540,PASS
pt::B0032ANC00,0.8311,PASS
pt::B0037258ZK,0.8826,PASS
pt::B0038BW3W6,0.8278,PASS
pt::B0038KN3LM,0.7728,PASS
pt::B003EN2VJI,0.8472,PASS
pt::B003FMU320,0.8704,PASS
pt::B003FMUP46,0.8777,PASS
pt::B003N12TSY,0.8357,PASS
pt::B003SX0NFI,0.7939,PASS
pt::B003WCAX28,0.8088,PASS
pt::B0045371FU,0.8644,PASS
pt::B004CAGDSW,0.8459,PASS
pt::B004CRSLGW,0.8240,PASS
pt::B004M187ZI,0.7613,PASS
pt::B004M1880W,0.8543,PASS
pt::B004QQG18Y,0.7703,PASS
pt::B004RE281Y,0.8774,PASS
pt::B004RE282I,0.8794,PASS
pt::B004WOBCXO,0.8013,PASS
pt::B0054YKVBK,0.6168,RETRY
pt::B005AZ7BE8,0.8565,PASS
pt::B005CWHZP4,0.8226,PASS
pt::B005NGOPSY,0.8643,PASS
pt::B005OYR9D8,0.8348,PASS
pt::B005VAORJO,0.8483,PASS
pt::B005WY3TD4,0.8645,PASS
pt::B0061HMPWM,0.8330,PASS
pt::B0064X5Q5Q,0.5957,RETRY
pt::B006JD3F0Y,0.8632,PASS
pt::B007477COO,0.8668,PASS
pt::B007W0XHK6,0.8757,PASS
pt::B008AZJXDM,0.6893,RETRY
pt::B008N0ATDW,0.8194,PASS
pt::B008RM235I,0.8526,PASS
pt::B008RW6QHY,0.7882,PASS
pt::B00006B9HO,0.8719,PASS
pt::B0000D89M6,0.8715,PASS
pt::B000196C2A,0.8119,PASS
pt::B0001HMFIC,0.6831,RETRY
pt::B0001HWL9A,0.7945,PASS
pt::B0001YFW94,0.7527,PASS
pt::B0002M0Q1E,0.8575,PASS
pt::B00030F6OC,0.7905,PASS
pt::B0009Q56N6,0.7506,PASS
pt::B000ABB4HC,0.7937,PASS
pt::B000F6VRJC,0.6582,RETRY
pt::B000FIQBNW,0.6548,RETRY
pt::B000FJ4XP4,0.8029,PASS
pt::B000HDFXU2,0.8335,PASS
pt::B000HX1P8G,0.8763,PASS
pt::B000I20AJ6,0.8338,PASS
pt::B000I9643K,0.5079,RETRY
pt::B000ID7QNI,0.7882,PASS
pt::B000KX65K6,0.8444,PASS
pt::B000MN8QR4,0.7868,PASS
pt::B000N7VPRW,0.8174,PASS
pt::B000OH99JW,0.8726,PASS
pt::B000PI9E4K,0.8473,PASS
pt::B000U39VSY,0.7805,PASS
pt::B000VDCTCI,0.7648,PASS
pt::B000VDF5VK,0.8714,PASS
pt::B000Y2KI6K,0.8605,PASS
pt::B0013TVAB0,0.8311,PASS
pt::B0013UQ9KQ,0.8443,PASS
pt::B001542X64,0.8383,PASS
pt::B001DVZXC0,0.8393,PASS
pt::B001F7KXB8,0.8659,PASS
pt::B001G9WAF2,0.8155,PASS
pt::B001JBYMTO,0.8265,PASS
pt::B001N7NIQW,0.7682,PASS
pt::B001P4NHUA,0.8658,PASS
pt::B001RHJ60K,0.8081,PASS
pt::B001TSMJDS,0.8350,PASS
pt::B001U3ZVQ4,0.8626,PASS
pt::B001YI02CS,0.6661,RETRY
pt::B002C6QE00,0.8153,PASS
pt::B002D5XY8A,0.8499,PASS
pt::B002DQQ0WG,0.7816,PASS
pt::B002JCSV6M,0.8531,PASS
pt::B002JINFS0,0.8810,PASS
pt::B002JM5JSU,0.8852,PASS
pt::B002N1J7DU,0.7561,PASS
pt::B00313JXE2,0.8547,PASS
pt::B0034XRDU0,0.5820,RETRY
pt::B00355ETTU,0.8225,PASS
pt::B0038QS2NU,0.7459,PASS
pt::B003E2W4OG,0.6713,RETRY
pt::B003E4793K,0.8189,PASS
pt::B003L870JM,0.8131,PASS
pt::B003MVZ60S,0.8493,PASS
pt::B003NYJEZW,0.8389,PASS
pt::B003W9B4H4,0.8209,PASS
pt::B003ZSHNCC,0.8178,PASS
pt::B00406YHLI,0.8646,PASS
pt::B0040IWVBY,0.7973,PASS
pt::B0040XJC7K,0.8674,PASS
pt::B0042EU1C2,0.8334,PASS
pt::B004863FRW,0.8432,PASS
pt::B004HEBXFQ,0.8566,PASS
pt::B004ZP74IW,0.8643,PASS
pt::B005EWB15W,0.8513,PASS
pt::B005IQRMN4,0.7436,PASS
pt::B006IKGWWQ,0.7597,PASS
pt::B006YQBKE4,0.8486,PASS
pt::B007472CIK,0.8707,PASS
pt::B007KB0EGC,0.7355,PASS
pt::B008EWNVI4,0.8751,PASS
pt::B008NSAEN4,0.8634,PASS
pt::B008QUVSCA,0.8441,PASS
pt::B00934CQ56,0.8148,PASS
pt::B0096VD85I,0.8681,PASS
pt::B009HNJY58,0.8590,PASS
pt::B009HNK272,0.8090,PASS
pt::B009NE5YYQ,0.8540,PASS
pt::B00008W7LN,0.8626,PASS
pt::B0000AZK4G,0.7346,PASS
pt::B0001XGQV8,0.8521,PASS
pt::B0002IOIMQ,0.8631,PASS
pt::B0002YE6EU,0.8394,PASS
pt::B0003NN83K,0.6307,RETRY
pt::B000652LUG,0.8637,PASS
pt::B000652SZO,0.8213,PASS
pt::B0009SCMKY,0.8658,PASS
pt::B000AOKTJ8,0.8209,PASS
pt::B000CHRK6S,0.8152,PASS
pt::B000E5BL18,0.8710,PASS
pt::B000EWJYYW,0.8369,PASS
pt::B000F007K8,0.8769,PASS
pt::B000G143P6,0.8639,PASS
pt::B000L4D42Q,0.8496,PASS
pt::B000U5W4R2,0.8832,PASS
pt::B0011UDQYA,0.5088,RETRY
pt::B0012LKJ48,0.8571,PASS
pt::B0013A7XHY,0.8589,PASS
pt::B0015ASMHC,0.7839,PASS
pt::B0015GADB4,0.8468,PASS
pt::B0015Q4NQU,0.8738,PASS
pt::B00172M8HS,0.8833,PASS
pt::B0018M256G,0.8439,PASS
pt::B001DEYVXO,0.7827,PASS
pt::B001DTTCQA,0.8727,PASS
pt::B001F0RPGG,0.8725,PASS
pt::B001LYUG3A,0.5902,RETRY
pt::B001MBLBXQ,0.6961,RETRY
pt::B001OMH1O6,0.8811,PASS
pt::B001P5CAV6,0.8602,PASS
pt::B0028Y4H1O,0.8535,PASS
pt::B002CQA2NU,0.8509,PASS
pt::B002DGTGNQ,0.8555,PASS
pt::B002GP7ZT6,0.8695,PASS
pt::B002NTPLXM,0.8472,PASS
pt::B002NYXZUS,0.8438,PASS
pt::B002ODIE54,0.8496,PASS
pt::B002ODUEDO,0.8496,PASS
pt::B002TLUJB8,0.8704,PASS
pt::B002TQYSN8,0.8577,PASS
pt::B002VWK4NI,0.8831,PASS
pt::B003152680,0.8000,PASS
pt::B003BEDTBY,0.8517,PASS
pt::B003E49GRC,0.8782,PASS
pt::B003NG2WIG,0.7503,PASS
pt::B003NSBKSC,0.8255,PASS
pt::B003P2V52M,0.7909,PASS
pt::B003UEWF8I,0.8668,PASS
pt::B003YKG2UU,0.8587,PASS
pt::B00426DND4,0.8086,PASS
pt::B0047E35OS,0.8762,PASS
pt::B004AGXHKK,0.8218,PASS
pt::B004AXDFFA,0.8537,PASS
pt::B004CLYJ1E,0.8291,PASS
pt::B004L9LT2E,0.8341,PASS
pt::B004OOTRPC,0.8394,PASS
pt::B004UAJZDY,0.8610,PASS
pt::B004YTQ4UI,0.8436,PASS
pt::B005LA0RES,0.8382,PASS
pt::B0063N7OZ2,0.8206,PASS
pt::B0067LGN4S,0.8358,PASS
pt::B0068ALV8Q,0.8667,PASS
pt::B006K54ZQO,0.8226,PASS
pt::B006VCP72W,0.8700,PASS
pt::B0071AEHHO,0.7353,PASS
pt::B007F4JQNG,0.8063,PASS
pt::B007HZLLOK,0.8582,PASS
pt::B0085YTDM4,0.8691,PASS
pt::B0088HP93A,0.6836,RETRY
pt::B00965HLFW,0.8595,PASS
pt::B009E6J1BU,0.8178,PASS
pt::B00006HSYC,0.5842,RETRY
pt::B0001MKTZS,0.8530,PASS
pt::B0002D6QJO,0.6531,RETRY
pt::B0007XDYW6,0.8161,PASS
pt::B00080YK9Y,0.6103,RETRY
pt::B000E9U9GC,0.7652,PASS
pt::B000F4CTUK,0.8853,PASS
pt::B000GU78Z4,0.8654,PASS
pt::B000I7OIBW,0.7731,PASS
pt::B000II6YEA,0.8741,PASS
pt::B000IJY8DS,0.8156,PASS
pt::B000ILIHTC,0.8479,PASS
pt::B000NDBRKG,0.8504,PASS
pt::B000SEQGT2,0.8382,PASS
pt::B000U62N1S,0.8710,PASS
pt::B0011UIXLG,0.8622,PASS
pt::B0014GVZS0,0.8655,PASS
pt::B0017Q4ZXO,0.8488,PASS
pt::B001FT9ON4,0.8734,PASS
pt::B001H9NR7Q,0.6096,RETRY
pt::B001IOY4Z4,0.8513,PASS
pt::B001KHCESS,0.8217,PASS
pt::B001M547EM,0.8277,PASS
pt::B001N4KGNS,0.8458,PASS
pt::B0020HR7DE,0.8076,PASS
pt::B00256HWRG,0.8450,PASS
pt::B0029Z9ULY,0.7230,PASS
pt::B002HK0UQK,0.7615,PASS
pt::B002JM1V6O,0.8687,PASS
pt::B002OEBIM4,0.8469,PASS
pt::B002OL2M18,0.8767,PASS
pt::B002TJYVBO,0.8370,PASS
pt::B002XUL5OU,0.8558,PASS
pt::B00394T7BW,0.8637,PASS
pt::B0039XQQX0,0.8677,PASS
pt::B0039YON66,0.7725,PASS
pt::B003CQD8YO,0.8630,PASS
pt::B003CYKYU2,0.8194,PASS
pt::B003FQ2X56,0.8559,PASS
pt::B003IT6Z86,0.8303,PASS
pt::B003N7O3EG,0.8781,PASS
pt::B003VNKKTE,0.8590,PASS
pt::B00429NVQA,0.8755,PASS
pt::B0046A9RA4,0.8732,PASS
pt::B004TGJZCA,0.8330,PASS
pt::B004YIFOP0,0.6869,RETRY
pt::B004YIFP04,0.8622,PASS
pt::B00584WZKG,0.8671,PASS
pt::B005DJNRQM,0.7843,PASS
pt::B005LJQP0E,0.7973,PASS
pt::B005O88CUS,0.8830,PASS
pt::B005ZAO9PC,0.6626,RETRY
pt::B006I0KL6Y,0.8433,PASS
pt::B006IV02EY,0.8741,PASS
pt::B006Q6QHDG,0.8475,PASS
pt::B006TI42QU,0.8795,PASS
pt::B007PZWWYK,0.8203,PASS
pt::B007PZWYKM,0.8035,PASS
pt::B007PZYBTY,0.8772,PASS
pt::B007Q2JQNW,0.6175,RETRY
pt::B007ZSV9XM,0.8375,PASS
pt::B008467K1E,0.8360,PASS
pt::B0089WM01S,0.8844,PASS
pt::B008HY1HDK,0.6782,RETRY
pt::B0090I46U8,0.8619,PASS
pt::B0091F8EZ8,0.6582,RETRY
pt::9983891212,0.8681,PASS
pt::B000051WW9,0.8168,PASS
pt::B00007KFT2,0.8374,PASS
pt::B00026WRFI,0.8642,PASS
pt::B0002ATWPW,0.8591,PASS
pt::B0002MQGOK,0.6367,RETRY
pt::B0009W7EMG,0.7985,PASS
pt::B000FS5APW,0.8535,PASS
pt::B000I98ZQY,0.8254,PASS
pt::B000IV413S,0.8744,PASS
pt::B000M4F9GO,0.8558,PASS
pt::B000NEJYZA,0.8471,PASS
pt::B000NOSQZY,0.8840,PASS
pt::B000NPKGH4,0.6604,RETRY
pt::B000NTM9SY,0.8173,PASS
pt::B000UE8JWM,0.8559,PASS
pt::B000XZ5JBW,0.8700,PASS
pt::B000ZH6J94,0.8840,PASS
pt::B00176F2RC,0.6759,RETRY
pt::B001FSIT9K,0.8380,PASS
pt::B001HBH1B2,0.8448,PASS
pt::B001U5NWQ8,0.6581,RETRY
pt::B001XURGTO,0.8219,PASS
pt::B002AQSVDA,0.8351,PASS
pt::B002UUPWP6,0.8130,PASS
pt::B002VF41RU,0.8581,PASS
pt::B002VFWY9M,0.8460,PASS
pt::B002WN2J34,0.7535,PASS
pt::B0031RG2JC,0.8613,PASS
pt::B0035P4C06,0.8765,PASS
pt::B003ES547O,0.8830,PASS
pt::B003LPUWT0,0.8679,PASS
pt::B003ZSHKIO,0.8507,PASS
pt::B0040JHVC2,0.8486,PASS
pt::B004B1Z6EE,0.8030,PASS
pt::B004J1G2MQ,0.8661,PASS
pt::B004Y4XVOK,0.8759,PASS
pt::B0054WF6JY,0.7920,PASS
pt::B005KG3KNI,0.7589,PASS
pt::B005LSZ2TA,0.8718,PASS
pt::B005MJU1JY,0.8768,PASS
pt::B005TCMW7S,0.8080,PASS
pt::B005UD73SO,0.8630,PASS
pt::B0066CHKMW,0.5172,RETRY
pt::B006K550J0,0.8258,PASS
pt::B006K552LG,0.8849,PASS
pt::B007T08XA8,0.8060,PASS
pt::B0084JFLTY,0.8503,PASS
pt::B008O0XSRA,0.7099,PASS
pt::B00006B9W2,0.8382,PASS
pt::B0001G6UCA,0.8807,PASS
pt::B0001WE6U2,0.8491,PASS
pt::B00021TMWE,0.6409,RETRY
pt::B0002NXNSG,0.8377,PASS
pt::B0002WTK48,0.8471,PASS
pt::B0007N55NM,0.8781,PASS
pt::B0007VPFI4,0.8420,PASS
pt::B0009L8250,0.8377,PASS
pt::B000AY0IT4,0.8524,PASS
pt::B000HCWN42,0.8395,PASS
pt::B000MY4EN8,0.7629,PASS
pt::B000OAFYVG,0.8076,PASS
pt::B000PH1DL8,0.6485,RETRY
pt::B000VBZWZ6,0.8484,PASS
pt::B000W8W86Y,0.8378,PASS
pt::B0010D0HO0,0.4831,RETRY
pt::B001E45XT4,0.8502,PASS
pt::B001EO6W8K,0.8464,PASS
pt::B001GN3SGS,0.8399,PASS
pt::B001KUSXXU,0.8345,PASS
pt::B001MS2RWS,0.8648,PASS
pt::B001NPEBEC,0.5722,RETRY
pt::B001OAOZ2E,0.8805,PASS
pt::B001SEQPGA,0.8772,PASS
pt::B001SH2BDI,0.8401,PASS
pt::B0029L0IM8,0.8703,PASS
pt::B002DONEKO,0.8260,PASS
pt::B002MVFJTC,0.8011,PASS
pt::B002OEBILK,0.8527,PASS
pt::B002QGDWLK,0.8278,PASS
pt::B002RWJGHC,0.8401,PASS
pt::B002TQYUAE,0.8494,PASS
pt::B00346I5LI,0.8649,PASS
pt::B0034XREEA,0.8830,PASS
pt::B0035JKJC2,0.8815,PASS
pt::B003819S8I,0.7845,PASS
pt::B003819S8S,0.8048,PASS
pt::B003EEPS0G,0.7948,PASS
pt::B003FVU49I,0.8730,PASS
pt::B003ICWAVE,0.8568,PASS
pt::B003IWG6HI,0.8575,PASS
pt::B003L5D0OE,0.8194,PASS
pt::B003L5DLA2,0.8499,PASS
pt::B003M6FDS8,0.8563,PASS
pt::B00413PHEQ,0.8597,PASS
pt::B0041G5XFQ,0.8748,PASS
pt::B00439563A,0.8137,PASS
pt::B00462FW74,0.8359,PASS
pt::B0047N0XBW,0.8551,PASS
pt::B0047ZGIUK,0.8634,PASS
pt::B0048IW030,0.7993,PASS
pt::B0049S2ZZM,0.8601,PASS
pt::B004IZN3YI,0.8464,PASS
pt::B004LWYE4Q,0.8722,PASS
pt::B004RFGALC,0.8496,PASS
pt::B004SUO3VK,0.8647,PASS
pt::B004ULOZPQ,0.8781,PASS
pt::B004V94F5C,0.8694,PASS
pt::B004WJRTOK,0.8778,PASS
pt::B004YW6I38,0.8824,PASS
pt::B004ZL9ZPG,0.8375,PASS
pt::B0050JS1QG,0.8763,PASS
pt::B0056G10WK,0.8485,PASS
pt::B0058DOWH6,0.7101,PASS
pt::B005C95MRA,0.8794,PASS
pt::B005MJU1DA,0.8580,PASS
pt::B005UBNKWO,0.6918,RETRY
pt::B006HUMYCO,0.8219,PASS
pt::B006JGXOSY,0.8585,PASS
pt::B007PFMCCW,0.7833,PASS
pt::B008Y1KK6Q,0.8645,PASS
pt::B0096YORV4,0.8535,PASS
pt::B0097BPOAE,0.8379,PASS
pt::B00002NAXD,0.8427,PASS
pt::B0000511T7,0.7094,PASS
pt::B00005125H,0.7074,PASS
pt::B00006343W,0.8696,PASS
pt::B000068O1A,0.6684,RETRY
pt::B000068O3C,0.6713,RETRY
pt::B000068O4D,0.8261,PASS
pt::B000068O4J,0.5902,RETRY
pt::B000068OEO,0.6039,RETRY
pt::B00006FXR9,0.8700,PASS
pt::B00006I5EQ,0.7657,PASS
pt::B00006I5JC,0.8393,PASS
pt::B00006JPD1,0.7660,PASS
pt::B00009R6HB,0.8638,PASS
pt::B0000ET9DG,0.8316,PASS
pt::B0000TU7I6,0.8571,PASS
pt::B00014K3V6,0.8246,PASS
pt::B00014K3VG,0.8535,PASS
pt::B0001LS12C,0.8530,PASS
pt::B0001M47FG,0.8412,PASS
pt::B000230L3G,0.7897,PASS
pt::B00025HBPU,0.8595,PASS
pt::B00026Z9CQ,0.6478,RETRY
pt::B0002GRUJ6,0.8085,PASS
pt::B0002J2TLC,0.8643,PASS
pt::B0003NN81M,0.8295,PASS
pt::B0006BCCPO,0.8536,PASS
pt::B0008D76L0,0.8394,PASS
pt::B0009H5VVM,0.8625,PASS
pt::B000ASGFNI,0.8674,PASS
pt::B000AZJ268,0.6593,RETRY
pt::B000B7PKKW,0.6603,RETRY
pt::B000BP8AMY,0.8618,PASS
pt::B000FKQ8LA,0.8537,PASS
pt::B000FYZ33A,0.8421,PASS
pt::B000GWTDL4,0.8404,PASS
pt::B000I1FAWY,0.8247,PASS
pt::B000I1GPRS,0.8171,PASS
pt::B000KIR8M0,0.5432,RETRY
pt::B000LT0KIC,0.8734,PASS
pt::B000ME393O,0.8629,PASS
pt::B000MKC34E,0.8711,PASS
pt::B000MM2WIO,0.6684,RETRY
pt::B000MUXJCO,0.8450,PASS
pt::B000O8SLV8,0.8451,PASS
pt::B000QYWQW0,0.8269,PASS
pt::B000R4HDTU,0.8789,PASS
pt::B000ROO49C,0.7675,PASS
pt::B000RZ68L8,0.8567,PASS
pt::B000V9GCP2,0.8528,PASS
pt::B000X1T3IQ,0.8498,PASS
pt::B000Y9NNRE,0.8675,PASS
pt::B0011GI94Q,0.8690,PASS
pt::B0012ILNK0,0.8550,PASS
pt::B0013LQD7Y,0.5678,RETRY
pt::B0014D2WE4,0.8461,PASS
pt::B0014EHYZA,0.8353,PASS
pt::B0015EDVVU,0.5912,RETRY
pt::B0017KD4FA,0.8745,PASS
pt::B0017U0BRE,0.8245,PASS
pt::B0017VRGXU,0.8613,PASS
pt::B001BPCMRW,0.7299,PASS
pt::B001CBDGHA,0.8289,PASS
pt::B001DAIW74,0.8217,PASS
pt::B001GCUMX6,0.8416,PASS
pt::B001H0GEW0,0.8069,PASS
pt::B001J8BAYW,0.8361,PASS
pt::B001JMRVVO,0.8778,PASS
pt::B001O9X51W,0.8768,PASS
pt::B001R65MFO,0.8819,PASS
pt::B001UDHGMQ,0.7184,PASS
pt::B001UK13IW,0.8546,PASS
pt::B001W9Y4PK,0.8295,PASS
pt::B0027UVTQA,0.8295,PASS
pt::B002931GP4,0.8247,PASS
pt::B002HDUHM4,0.8158,PASS
pt::B002M3SW4E,0.8597,PASS
pt::B002QAUN2M,0.8359,PASS
pt::B002TLSOFQ,0.8431,PASS
pt::B0031ZKX5I,0.8064,PASS
pt::B0032HBFD4,0.8627,PASS
pt::B003B1ASV6,0.7355,PASS
pt::B003DTLXKG,0.7640,PASS
pt::B003EEMFTS,0.8572,PASS
pt::B003S6ID20,0.7590,PASS
pt::B003ZYSTYW,0.8496,PASS
pt::B0045JXSHO,0.8324,PASS
pt::B004F9P2KU,0.8474,PASS
pt::B004FLL5AY,0.8859,PASS
pt::B004RRX1CG,0.8534,PASS
pt::B004T0DNI8,0.8724,PASS
pt::B006JJFPVA,0.8404,PASS
pt::B0074WDFSQ,0.8667,PASS
pt::B008BMLW6K,0.8510,PASS
pt::B00000JSGF,0.8883,PASS
pt::B00001YVG4,0.7656,PASS
pt::B000021YUO,0.6487,RETRY
pt::B000028F42,0.8437,PASS
pt::B00002SWHH,0.8708,PASS
pt::B000038AB2,0.8846,PASS
pt::B00003G1RJ,0.8465,PASS
pt::B00003ZDJ7,0.7742,PASS
pt::B0000488VK,0.8349,PASS
pt::B00004R8VC,0.8899,PASS
pt::B00004SC3Y,0.8680,PASS
pt::B00004SCKA,0.8457,PASS
pt::B00004SYB7,0.8616,PASS
pt::B00004TDL2,0.8530,PASS
pt::B00004TEN2,0.8602,PASS
pt::B00004THDE,0.8609,PASS
pt::B00004W3YX,0.8883,PASS
pt::B00004WGNF,0.8842,PASS
pt::B00004WHF1,0.8014,PASS
pt::B00004X036,0.8526,PASS
pt::B00004XO1V,0.8829,PASS
pt::B00004Y2MM,0.8902,PASS
pt::B00004Y7CF,0.8645,PASS
pt::B00004YBVE,0.8785,PASS
pt::B00004YMBK,0.8718,PASS
pt::B00004YRVY,0.8791,PASS
pt::B00004ZA7W,0.8664,PASS
pt::B000050AQ7,0.8597,PASS
pt::B000050NON,0.7552,PASS
pt::B000051123,0.8536,PASS
pt::B0000511OJ,0.8778,PASS
pt::B00005137P,0.7903,PASS
pt::B000051SHL,0.8436,PASS
pt::B000056Q1H,0.8598,PASS
pt::B000056SSM,0.8434,PASS
pt::B00005AC8J,0.8584,PASS
pt::B00005ATZN,0.8409,PASS
pt::B00005AW1X,0.8778,PASS
pt::B00005AY8Q,0.8784,PASS
pt::B00005B4BW,0.8718,PASS
pt::B00005B6TI,0.8854,PASS
pt::B00005B6UF,0.8852,PASS
pt::B00005B70I,0.8696,PASS
pt::B00005B8HO,0.8671,PASS
pt::B00005ICE1,0.8504,PASS
pt::B00005KB24,0.8462,PASS
pt::B00005MA7J,0.8808,PASS
pt::B00005MAAR,0.8865,PASS
pt::B00005MEN6,0.8830,PASS
pt::B00005NDUP,0.7798,PASS
pt::B00005NGQF,0.8509,PASS
pt::B00005NHAC,0.8816,PASS
pt::B00005NHAK,0.8825,PASS
pt::B00005NWQN,0.8815,PASS
pt::B00005OAY3,0.8715,PASS
pt::B00005OMN0,0.8449,PASS
pt::B00005OMZN,0.8376,PASS
pt::B00005OQMO,0.8863,PASS
pt::B00005Q7DG,0.8839,PASS
pt::B00005Q7DI,0.8875,PASS
pt::B00005QFZF,0.8843,PASS
pt::B00005QI59,0.8876,PASS
pt::B00005QJCU,0.8850,PASS
pt::B00005QXWI,0.7825,PASS
pt::B00005R098,0.8539,PASS
pt::B00005T3T6,0.8723,PASS
pt::B00005T6GZ,0.8588,PASS
pt::B00005UKBX,0.8651,PASS
pt::B00005Y1Z6,0.8008,PASS
pt::B00005Y7DO,0.7861,PASS
pt::B0000630TO,0.8365,PASS
pt::B000063574,0.8764,PASS
pt::B000063BGY,0.8837,PASS
pt::B000063CWO,0.8885,PASS
pt::B000063CWP,0.8777,PASS
pt::B000063S4J,0.8807,PASS
pt::B00006412G,0.8870,PASS
pt::B0000645C8,0.8708,PASS
pt::B0000658CH,0.8365,PASS
pt::B000066JQU,0.8565,PASS
pt::B000066TPN,0.8820,PASS
pt::B000068BQJ,0.8718,PASS
pt::B000068BRB,0.8906,PASS
pt::B000068BRE,0.8821,PASS
pt::B0000691IO,0.8725,PASS
pt::B0000691LX,0.8660,PASS
pt::B00006HMPK,0.8559,PASS
pt::B00006IS65,0.8034,PASS
pt::B00006JI6U,0.8841,PASS
pt::B00006JKXN,0.7928,PASS
pt::B00006LS92,0.8694,PASS
pt::B00006LV79,0.8075,PASS
pt::B00006OX95,0.8535,PASS
pt::B00007FS1O,0.8714,PASS
pt::B00007LAYN,0.8556,PASS
pt::B000083EAI,0.8457,PASS
pt::B000085BD7,0.8313,PASS
pt::B000085ZKV,0.8612,PASS
pt::B00008I8OP,0.8837,PASS
pt::B00008IHTY,0.8835,PASS
pt::B00008IHU2,0.8895,PASS
pt::B00008J639,0.8887,PASS
pt::B00008OE5G,0.8856,PASS
pt::B00008SB1D,0.8704,PASS
pt::B00008ZLHG,0.7707,PASS
pt::B000094FV6,0.8574,PASS
pt::B00009J5VX,0.8732,PASS
pt::B00009RTBX,0.8356,PASS
pt::B00009X6PT,0.8361,PASS
pt::B0000A55F4,0.8604,PASS
pt::B0000B35Y2,0.8761,PASS
pt::B0000CD08M,0.8440,PASS
pt::B0000DF2QB,0.8725,PASS
pt::B00065L5SK,0.8747,PASS
pt::B0007TJ5OG,0.8381,PASS
pt::B002BA5VVA,0.7515,PASS
pt::B00005LEOO,0.8307,PASS
pt::B00009X3UA,0.8829,PASS
pt::B00018MSNI,0.8807,PASS
pt::B0002MH3HO,0.8679,PASS
pt::B000BWRIE8,0.8670,PASS
pt::B000BY9CUY,0.8586,PASS
pt::B000GBERAM,0.8582,PASS
pt::B000HCQR8A,0.6258,RETRY
pt::B000P6M6HY,0.8500,PASS
pt::B000PKX2KA,0.8733,PASS
pt::B000QJ4ZE2,0.8434,PASS
pt::B000R2PC2M,0.8631,PASS
pt::B000TAIC1U,0.8553,PASS
pt::B000UMRWCC,0.8703,PASS
pt::B000VDF5RO,0.8467,PASS
pt::B000VJX7DW,0.8276,PASS
pt::B0013A1XDY,0.8408,PASS
pt::B0013BEEUW,0.8425,PASS
pt::B001541R5W,0.8293,PASS
pt::B0016XIQ1U,0.8265,PASS
pt::B001AZ01EO,0.8278,PASS
pt::B001DO15J2,0.8692,PASS
pt::B001EQ7H82,0.6059,RETRY
pt::B001FA0FTK,0.8213,PASS
pt::B001GCUC6S,0.5763,RETRY
pt::B001QL1VZU,0.8509,PASS
pt::B001QXDWNW,0.8714,PASS
pt::B001RPD02M,0.8300,PASS
pt::B001UE6MAM,0.8493,PASS
pt::B002M3SO10,0.8725,PASS
pt::B002M78E9S,0.8805,PASS
pt::B002MRRU6G,0.8649,PASS
pt::B002NX13LC,0.8466,PASS
pt::B002O3MVYO,0.8598,PASS
pt::B002QQ8918,0.8698,PASS
pt::B002R5AT6Q,0.8853,PASS
pt::B002X32OBK,0.5811,RETRY
pt::B00322OOXM,0.8506,PASS
pt::B00328HR62,0.8751,PASS
pt::B0034XIM82,0.8784,PASS
pt::B0035CIO3A,0.8640,PASS
pt::B0037KM0X0,0.5818,RETRY
pt::B003B3P2BK,0.8737,PASS
pt::B003BFTKUC,0.6201,RETRY
pt::B003ES5ZTG,0.8614,PASS
pt::B003HF3A34,0.8133,PASS
pt::B003KPBRRW,0.8506,PASS
pt::B003MOKUIS,0.8626,PASS
pt::B003MPN90S,0.8832,PASS
pt::B003ZSHNE0,0.8483,PASS
pt::B003ZSHNEK,0.8443,PASS
pt::B0043BPZWA,0.8669,PASS
pt::B0043M9ATS,0.8534,PASS
pt::B0047T79PE,0.8484,PASS
pt::B004HKIB6E,0.8462,PASS
pt::B004HW7DZM,0.8526,PASS
pt::B004M8ST1S,0.8704,PASS
pt::B004NPND20,0.8715,PASS
pt::B004PJC9QU,0.8282,PASS
pt::B004UHYYAG,0.8217,PASS
pt::B004V6BQ3O,0.8609,PASS
pt::B004YUIW1Q,0.6987,RETRY
pt::B005DCP280,0.7297,PASS
pt::B005HRT88G,0.8584,PASS
pt::B005IHAI8O,0.8377,PASS
pt::B005KBB79C,0.8767,PASS
pt::B005NYPC1U,0.8712,PASS
pt::B005O65Y3S,0.8835,PASS
pt::B005OL2ID2,0.8345,PASS
pt::B006507QXS,0.8508,PASS
pt::B00652C690,0.7332,PASS
pt::B00685423M,0.8183,PASS
pt::B006P88VSE,0.8606,PASS
pt::B00701AN5Y,0.8564,PASS
pt::B0076UXKDG,0.7957,PASS
pt::B007EPMRKK,0.8615,PASS
pt::B007R1FH3K,0.8530,PASS
pt::B007ZHAYL6,0.8395,PASS
pt::B0080M3PCU,0.8319,PASS
pt::B008D5TYGU,0.8166,PASS
pt::B008OQV1CS,0.8409,PASS
pt::B008PQA3JO,0.8589,PASS
pt::B00000J1EQ,0.8491,PASS
pt::B00003006K,0.7881,PASS
pt::B000066E6Y,0.8660,PASS
pt::B00006B82A,0.8299,PASS
pt::B0000DF2LT,0.8536,PASS
pt::B00094OT36,0.8772,PASS
pt::B000A0CV9S,0.6651,RETRY
pt::B000B74TR2,0.6024,RETRY
pt::B000NMFCIA,0.7669,PASS
pt::B000OKH7I4,0.8665,PASS
pt::B000QZ0036,0.8021,PASS
pt::B000T8PTLI,0.8344,PASS
pt::B000XBMP5E,0.7111,PASS
pt::B001C3NCZY,0.7223,PASS
pt::B001HOYZV8,0.8650,PASS
pt::B0026SKZO0,0.8662,PASS
pt::B0028N78BG,0.8785,PASS
pt::B002CVHURQ,0.8498,PASS
pt::B002NKLREI,0.8738,PASS
pt::B0036FFNN0,0.8268,PASS
pt::B0037Z6R9S,0.8149,PASS
pt::B003D18DM0,0.8298,PASS
pt::B003NREDC8,0.8675,PASS
pt::B003RCEAB8,0.8439,PASS
pt::B0041RSDXE,0.8636,PASS
pt::B0041TF4QQ,0.8496,PASS
pt::B004DJQXDW,0.8889,PASS
pt::B004FN0TJK,0.8621,PASS
pt::B004SCSV2U,0.8344,PASS
pt::B005FK2378,0.8416,PASS
pt::B005FN5DJA,0.8710,PASS
pt::B005KTIX50,0.8275,PASS
pt::B005LFT40G,0.8364,PASS
pt::B005QDK3SA,0.5490,RETRY
pt::B007M6OZCE,0.8794,PASS
pt::B007PX7QES,0.8472,PASS
pt::B0081CRXGI,0.6879,RETRY
pt::B0089JIDUI,0.8096,PASS
pt::B008EQ1YWA,0.8685,PASS
pt::B008SZWBR4,0.8622,PASS
pt::B00009WQS1,0.8372,PASS
pt::B0007PN5MS,0.7915,PASS
pt::B0007YFQH6,0.5135,RETRY
pt::B0009YU7Z0,0.7293,PASS
pt::B000BUDHOA,0.8215,PASS
pt::B000BWZOS0,0.7987,PASS
pt::B000CH3IIW,0.8343,PASS
pt::B000CNAEEW,0.7974,PASS
pt::B000I5HE38,0.8703,PASS
pt::B000IZE8XM,0.7111,PASS
pt::B000NH7SZ0,0.8263,PASS
pt::B000NVLQ72,0.7892,PASS
pt::B000O1FTYC,0.7224,PASS
pt::B000O8JZIG,0.7976,PASS
pt::B000TSCL28,0.8520,PASS
pt::B000U8HBRW,0.8768,PASS
pt::B000WDSYXK,0.5711,RETRY
pt::B00129CDGC,0.8212,PASS
pt::B0012Z3MKW,0.8465,PASS
pt::B001BRZYZM,0.8236,PASS
pt::B001E2HKL0,0.6955,RETRY
pt::B001F7HKNC,0.8631,PASS
pt::B001IHYLTK,0.7756,PASS
pt::B001KMW3KC,0.7255,PASS
pt::B001LNQWTS,0.8151,PASS
pt::B001MTYS06,0.7968,PASS
pt::B001OVBXIC,0.8252,PASS
pt::B001Q6TZ5S,0.8117,PASS
pt::B002HJBK5G,0.7953,PASS
pt::B002LE8D2U,0.8539,PASS
pt::B002NO7PWC,0.8718,PASS
pt::B002Q2M8KK,0.7651,PASS
pt::B002QG2H7K,0.8298,PASS
pt::B002QR7DHS,0.8211,PASS
pt::B002R06PGE,0.8643,PASS
pt::B002S425EK,0.8041,PASS
pt::B00339X1EM,0.8222,PASS
pt::B00358WZMA,0.8287,PASS
pt::B0036WT3TS,0.8607,PASS
pt::B0037FQUMW,0.8486,PASS
pt::B003FVI2KQ,0.8700,PASS
pt::B003GJ581S,0.8617,PASS
pt::B003GSL6UG,0.8701,PASS
pt::B003J89V0A,0.8582,PASS
pt::B003KPNRGQ,0.7902,PASS
pt::B003M9RWT8,0.8719,PASS
pt::B003O8J11Y,0.8354,PASS
pt::B003P8X8L2,0.8602,PASS
pt::B003U2WYMC,0.6374,RETRY
pt::B003X0BJB8,0.7687,PASS
pt::B003XOR00I,0.8679,PASS
pt::B003YMIUD0,0.7408,PASS
pt::B0040HEU8W,0.8667,PASS
pt::B0046TVZSW,0.8742,PASS
pt::B0049YQVHE,0.8671,PASS
pt::B004DALW5K,0.8632,PASS
pt::B004EPPJAI,0.8566,PASS
pt::B004FPYJF8,0.8219,PASS
pt::B004G8QO5C,0.8750,PASS
pt::B004ILKH64,0.8377,PASS
pt::B004KY719A,0.8375,PASS
pt::B004T0DNJC,0.8538,PASS
pt::B004UG3YU8,0.8722,PASS
pt::B004X8EODY,0.8347,PASS
pt::B004X8RNSC,0.8008,PASS
pt::B00539LP34,0.8570,PASS
pt::B0055PKSG6,0.8536,PASS
pt::B005CJODK2,0.6606,RETRY
pt::B005F30IJK,0.8530,PASS
pt::B00603QXPM,0.8572,PASS
pt::B0061XSBZG,0.7847,PASS
pt::B006E0634W,0.8463,PASS
pt::B007IV7KRU,0.8771,PASS
pt::B007VPGL5U,0.8403,PASS
pt::B007ZWVCOY,0.8610,PASS
pt::B008DJAYJM,0.8413,PASS
pt::B008G32ZTM,0.8033,PASS
pt::B00906DHLE,0.8519,PASS
pt::B000067SC4,0.6933,RETRY
pt::B000EW2XQ8,0.8319,PASS
pt::B000HRYV38,0.8597,PASS
pt::B000I6P1UA,0.8692,PASS
pt::B000MCGF1O,0.8366,PASS
pt::B000OFC1YY,0.7956,PASS
pt::B000TFIWQK,0.7216,PASS
pt::B000V6R2OU,0.8238,PASS
pt::B0014SCLCM,0.8154,PASS
pt::B001E0XDWM,0.7076,PASS
pt::B001GDLYAU,0.8028,PASS
pt::B001TIG36C,0.7928,PASS
pt::B00281AFAO,0.5219,RETRY
pt::B002DW92IE,0.7955,PASS
pt::B002SE37QK,0.8202,PASS
pt::B002WN1GOW,0.6941,RETRY
pt::B003GSLEJY,0.8242,PASS
pt::B003QABV4K,0.2790,RETRY
pt::B003UT6C9G,0.8863,PASS
pt::B004CLY5DG,0.8535,PASS
pt::B004CLYJ0K,0.8690,PASS
pt::B004HE65OA,0.8604,PASS
pt::B004SKBILS,0.8748,PASS
pt::B004UAKCS6,0.8420,PASS
pt::B004UHD9JI,0.8138,PASS
pt::B005D5M136,0.7994,PASS
pt::B005FVU82O,0.8619,PASS
pt::B005H3I38Q,0.8233,PASS
pt::B005HEUWFW,0.3896,RETRY
pt::B005HY4UIW,0.8591,PASS
pt::B005SNPTRS,0.8839,PASS
pt::B005XP020K,0.8424,PASS
pt::B006GQHRU8,0.8746,PASS
pt::B006ZOI9OY,0.8117,PASS
pt::B007VD320Y,0.8341,PASS
pt::B008OEHV6U,0.8622,PASS
pt::B008YDTS1C,0.8604,PASS
pt::B009CNHZKO,0.7929,PASS
pt::B00000J1TX,0.8167,PASS
pt::B000068O4W,0.5887,RETRY
pt::B00006B9ES,0.8623,PASS
pt::B00006HMR3,0.8283,PASS
pt::B00006JP23,0.8583,PASS
pt::B000086TLD,0.7071,PASS
pt::B0001FV3C8,0.8613,PASS
pt::B000E1S3OA,0.8090,PASS
pt::B000E1WDS2,0.7263,PASS
pt::B000I23TTE,0.7255,PASS
pt::B000V1K7FG,0.5877,RETRY
pt::B000WJB1AW,0.7323,PASS
pt::B000YMSYDY,0.8497,PASS
pt::B001PNIGZW,0.8340,PASS
pt::B002UL5W4G,0.7828,PASS
pt::B00305K3E0,0.8095,PASS
pt::B003BQ91Y6,0.7221,PASS
pt::B003PJ6NPO,0.8347,PASS
pt::B003R74POA,0.7393,PASS
pt::B003TECP7U,0.8524,PASS
pt::B003VGRDUK,0.8377,PASS
pt::B003XKWLSS,0.8394,PASS
pt::B0047T79VS,0.8824,PASS
pt::B007O0ZJKA,0.7271,PASS
pt::B008GVETNE,0.8582,PASS
pt::B008O58I2A,0.6653,RETRY
pt::B008P35EIW,0.8454,PASS
pt::B009ISLOQE,0.8555,PASS
pt::B0000775AA,0.6368,RETRY
pt::B00011KHTM,0.8487,PASS
pt::B0001ZA4PA,0.8657,PASS
pt::B0002ILKWM,0.8529,PASS
pt::B00030097G,0.7378,PASS
pt::B0003009AI,0.8690,PASS
pt::B000A6NV0U,0.8736,PASS
pt::B000B6D39I,0.8106,PASS
pt::B000CS7U1C,0.8640,PASS
pt::B000N204EW,0.8558,PASS
pt::B000OZ6X1Q,0.8403,PASS
pt::B000T0C46Y,0.7884,PASS
pt::B000U0HRKG,0.8377,PASS
pt::B000UB66KC,0.8677,PASS
pt::B000UHVSKY,0.7740,PASS
pt::B000VM60I8,0.8684,PASS
pt::B001413DF8,0.8497,PASS
pt::B0018TIUCW,0.8634,PASS
pt::B0019VSU88,0.7925,PASS
pt::B001CZ5BOW,0.8721,PASS
pt::B001HPDGFI,0.7504,PASS
pt::B001U3Z4AM,0.8359,PASS
pt::B0027JRXYI,0.7696,PASS
pt::B002HWRJXU,0.8634,PASS
pt::B002MCZJ3C,0.8790,PASS
pt::B002Q4U9PY,0.8599,PASS
pt::B002TLSOGA,0.4505,RETRY
pt::B002YK1FFI,0.8585,PASS
pt::B003N3BLAO,0.8225,PASS
pt::B003ZHV978,0.8651,PASS
pt::B004BDOGL6,0.7223,PASS
pt::B004GGWOSK,0.8584,PASS
pt::B004I2KA4M,0.8543,PASS
pt::B004IA2KBK,0.8793,PASS
pt::B004TPZU2K,0.8332,PASS
pt::B005BGO1EO,0.8582,PASS
pt::B005HY4UOG,0.8774,PASS
pt::B005N0K4WQ,0.8584,PASS
pt::B006K556FI,0.7340,PASS
pt::B0077KMY4G,0.8502,PASS
pt::B0085RZPPA,0.8735,PASS
pt::B0093E70IE,0.8244,PASS
pt::8862936826,0.8744,PASS
pt::B00006B81E,0.8159,PASS
pt::B000B7C37K,0.8461,PASS
pt::B000UVM0ES,0.8511,PASS
pt::B001212ELY,0.8595,PASS
pt::B001B7H39W,0.8450,PASS
pt::B001EKABK4,0.8567,PASS
pt::B001FA1NCS,0.8788,PASS
pt::B001PBYQHG,0.8540,PASS
pt::B0028ACYEK,0.8306,PASS
pt::B0030CHH2O,0.7762,PASS
pt::B0036OR910,0.8702,PASS
pt::B003C12Z98,0.8554,PASS
pt::B003C1CCJG,0.8583,PASS
pt::B003CJTR82,0.8581,PASS
pt::B003ES4NIA,0.8776,PASS
pt::B003LNZ1L6,0.8505,PASS
pt::B003LVZO92,0.8627,PASS
pt::B003MQO96U,0.6097,RETRY
pt::B003YTROIU,0.8324,PASS
pt::B003ZTKFEE,0.8351,PASS
pt::B004BDORE2,0.8670,PASS
pt::B004BDOREC,0.8585,PASS
pt::B004D2AZ06,0.8223,PASS
pt::B004FEEZMQ,0.8459,PASS
pt::B004GJ0BZA,0.8649,PASS
pt::B004SKBJ5S,0.7549,PASS
pt::B004VM0SE6,0.8372,PASS
pt::B0054JE706,0.8684,PASS
pt::B006K55662,0.6806,RETRY
pt::B006QOJ3YI,0.8430,PASS
pt::B006WHPQCC,0.8653,PASS
pt::B007B5QQ96,0.8251,PASS
pt::B007RORKU0,0.8612,PASS
pt::B009AR2MQO,0.8784,PASS
pt::B009H8JOZS,0.8375,PASS
pt::B00006B70R,0.8820,PASS
pt::B00006HYJ5,0.8705,PASS
pt::B0000AZW8X,0.8668,PASS
pt::B0006PK94Q,0.8601,PASS
pt::B00086HTMI,0.8767,PASS
pt::B0009WKBGC,0.8762,PASS
pt::B000BP8AY2,0.8854,PASS
pt::B000DZDPJA,0.8805,PASS
pt::B000EPHP4U,0.8782,PASS
pt::B000FDOWQK,0.8444,PASS
pt::B000FQ76IS,0.8838,PASS
pt::B000HZ48OM,0.8476,PASS
pt::B000HZ9CCA,0.8861,PASS
pt::B000IBNXX2,0.8848,PASS
pt::B000J43HJ8,0.8806,PASS
pt::B000J47W12,0.8689,PASS
pt::B000JLKIHA,0.8846,PASS
pt::B000K1KTNW,0.8423,PASS
pt::B000M8OX6W,0.8657,PASS
pt::B000MF4N42,0.8796,PASS
pt::B000ND75CU,0.8409,PASS
pt::B000O656FE,0.8692,PASS
pt::B000UU7ZPS,0.8775,PASS
pt::B000UV4EUG,0.8841,PASS
pt::B000VA3TRA,0.8567,PASS
pt::B000VJWJW2,0.8733,PASS
pt::B000VXVI3O,0.8712,PASS
pt::B000VZCEU8,0.8543,PASS
pt::B000WFZRZG,0.8843,PASS
pt::B000WX63C4,0.6948,RETRY
pt::B000YEMKGY,0.8770,PASS
pt::B000Z3XXR4,0.8553,PASS
pt::B0010S07MC,0.8732,PASS
pt::B0011FCV8W,0.8791,PASS
pt::B0012OKAP8,0.8759,PASS
pt::B00132MMVE,0.8718,PASS
pt::B001346ZDI,0.8693,PASS
pt::B0013FLTNS,0.8330,PASS
pt::B0015RDLMG,0.8772,PASS
pt::B0016OJXGQ,0.7673,PASS
pt::B00170F3SQ,0.8284,PASS
pt::B001A1O9FK,0.8845,PASS
pt::B001B8EUEW,0.8865,PASS
pt::B001BYB61G,0.8329,PASS
pt::B001BYB620,0.8616,PASS
pt::B001EQ0HAW,0.8894,PASS
pt::B001FA1NRI,0.8721,PASS
pt::B001FA1NZ0,0.8811,PASS
pt::B001N2MZZW,0.8837,PASS
pt::B001NPCTBE,0.8643,PASS
pt::B001NPDKW6,0.8693,PASS
pt::B001NT9UIA,0.8757,PASS
pt::B001P05NKG,0.7817,PASS
pt::B001P9CZ9O,0.8908,PASS
pt::B001QFZFS0,0.8849,PASS
pt::B001QVDPN6,0.8257,PASS
pt::B001R95IDM,0.8684,PASS
pt::B001TH7F7O,0.8609,PASS
pt::B001U0OGQS,0.8541,PASS
pt::B001U5617K,0.8851,PASS
pt::B001UHOX1Y,0.8705,PASS
pt::B002AULXHW,0.8811,PASS
pt::B002EEAGH2,0.8862,PASS
pt::B002H9RL5O,0.7976,PASS
pt::B002M3SOCE,0.8808,PASS
pt::B002M3SOM4,0.8792,PASS
pt::B002VR6A9K,0.8869,PASS
pt::B002VUCCVW,0.8331,PASS
pt::B0041G62VU,0.8847,PASS
pt::B004HO58JI,0.8764,PASS
pt::B004YLCH0C,0.8671,PASS
pt::B00747XA9A,0.8629,PASS
pt::B00747Y9C2,0.8454,PASS
pt::B00747YRWO,0.8409,PASS
pt::B0075327TM,0.8573,PASS
pt::B000ZH98LU,0.8845,PASS
pt::B001E3XLNU,0.6230,RETRY
pt::B001GS8FZM,0.8169,PASS
pt::B0028QDO0M,0.8468,PASS
pt::B002BNMPCU,0.8500,PASS
pt::B002C8A79W,0.8355,PASS
pt::B002S53LJ2,0.8738,PASS
pt::B0039RNGNY,0.8675,PASS
pt::B003FWEQDM,0.8563,PASS
pt::B003GIJTR8,0.8639,PASS
pt::B003LY7UJ6,0.7964,PASS
pt::B0042X93B8,0.8567,PASS
pt::B004BRMV6O,0.8122,PASS
pt::B004M8SBC0,0.8881,PASS
pt::B004UR72IM,0.8288,PASS
pt::B004YAVDTE,0.8551,PASS
pt::B00539I57S,0.8660,PASS
pt::B005972X3Q,0.7691,PASS
pt::B005TDWSF8,0.8436,PASS
pt::B0064R9H2A,0.8627,PASS
pt::B0074FGNDC,0.8613,PASS
pt::B0079TOG4Q,0.8622,PASS
pt::B007FL7GGS,0.5898,RETRY
pt::B007PZYAJ0,0.8513,PASS
pt::B007RKQCO4,0.8719,PASS
pt::B0081OY95E,0.8613,PASS
pt::B008GVL9YQ,0.5576,RETRY
pt::B00000J1V5,0.8099,PASS
pt::B000067RC4,0.8271,PASS
pt::B00006BBAU,0.8469,PASS
pt::B0001XGR1C,0.7747,PASS
pt::B00023433U,0.8464,PASS
pt::B0002KR13M,0.6875,RETRY
pt::B0002MQGOA,0.6298,RETRY
pt::B000A1IUGA,0.8296,PASS
pt::B000FZZ8CA,0.5926,RETRY
pt::B000HDJY7K,0.5530,RETRY
pt::B000J1BRY8,0.5800,RETRY
pt::B000JFJZGG,0.8554,PASS
pt::B000K11OKE,0.8509,PASS
pt::B000KW5OFY,0.8411,PASS
pt::B000LUE73U,0.8550,PASS
pt::B000TQ4D8K,0.8170,PASS
pt::B000UZC35K,0.5890,RETRY
pt::B000V0DY70,0.7963,PASS
pt::B000V1O1J4,0.7277,PASS
pt::B000V6WD8A,0.7690,PASS
pt::B000VAIMF4,0.8797,PASS
pt::B000W4B1ZC,0.8096,PASS
pt::B0015V1H28,0.6678,RETRY
pt::B0016BENZ0,0.8214,PASS
pt::B0017RLFM2,0.8595,PASS
pt::B0019447JQ,0.8259,PASS
pt::B001BO7R00,0.8782,PASS
pt::B001EBE1LI,0.7678,PASS
pt::B001EUPNES,0.8158,PASS
pt::B001GTTEBK,0.8451,PASS
pt::B001KC08A4,0.8457,PASS
pt::B001O3OSIM,0.7945,PASS
pt::B001OC3YB0,0.8678,PASS
pt::B001S2RDGS,0.6846,RETRY
pt::B001T9EYGC,0.8233,PASS
pt::B001U02JZ8,0.8565,PASS
pt::B001V399GG,0.8852,PASS
pt::B001VMAYAM,0.8320,PASS
pt::B001XURP9K,0.8547,PASS
pt::B0021KXS6K,0.8027,PASS
pt::B0023RRNJY,0.8742,PASS
pt::B0028N6VN2,0.8592,PASS
pt::B002G1YNQS,0.7255,PASS
pt::B002IPHA3A,0.8769,PASS
pt::B002M78J9S,0.8188,PASS
pt::B002NU5SRA,0.7131,PASS
pt::B002TWEKD0,0.7626,PASS
pt::B002WI8GG8,0.8342,PASS
pt::B0034XDT0S,0.8529,PASS
pt::B0035B4LJM,0.6534,RETRY
pt::B0037G2BMY,0.8587,PASS
pt::B003AVN6DY,0.6510,RETRY
pt::B003CKC8W8,0.8600,PASS
pt::B003LZ6F8M,0.8519,PASS
pt::B003VNKKUS,0.8681,PASS
pt::B003VY4M42,0.8288,PASS
pt::B003VYH1UE,0.8635,PASS
pt::B003Z2NIH2,0.8486,PASS
pt::B0045JCL22,0.8224,PASS
pt::B00479SVBU,0.3405,RETRY
pt::B004CQGAYS,0.7843,PASS
pt::B004LAEKBU,0.8214,PASS
pt::B004MME6RU,0.8447,PASS
pt::B004MODQOC,0.8252,PASS
pt::B004OBAJCA,0.8664,PASS
pt::B004P52OAK,0.8375,PASS
pt::B004TA0AUW,0.8469,PASS
pt::B004XJI5L0,0.7525,PASS
pt::B0051G5SBY,0.8026,PASS
pt::B0058SYDTI,0.8440,PASS
pt::B005HKIDF2,0.8528,PASS
pt::B005S0BYQ6,0.7489,PASS
pt::B005ZPEQRS,0.8492,PASS
pt::B006U1YVZ8,0.8835,PASS
pt::B00752R9SM,0.8473,PASS
pt::B008U23F3E,0.7780,PASS
pt::B00008ZOYE,0.8099,PASS
pt::B0002BRMNA,0.8665,PASS
pt::B00061IYFQ,0.8736,PASS
pt::B0008EWSCQ,0.8665,PASS
pt::B000BKV26A,0.8372,PASS
pt::B000E95T58,0.8472,PASS
pt::B000SXWGA6,0.8279,PASS
pt::B0016O8HP4,0.8789,PASS
pt::B001NTDGQC,0.8772,PASS
pt::B001OOZU8I,0.7561,PASS
pt::B001R23JMQ,0.8267,PASS
pt::B001TA6CAM,0.8223,PASS
pt::B002TLTE6O,0.8463,PASS
pt::B0034G4YQS,0.8632,PASS
pt::B0035P4BXO,0.8772,PASS
pt::B003FMUP3M,0.8698,PASS
pt::B003JO555Y,0.7554,PASS
pt::B003Q0BPC8,0.8494,PASS
pt::B003WKOENO,0.8527,PASS
pt::B003WM2N94,0.8602,PASS
pt::B003ZSHKJ8,0.8693,PASS
pt::B0040Q4TLQ,0.8774,PASS
pt::B00452V1TS,0.8654,PASS
pt::B004FPIO18,0.8663,PASS
pt::B004KSQANO,0.8528,PASS
pt::B004N625BE,0.8847,PASS
pt::B005A0B3MO,0.8579,PASS
pt::B005IHAIHA,0.8392,PASS
pt::B005SN3I4O,0.8345,PASS
pt::B005Z2AEMM,0.8719,PASS
pt::B006C4R5GU,0.8340,PASS
pt::B006K556TY,0.5664,RETRY
pt::B006MO0J6I,0.7553,PASS
pt::B0079003UQ,0.8843,PASS
pt::B007RB164E,0.8673,PASS
pt::B007W3REUW,0.8470,PASS
pt::B00006HOLO,0.8647,PASS
pt::B00006HSHI,0.8557,PASS
pt::B00009WO51,0.7806,PASS
pt::B0009VE21I,0.8181,PASS
pt::B000A6QVE8,0.8554,PASS
pt::B000EIXX4S,0.7589,PASS
pt::B000JJSQ1M,0.5381,RETRY
pt::B000JUZE1Q,0.8797,PASS
pt::B000O7OO24,0.8698,PASS
pt::B001CBFTFM,0.8726,PASS
pt::B001OBXVXM,0.8626,PASS
pt::B001RQ2HWK,0.8647,PASS
pt::B001TE7QWQ,0.6121,RETRY
pt::B00352KD0M,0.8794,PASS
pt::B0035ERKY2,0.8740,PASS
pt::B003L0OUIE,0.8760,PASS
pt::B003NSBLOK,0.8804,PASS
pt::B004A8MA4W,0.8719,PASS
pt::B004ALMF6C,0.8308,PASS
pt::B004AM610M,0.8426,PASS
pt::B004DBIKOK,0.8369,PASS
pt::B004G7D0EG,0.8456,PASS
pt::B004HYGEOQ,0.7275,PASS
pt::B004RKQM8I,0.8767,PASS
pt::B004VGBDYG,0.8677,PASS
pt::B004WMGT1G,0.8146,PASS
pt::B005NGA1G4,0.8057,PASS
pt::B006JO1YVU,0.8781,PASS
pt::B006T9ZKAQ,0.8809,PASS
pt::B0072B9XPI,0.8074,PASS
pt::B0073HSK0K,0.8773,PASS
pt::B007R9CTE2,0.8494,PASS
pt::B007XJUEXY,0.8004,PASS
pt::B007YUISN0,0.8696,PASS
pt::B008H50IUM,0.7740,PASS
pt::B008HTCF9U,0.8378,PASS
pt::B008K367M4,0.8598,PASS
pt::B008KE5EOA,0.7819,PASS
pt::B008KWRTH2,0.8660,PASS
pt::B008MI79HO,0.8786,PASS
pt::B008OEHQVA,0.8781,PASS
pt::B008QUG97E,0.8270,PASS
pt::B008QUGBD6,0.7868,PASS
pt::B00004WCID,0.8579,PASS
pt::B00005ICE3,0.8191,PASS
pt::B00007GQLS,0.8496,PASS
pt::B0000TO0BQ,0.8162,PASS
pt::B0000YD2JC,0.8287,PASS
pt::B00021OCRE,0.7539,PASS
pt::B000FABL7Q,0.6949,RETRY
pt::B000OEP3F4,0.5605,RETRY
pt::B000WOK2ZM,0.7779,PASS
pt::B000YHGAMG,0.8560,PASS
pt::B00103BRMQ,0.8471,PASS
pt::B0011DIMYQ,0.7519,PASS
pt::B0011UK35K,0.6911,RETRY
pt::B0013YXE64,0.8783,PASS
pt::B001D1O3T4,0.7786,PASS
pt::B001FVMQEQ,0.8363,PASS
pt::B001NXDB3G,0.8768,PASS
pt::B001S0RUFY,0.8652,PASS
pt::B001TEFZLU,0.8495,PASS
pt::B001V9LQAW,0.8160,PASS
pt::B001VZ1VI8,0.8457,PASS
pt::B00284AOLQ,0.8495,PASS
pt::B003554BP2,0.8455,PASS
pt::B003809LBS,0.8300,PASS
pt::B003MB3A92,0.7861,PASS
pt::B003U8HYVC,0.8282,PASS
pt::B004LWN3R0,0.7644,PASS
pt::B005CWJB5G,0.8163,PASS
pt::B005LS2FS6,0.8433,PASS
pt::B006A93M7I,0.8551,PASS
pt::B007JCNOHI,0.8369,PASS
pt::B007Z419BI,0.8599,PASS
pt::B0084JFM2U,0.8098,PASS
pt::B00932N46S,0.6194,RETRY
pt::B0097CD8II,0.7704,PASS
pt::B00000J08Q,0.8625,PASS
pt::B0000668YX,0.8022,PASS
pt::B000095S9G,0.8619,PASS
pt::B0000AE67N,0.7877,PASS
pt::B0002ER5B6,0.8670,PASS
pt::B0002GMDQG,0.8579,PASS
pt::B0009IIE4W,0.7874,PASS
pt::B0009UFJAM,0.4950,RETRY
pt::B000EVS4YE,0.8685,PASS
pt::B000FJD5IA,0.8467,PASS
pt::B000G7WZMI,0.3592,RETRY
pt::B000HZDNZ2,0.7109,PASS
pt::B000M57D94,0.7837,PASS
pt::B000NBBWNU,0.8615,PASS
pt::B000NHZSHK,0.8213,PASS
pt::B000RF4PNG,0.7736,PASS
pt::B000UO61HC,0.8497,PASS
pt::B000UVZ5TA,0.8471,PASS
pt::B000UWYKOK,0.8775,PASS
pt::B000YM06FI,0.5246,RETRY
pt::B0011UNTYC,0.8441,PASS
pt::B001415FIG,0.7402,PASS
pt::B0014XKQY2,0.8850,PASS
pt::B0015A6Y2C,0.8092,PASS
pt::B001JK6MPW,0.8564,PASS
pt::B001O83X5Q,0.8141,PASS
pt::B0025UEQQW,0.8378,PASS
pt::B0025UHKNS,0.8869,PASS
pt::B002HHM976,0.8125,PASS
pt::B002JKEM58,0.8638,PASS
pt::B0035FJVHA,0.8056,PASS
pt::B003NVLWN2,0.8059,PASS
pt::B003TQN2VG,0.8748,PASS
pt::B003XESDFO,0.8519,PASS
pt::B004S60G0Q,0.8432,PASS
pt::B004ZKH1NA,0.8676,PASS
pt::B00547IVXM,0.8379,PASS
pt::B00658NXFA,0.8045,PASS
pt::B00727FE5U,0.8453,PASS
pt::B0073Z49AM,0.8514,PASS
pt::B0080YBH8M,0.8212,PASS
pt::B008V9RW58,0.8867,PASS
pt::B009IKCE5C,0.7928,PASS
pt::B00007GWC6,0.8688,PASS
pt::B0000C8VF9,0.8865,PASS
pt::B00065L5TY,0.8879,PASS
pt::B0006B486K,0.8736,PASS
pt::B0009EL76I,0.8287,PASS
pt::B0009GZSSO,0.8702,PASS
pt::B000AL72Q4,0.7577,PASS
pt::B000AYGDIO,0.8403,PASS
pt::B000G18DR0,0.8102,PASS
pt::B000HDQ2G6,0.8712,PASS
pt::B000JQLPZE,0.8309,PASS
pt::B000MFA1NE,0.8815,PASS
pt::B000RZNI4S,0.8611,PASS
pt::B000VWN1LM,0.8476,PASS
pt::B0015DNIKU,0.8817,PASS
pt::B0017TFVUW,0.8501,PASS
pt::B001EQ4C8U,0.8798,PASS
pt::B001F7HLRC,0.8638,PASS
pt::B001SER460,0.8774,PASS
pt::B003FW0LR2,0.8635,PASS
pt::B003HFPJOM,0.8143,PASS
pt::B003YKG2XM,0.8821,PASS
pt::B003YKG2YQ,0.8827,PASS
pt::B0046TAIUI,0.8835,PASS
pt::B004WQVTLC,0.5145,RETRY
pt::B005LIDMYM,0.8735,PASS
pt::B005TDWY52,0.8748,PASS
pt::B008HO9DK4,0.8639,PASS
pt::B008MJ0524,0.8606,PASS
pt::B008OPTQ76,0.8556,PASS
pt::B000BP8XTO,0.8556,PASS
pt::B000I06JLQ,0.7833,PASS
pt::B000JVBU9K,0.8565,PASS
pt::B000PMGZDO,0.8337,PASS
pt::B001AW8W7A,0.8552,PASS
pt::B001DKBNMA,0.8806,PASS
pt::B001FA0BL2,0.8398,PASS
pt::B001P99T70,0.7566,PASS
pt::B001S0I1QG,0.8449,PASS
pt::B002IKKFHS,0.8472,PASS
pt::B002MU1ZRS,0.8444,PASS
pt::B002TOJXOY,0.6482,RETRY
pt::B00336EHBQ,0.7477,PASS
pt::B0036A4Y9O,0.6402,RETRY
pt::B003FVAQM8,0.8595,PASS
pt::B003N9PJDI,0.8626,PASS
pt::B003QFXP3U,0.8627,PASS
pt::B003VAK16O,0.8841,PASS
pt::B003WOWB5S,0.8440,PASS
pt::B0044UHM6W,0.8821,PASS
pt::B0044YPN0A,0.7012,PASS
pt::B004FLL5AE,0.8483,PASS
pt::B004GWQBWY,0.8498,PASS
pt::B004KWF4T6,0.7748,PASS
pt::B004VVLZN0,0.8800,PASS
pt::B005EPZOKW,0.8594,PASS
pt::B005FWWUNS,0.8502,PASS
pt::B0061ZFWDS,0.8164,PASS
pt::B006WYVHHS,0.8493,PASS
pt::B006ZGB58Y,0.8582,PASS
pt::B0072B90R4,0.8691,PASS
pt::B0072ZQGIG,0.7963,PASS
pt::B007AMSSXM,0.8717,PASS
pt::B007ULT41S,0.8607,PASS
pt::B008E18PDG,0.5825,RETRY
pt::B00003CWFA,0.7518,PASS
pt::B00004WCFY,0.8023,PASS
pt::B00004WCIA,0.7163,PASS
pt::B000053HBB,0.8434,PASS
pt::B000053HHD,0.8383,PASS
pt::B00006I53V,0.8663,PASS
pt::B00009329J,0.7160,PASS
pt::B00009R6FV,0.6363,RETRY
pt::B00009R6WK,0.8426,PASS
pt::B00009UU2F,0.8339,PASS
pt::B00009UU2J,0.8498,PASS
pt::B00009XVCU,0.8341,PASS
pt::B00022KJ84,0.5563,RETRY
pt::B00028SPN4,0.8645,PASS
pt::B0002CZRUO,0.8586,PASS
pt::B0002WKD80,0.8511,PASS
pt::B0002Y5WXE,0.8329,PASS
pt::B0006BHCEK,0.8492,PASS
pt::B000B6A4S6,0.8258,PASS
pt::B000BSLS0W,0.8113,PASS
pt::B000EY1LCI,0.6843,RETRY
pt::B000JLK5NW,0.7110,PASS
pt::B000JLO6RS,0.5958,RETRY
pt::B000L8CNAG,0.8160,PASS
pt::B000PHQCB4,0.8014,PASS
pt::B000UF24OK,0.8524,PASS
pt::B000W3QLLW,0.7303,PASS
pt::B000WAHFBK,0.8781,PASS
pt::B0013FCBBC,0.8544,PASS
pt::B0014E9A2K,0.8058,PASS
pt::B0015MHY6K,0.8101,PASS
pt::B001A1Q0A2,0.8575,PASS
pt::B001CCAISE,0.8600,PASS
pt::B001HBIZ6C,0.7981,PASS
pt::B001M0O08K,0.4342,RETRY
pt::B001P5C9S0,0.6959,RETRY
pt::B001RIMZUW,0.6120,RETRY
pt::B001TIHVHC,0.7299,PASS
pt::B001TIJZQC,0.7362,PASS
pt::B00264GYMG,0.8210,PASS
pt::B002CGSYM6,0.8656,PASS
pt::B002CGSYNA,0.8687,PASS
pt::B002DRZHTC,0.4787,RETRY
pt::B002E1ALYS,0.8545,PASS
pt::B002N5CV8Y,0.7768,PASS
pt::B002NEGTTM,0.8382,PASS
pt::B002P5KOXG,0.8805,PASS
pt::B002WN211O,0.8430,PASS
pt::B003A4GZUC,0.8787,PASS
pt::B0043VE29C,0.8564,PASS
pt::B00479TG3C,0.8284,PASS
pt::B004BBJ6JK,0.8412,PASS
pt::B004EC1YY6,0.8243,PASS
pt::B004L11R4C,0.7873,PASS
pt::B004MKNJ6G,0.7454,PASS
pt::B004OI0NGK,0.8795,PASS
pt::B004QC3COO,0.8122,PASS
pt::B004QC6VAG,0.8434,PASS
pt::B004QTKDOY,0.8078,PASS
pt::B004TTSON8,0.8347,PASS
pt::B0050L5VO4,0.8623,PASS
pt::B00531KWL8,0.7492,PASS
pt::B0057LX9H8,0.8460,PASS
pt::B0058G40O8,0.8736,PASS
pt::B0058PL9RK,0.8637,PASS
pt::B005FQSXFI,0.8799,PASS
pt::B005GAB7J2,0.8153,PASS
pt::B005GABE7W,0.8145,PASS
pt::B005LT1XP6,0.8800,PASS
pt::B005OMONXY,0.8602,PASS
pt::B005YXXS0M,0.8542,PASS
pt::B00604YSNK,0.8680,PASS
pt::B006FKR1PG,0.8518,PASS
pt::B006P2594Y,0.8385,PASS
pt::B006U43AMA,0.8240,PASS
pt::B007HSKOQS,0.8693,PASS
pt::B007P8CWGU,0.7869,PASS
pt::B007Q5GUZQ,0.8217,PASS
pt::B0080F66YQ,0.8360,PASS
pt::B00829USMQ,0.8260,PASS
pt::B00862522A,0.7420,PASS
pt::B0089EEVAE,0.7981,PASS
pt::B008G394U0,0.7925,PASS
pt::B008I2175E,0.7633,PASS
pt::B008NF8998,0.7160,PASS
pt::B008O2JUV6,0.7442,PASS
pt::B009B0MZ8U,0.8519,PASS
pt::B009I32Y6S,0.8683,PASS
pt::B00009UTL1,0.6853,RETRY
pt::B00009UTZA,0.6982,RETRY
pt::B000C42MLE,0.8288,PASS
pt::B000GEAD8O,0.8543,PASS
pt::B000O8SKZA,0.8204,PASS
pt::B000TXNS6G,0.8578,PASS
pt::B0013GWBIE,0.8432,PASS
pt::B0015DNIOG,0.7898,PASS
pt::B001ENW61I,0.8353,PASS
pt::B001H2VBD0,0.8685,PASS
pt::B001QATRCA,0.8805,PASS
pt::B001TH7T2U,0.8214,PASS
pt::B001TZUS98,0.8541,PASS
pt::B001VEJEG0,0.8795,PASS
pt::B002DS4HTM,0.8625,PASS
pt::B002J9HCV0,0.8457,PASS
pt::B002M78E9I,0.8734,PASS
pt::B002NU5RM6,0.7841,PASS
pt::B00395ZQMK,0.8623,PASS
pt::B003BYRO1K,0.7589,PASS
pt::B003IT70B2,0.8180,PASS
pt::B003N7NMO8,0.8630,PASS
pt::B003UATR3I,0.8657,PASS
pt::B004SBCFLE,0.8610,PASS
pt::B004TT01JS,0.7824,PASS
pt::B004YIFP9K,0.8339,PASS
pt::B0058NN6CS,0.8545,PASS
pt::B005HO1UHQ,0.8674,PASS
pt::B0085RV05O,0.8781,PASS
pt::B0085YTCYS,0.8019,PASS
pt::B008J127IA,0.8513,PASS
pt::B008TO3X4Y,0.8493,PASS
pt::B0096W1OCG,0.8553,PASS
pt::B0096W1P6G,0.8409,PASS
pt::B009CQNPYQ,0.8748,PASS
pt::B00006B9HP,0.7207,PASS
pt::B0007M6104,0.8845,PASS
pt::B000AQF4JG,0.6123,RETRY
pt::B000EMCZ52,0.7982,PASS
pt::B000JO3Y1O,0.8713,PASS
pt::B000WOIFGU,0.8575,PASS
pt::B00114PN1U,0.8650,PASS
pt::B001342KM8,0.8245,PASS
pt::B00272MT3U,0.7639,PASS
pt::B002CZQ6WW,0.8710,PASS
pt::B002SG7MEG,0.7788,PASS
pt::B002UAR8SK,0.8778,PASS
pt::B0035ER1PK,0.8654,PASS
pt::B0035JD0DW,0.8675,PASS
pt::B0039JBXSM,0.8685,PASS
pt::B0039JBXVY,0.8585,PASS
pt::B003F9HH2W,0.8653,PASS
pt::B003TM5D2Q,0.8516,PASS
pt::B003U8I240,0.8015,PASS
pt::B003XFGIKA,0.8523,PASS
pt::B0049MOAHE,0.8729,PASS
pt::B004PYD9I2,0.8516,PASS
pt::B0056234I2,0.7856,PASS
pt::B005DQG5SC,0.4966,RETRY
pt::B005N130Y4,0.8824,PASS
pt::B005O4FYVC,0.8636,PASS
pt::B005TDWV0K,0.7681,PASS
pt::B006BZTVQM,0.8659,PASS
pt::B006P4DI5E,0.8408,PASS
pt::B006W3ZV5S,0.8721,PASS
pt::B0076POAOE,0.8716,PASS
pt::B007P4YAPK,0.8828,PASS
pt::B00846Z34K,0.8671,PASS
pt::B008B0WUPO,0.8463,PASS
pt::B008B6UA8M,0.8725,PASS
pt::B008FC8FPC,0.8670,PASS
pt::B008OEHPPM,0.8533,PASS
pt::B008TYKFWW,0.8745,PASS
pt::B0092ML8QW,0.8354,PASS
pt::B0000632G5,0.8149,PASS
pt::B00008VSLA,0.7991,PASS
pt::B0000C3GWU,0.8547,PASS
pt::B0002MRN4W,0.8672,PASS
pt::B000796XYQ,0.8826,PASS
pt::B000BYBD3I,0.8419,PASS
pt::B000EIHQX2,0.8654,PASS
pt::B000GISUAS,0.8589,PASS
pt::B000J3G2CS,0.8756,PASS
pt::B000OYFPC0,0.8373,PASS
pt::B000R1ZK16,0.8523,PASS
pt::B000UCAQ1G,0.8065,PASS
pt::B0014CUY7W,0.8668,PASS
pt::B0017AR13G,0.8542,PASS
pt::B0018RUCJ8,0.7743,PASS
pt::B0019HGU0M,0.8744,PASS
pt::B001GXRWAQ,0.8850,PASS
pt::B001MI4XWK,0.8669,PASS
pt::B001NHP96Y,0.8379,PASS
pt::B001OQC0IO,0.8597,PASS
pt::B001U7YKVM,0.8715,PASS
pt::B002BSHA66,0.6538,RETRY
pt::B002IJ95ZM,0.8596,PASS
pt::B002M3SOBU,0.8626,PASS
pt::B002TJ00FU,0.8555,PASS
pt::B002Y5XQYG,0.8590,PASS
pt::B0035FZ124,0.7311,PASS
pt::B0035FZ12O,0.7920,PASS
pt::B003BEDQRG,0.8342,PASS
pt::B003LSTD3I,0.8472,PASS
pt::B003LVZO8I,0.8626,PASS
pt::B003U8GGXE,0.7962,PASS
pt::B0043M66XQ,0.7523,PASS
pt::B004N3BH0C,0.8288,PASS
pt::B004OBUFYW,0.8818,PASS
pt::B004UEPUVG,0.8470,PASS
pt::B005CUC8BW,0.7772,PASS
pt::B005PVXIWQ,0.8640,PASS
pt::B0078SAIUY,0.8074,PASS
pt::B007CLWM1K,0.8622,PASS
pt::B007FPIO2E,0.8601,PASS
pt::B007ZEQFG2,0.8475,PASS
pt::B008DH4XJQ,0.8382,PASS
pt::B00004TY7F,0.6688,RETRY
pt::B00005B9AS,0.8695,PASS
pt::B00006I53D,0.8737,PASS
pt::B0000A0AEO,0.7930,PASS
pt::B0000A1GOF,0.8858,PASS
pt::B00024ENWU,0.8490,PASS
pt::B00068NUM6,0.8003,PASS
pt::B0006HTZ8K,0.8849,PASS
pt::B000FJEYZ8,0.8768,PASS
pt::B000N44XNI,0.8832,PASS
pt::B000NWVAFO,0.8659,PASS
pt::B000V4S8A4,0.8471,PASS
pt::B000VZS2EU,0.8276,PASS
pt::B000WHDGGQ,0.7508,PASS
pt::B0019WF4FE,0.8679,PASS
pt::B001GSZAF0,0.8553,PASS
pt::B001N6W5GC,0.7554,PASS
pt::B002K23V1Q,0.8451,PASS
pt::B002R0DZXU,0.7885,PASS
pt::B00301EAP2,0.8367,PASS
pt::B003BKW2K2,0.8494,PASS
pt::B003D59FEQ,0.8450,PASS
pt::B004E48D48,0.8459,PASS
pt::B004KZJ0UM,0.8786,PASS
pt::B004NBZ8DQ,0.8772,PASS
pt::B004OZRWC6,0.8526,PASS
pt::B004R929AY,0.8534,PASS
pt::B005A0B7CA,0.8320,PASS
pt::B005EQS9HG,0.7103,PASS
pt::B0061JPXLU,0.8588,PASS
pt::B007CGO45W,0.7678,PASS
pt::B008S94NZ8,0.5086,RETRY
pt::B009A4XMD4,0.7407,PASS
pt::B009DRINZU,0.8589,PASS
pt::B009JZ09PI,0.5526,RETRY
pt::B009LPV766,0.8617,PASS
pt::B009NE606W,0.8574,PASS
pt::B00007E7K9,0.7636,PASS
pt::B00008O393,0.7959,PASS
pt::B00012F7HS,0.8433,PASS
pt::B0002DUQCM,0.6837,RETRY
pt::B0002L9IE6,0.8525,PASS
pt::B00032Q3WY,0.8419,PASS
pt::B0007LI8MO,0.8558,PASS
pt::B000BKQNG4,0.8574,PASS
pt::B000BLI0DW,0.8542,PASS
pt::B000EMWBV0,0.8555,PASS
pt::B000EVQ0OU,0.8629,PASS
pt::B000F71USE,0.8580,PASS
pt::B000G35S08,0.8740,PASS
pt::B000LTN8CC,0.8538,PASS
pt::B000MSLW6G,0.8503,PASS
pt::B000QE28O6,0.8333,PASS
pt::B000VTT358,0.8408,PASS
pt::B000WMIF8U,0.8598,PASS
pt::B000XJNSXO,0.8475,PASS
pt::B0010BK24W,0.7617,PASS
pt::B0010BNV7M,0.7814,PASS
pt::B0010XU4IE,0.7584,PASS
pt::B0010XW1OE,0.6849,RETRY
pt::B0011EAYO6,0.8654,PASS
pt::B0012W7HQK,0.8209,PASS
pt::B0012Z4QXO,0.8354,PASS
pt::B0014C0IAK,0.8247,PASS
pt::B00166BNI0,0.8363,PASS
pt::B0016D7UXU,0.8295,PASS
pt::B0018L8V92,0.8097,PASS
pt::B001ADXR3I,0.8771,PASS
pt::B001ID49BO,0.8672,PASS
pt::B001L45LC6,0.7965,PASS
pt::B001LK6ZDE,0.6906,RETRY
pt::B001P8180W,0.8715,PASS
pt::B001R57TD8,0.8159,PASS
pt::B001T3Y8XW,0.7398,PASS
pt::B001T9N0SA,0.8551,PASS
pt::B001V32Z26,0.8763,PASS
pt::B0024FAC16,0.8770,PASS
pt::B00266P7KY,0.7749,PASS
pt::B002ABM2JO,0.8579,PASS
pt::B002FU6KA2,0.8402,PASS
pt::B002JIAXOY,0.8604,PASS
pt::B002JIEGWY,0.8639,PASS
pt::B002K7EJDK,0.8588,PASS
pt::B002PX99D4,0.8397,PASS
pt::B002RL8UOS,0.8644,PASS
pt::B002RL9XQW,0.6618,RETRY
pt::B002RL9XRG,0.8185,PASS
pt::B00368CDH6,0.8678,PASS
pt::B003D7LHKO,0.8640,PASS
pt::B003MSSW84,0.8733,PASS
pt::B003TXRTNG,0.8078,PASS
pt::B0042IE9MQ,0.8345,PASS
pt::B0046TJAJ8,0.8484,PASS
pt::B00478VMT4,0.7662,PASS
pt::B004NNYJ52,0.8100,PASS
pt::B004NYB684,0.7293,PASS
pt::B004P8E612,0.7925,PASS
pt::B004QU5GJU,0.8112,PASS
pt::B004SPWGDW,0.6477,RETRY
pt::B004TS1IFK,0.8380,PASS
pt::B0052BGOKM,0.8202,PASS
pt::B005JH4QO0,0.7967,PASS
pt::B005NWSC32,0.8528,PASS
pt::B005Q5TP5U,0.6762,RETRY
pt::B005ZA2W42,0.7802,PASS
pt::B0060BNGS6,0.7403,PASS
pt::B0060MI6TY,0.8196,PASS
pt::B00722JCMQ,0.8618,PASS
pt::B007B5TPVM,0.8482,PASS
pt::B007BJC8SK,0.6146,RETRY
pt::B007FJOY4C,0.8400,PASS
pt::B007JTKLEK,0.8463,PASS
pt::B007OXJG7O,0.8817,PASS
pt::B007W2EDAW,0.5841,RETRY
pt::B007ZHXFJY,0.8627,PASS
pt::B008194UIU,0.8629,PASS
pt::B008195P34,0.7950,PASS
pt::B0084ZY3QK,0.8647,PASS
pt::B008R3875C,0.8765,PASS
pt::B008V4TFDK,0.8587,PASS
pt::B009NEKAEA,0.8219,PASS
pt::B00004Y7TC,0.4507,RETRY
pt::B0000511U7,0.8288,PASS
pt::B00005I9RU,0.8600,PASS
pt::B00005LACB,0.8015,PASS
pt::B000069E1H,0.8744,PASS
pt::B000069J56,0.8483,PASS
pt::B00006B9H9,0.8819,PASS
pt::B00006I5O4,0.8004,PASS
pt::B00006J054,0.8769,PASS
pt::B00006J6RN,0.6955,RETRY
pt::B00008CLZS,0.8331,PASS
pt::B00008VF91,0.8680,PASS
pt::B00008X5DC,0.8711,PASS
pt::B000095IMS,0.7430,PASS
pt::B00009L1RI,0.8625,PASS
pt::B00009MK3T,0.8628,PASS
pt::B0000AI0OE,0.8241,PASS
pt::B0000AOWWY,0.5313,RETRY
pt::B0000AQIFW,0.8593,PASS
pt::B0000C20T5,0.8711,PASS
pt::B0000C20V3,0.7893,PASS
pt::B0000C2KB7,0.8213,PASS
pt::B0000D1E04,0.8706,PASS
pt::B0000TU7IQ,0.8093,PASS
pt::B00019VAWC,0.8533,PASS
pt::B0001JXAYS,0.8653,PASS
pt::B0001LCZZQ,0.8289,PASS
pt::B0001LGXO0,0.8636,PASS
pt::B0001U6RNI,0.8766,PASS
pt::B0001WV08S,0.8613,PASS
pt::B00022TN9A,0.8790,PASS
pt::B0002553PA,0.8556,PASS
pt::B00029HOCG,0.6731,RETRY
pt::B0002INUIY,0.8699,PASS
pt::B0002JY6SQ,0.8603,PASS
pt::B0002JY6T0,0.8604,PASS
pt::B0002MPM86,0.8385,PASS
pt::B0002Z240M,0.7342,PASS
pt::B0002ZLYYY,0.8770,PASS
pt::B0002ZPJZY,0.8448,PASS
pt::B0002ZSFTG,0.7399,PASS
pt::B000309ZA8,0.8625,PASS
pt::B00064X4QM,0.8703,PASS
pt::B0006G0RSI,0.8690,PASS
pt::B0006TIEZS,0.8825,PASS
pt::B0006U6GH0,0.7972,PASS
pt::B0006VX1G8,0.8845,PASS
pt::B0007RA6MS,0.8835,PASS
pt::B0007XOHTU,0.8762,PASS
pt::B0007Y6ANU,0.8350,PASS
pt::B0009E1YPM,0.7473,PASS
pt::B0009KIQNO,0.8647,PASS
pt::B0009O5MWI,0.8684,PASS
pt::B000A2JXFQ,0.8760,PASS
pt::B000A7NRPI,0.8721,PASS
pt::B000AEFVVE,0.8772,PASS
pt::B000AOYWVE,0.8393,PASS
pt::B000BKF6TO,0.8870,PASS
pt::B000BKH1ME,0.8864,PASS
pt::B000BVCSMG,0.5935,RETRY
pt::B000CSQJ8C,0.8802,PASS
pt::B000F4C2AM,0.8825,PASS
pt::B000F8XATA,0.8260,PASS
pt::B000FVUZYA,0.7221,PASS
pt::B000FYZQSW,0.8590,PASS
pt::B000FZ1X1K,0.8594,PASS
pt::B000U9WVW6,0.8726,PASS
pt::B000UIA6YM,0.7847,PASS
pt::B0013B0GOA,0.8811,PASS
pt::B0014KRVQQ,0.8532,PASS
pt::B001AYGDCE,0.8582,PASS
pt::B001GER9TY,0.8628,PASS
pt::B0023FTRUO,0.8070,PASS
pt::B003B20F5E,0.8628,PASS
pt::B003D0ID8U,0.7623,PASS
pt::B003EVO878,0.7282,PASS
pt::B003J2V8AC,0.8847,PASS
pt::B003XA4HLC,0.8553,PASS
pt::B0040RDT0M,0.7999,PASS
pt::B0046GB80A,0.8530,PASS
pt::B0047741BG,0.8132,PASS
pt::B004JK8BDK,0.8547,PASS
pt::B004M8SAZS,0.8695,PASS
pt::B004M8SB0W,0.8544,PASS
pt::B004Q7LHVE,0.8738,PASS
pt::B004TFTE0O,0.8739,PASS
pt::B0051WAM64,0.8192,PASS
pt::B0055P9K38,0.8733,PASS
pt::B0057OCDQS,0.8775,PASS
pt::B005DSPLDA,0.8809,PASS
pt::B005OB1TU0,0.8681,PASS
pt::B005T3GPXO,0.8013,PASS
pt::B006JO232E,0.8618,PASS
pt::B00740MR78,0.8535,PASS
pt::B007ABIY4Q,0.7897,PASS
pt::B007POCCBY,0.8775,PASS
pt::B008MH9DFG,0.7428,PASS
pt::B00000J1UB,0.6195,RETRY
pt::B00007M1TZ,0.7664,PASS
pt::B00008ZPED,0.8647,PASS
pt::B00009R6K1,0.8686,PASS
pt::B00016BYHQ,0.7668,PASS
pt::B00028Y826,0.8751,PASS
pt::B0002JY712,0.8756,PASS
pt::B0002UB2P0,0.8732,PASS
pt::B000O7AW98,0.5940,RETRY
pt::B000QEAXDO,0.8115,PASS
pt::B000UNRSZM,0.8557,PASS
pt::B0014TJSMM,0.8838,PASS
pt::B0015YTYKM,0.7851,PASS
pt::B0019LXS6W,0.8497,PASS
pt::B001CXT6NQ,0.8494,PASS
pt::B001E40O98,0.8413,PASS
pt::B001G0WPLK,0.8605,PASS
pt::B0026MBEIW,0.5331,RETRY
pt::B002I8MUU0,0.8250,PASS
pt::B002IJA1EQ,0.8428,PASS
pt::B002PNEDFS,0.8529,PASS
pt::B00313JWSO,0.8760,PASS
pt::B0036ORCHG,0.7468,PASS
pt::B0037ECAQ8,0.6873,RETRY
pt::B003KXJE4M,0.8728,PASS
pt::B003N6UINC,0.7210,PASS
pt::B003NEPHAI,0.7158,PASS
pt::B003WU4MS6,0.8582,PASS
pt::B003XXO700,0.8554,PASS
pt::B003Y4977Q,0.8174,PASS
pt::B0044DEASC,0.8801,PASS
pt::B0045DMA42,0.8224,PASS
pt::B00475LJC2,0.8117,PASS
pt::B004V71BJM,0.7546,PASS
pt::B0056RCQJK,0.8100,PASS
pt::B00570MQDM,0.8204,PASS
pt::B005C6CVAE,0.8517,PASS
pt::B005X3E5BO,0.7928,PASS
pt::B005Y1CYSQ,0.8723,PASS
pt::B006588Z7G,0.8613,PASS
pt::B006DDT6JO,0.8396,PASS
pt::B007C8GMPU,0.8433,PASS
pt::B007EHI1DK,0.8293,PASS
pt::B007PRHNHO,0.8389,PASS
pt::B007YXA5TC,0.7785,PASS
pt::B007ZT2K9I,0.8419,PASS
pt::B008HO9DIG,0.8376,PASS
pt::B0093HGD2K,0.8464,PASS
pt::B0095F5ACE,0.8585,PASS
pt::B009LRR5AQ,0.8691,PASS
pt::0972683275,0.7422,PASS
pt::B00000K13A,0.7023,PASS
pt::B00002EQCW,0.8559,PASS
pt::B0001OHH0Q,0.8570,PASS
pt::B0009SHDGC,0.8728,PASS
pt::B000EVSI7M,0.8159,PASS
pt::B000GW5J58,0.8740,PASS
pt::B000NLSGA2,0.8507,PASS
pt::B001963NZI,0.7546,PASS
pt::B001PI09SE,0.8215,PASS
pt::B001VKQR5U,0.4851,RETRY
pt::B0028BBEBI,0.6120,RETRY
pt::B002C97CAI,0.8130,PASS
pt::B002QC17VG,0.8548,PASS
pt::B0032JPDFI,0.7605,PASS
pt::B003CIBCX6,0.8813,PASS
pt::B003GTSHY8,0.8184,PASS
pt::B003GZDB1Q,0.8530,PASS
pt::B003IBB9CG,0.8558,PASS
pt::B003YKG2UK,0.8484,PASS
pt::B004GYZ4JI,0.6849,RETRY
pt::B004HW67MW,0.8563,PASS
pt::B004LEAYXY,0.7675,PASS
pt::B004LQ1BWK,0.8668,PASS
pt::B004NBL9WK,0.7169,PASS
pt::B004NEULF8,0.8434,PASS
pt::B004T9RR0E,0.8723,PASS
pt::B005CLMJLU,0.8637,PASS
pt::B005Y1UFIM,0.8303,PASS
pt::B0061S1INS,0.8228,PASS
pt::B006DY3CRK,0.8662,PASS
pt::B00752RAWW,0.8647,PASS
pt::B007BYLKFW,0.5371,RETRY
pt::B007HOHV9U,0.8537,PASS
pt::B007IO38MI,0.8236,PASS
pt::B0082821YK,0.8614,PASS
pt::B008LHUTKA,0.8414,PASS
pt::B008S4TSAI,0.8095,PASS
pt::B008U25LI6,0.8287,PASS
pt::B0090CVJZ4,0.8625,PASS
pt::B00004VVA4,0.8208,PASS
pt::B0009OWAKU,0.8686,PASS
pt::B0009STJIW,0.8586,PASS
pt::B000BTCJNG,0.8479,PASS
pt::B000HEW0KW,0.8660,PASS
pt::B000UEWJ6O,0.8783,PASS
pt::B000WS5I7U,0.7872,PASS
pt::B0015313Q6,0.8570,PASS
pt::B0017U0WM8,0.7139,PASS
pt::B0019BJZAA,0.8654,PASS
pt::B0019SHZU0,0.7940,PASS
pt::B001EYBA9G,0.8179,PASS
pt::B001GXRWBA,0.8847,PASS
pt::B001NOG2T0,0.8335,PASS
pt::B001ODKN36,0.8586,PASS
pt::B001TC4UIG,0.8077,PASS
pt::B002782LTG,0.6692,RETRY
pt::B002FFG6JC,0.8667,PASS
pt::B002IY98RC,0.6732,RETRY
pt::B002MSHQ46,0.8774,PASS
pt::B002OOWC3I,0.4139,RETRY
pt::B002OPACU2,0.8253,PASS
pt::B002SEEC78,0.8551,PASS
pt::B002V0Q3EY,0.5500,RETRY
pt::B002W7U3E2,0.8684,PASS
pt::B0032O6S70,0.8373,PASS
pt::B00358VSH8,0.8646,PASS
pt::B003A281AG,0.8555,PASS
pt::B003GALRIA,0.8684,PASS
pt::B003VW26K6,0.8307,PASS
pt::B003Y2ILB6,0.8230,PASS
pt::B0040IO1RQ,0.8214,PASS
pt::B00413PEYE,0.8839,PASS
pt::B0043862N4,0.8603,PASS
pt::B0046SZE6M,0.7913,PASS
pt::B00475WJEY,0.8267,PASS
pt::B004ADIITI,0.7714,PASS
pt::B004BFZHO4,0.8239,PASS
pt::B004CLYJ00,0.8818,PASS
pt::B004I8WH9M,0.8753,PASS
pt::B004KM4AQY,0.8451,PASS
pt::B004L9M4C8,0.8633,PASS
pt::B004LB4SAM,0.8806,PASS
pt::B004MASO4I,0.8217,PASS
pt::B004SKBIH2,0.8763,PASS
pt::B004UETB20,0.8608,PASS
pt::B004XVMX0C,0.8702,PASS
pt::B0050IX30Q,0.6706,RETRY
pt::B0056XCEAA,0.8507,PASS
pt::B005BDAR5E,0.8277,PASS
pt::B005KEL4NI,0.8413,PASS
pt::B005UFZ7F8,0.8311,PASS
pt::B005ZWBLRO,0.8489,PASS
pt::B006422WSG,0.8748,PASS
pt::B006IMM1RE,0.7624,PASS
pt::B007DAJVVE,0.6980,RETRY
pt::1400501776,0.7483,PASS
pt::B0001DKQXM,0.8859,PASS
pt::B00064C53K,0.8418,PASS
pt::B000BAT4QA,0.7655,PASS
pt::B000BM2Q7W,0.8810,PASS
pt::B000F1ORW6,0.8149,PASS
pt::B000U3DY4Q,0.8667,PASS
pt::B000VW2VRM,0.8670,PASS
pt::B000YA4PPW,0.8065,PASS
pt::B0010EI3J0,0.8595,PASS
pt::B00113PUJQ,0.8557,PASS
pt::B00141AYM8,0.8734,PASS
pt::B0019HDAP0,0.7805,PASS
pt::B001B1LXFS,0.8143,PASS
pt::B001MYLBJ2,0.8769,PASS
pt::B001RNOHDU,0.8633,PASS
pt::B001U3Y8OA,0.8762,PASS
pt::B001UJK66I,0.8823,PASS
pt::B001VEI2OA,0.8611,PASS
pt::B002CO6GUK,0.7522,PASS
pt::B002L6HDR4,0.8815,PASS
pt::B002NZVCRA,0.8320,PASS
pt::B002SPG2HK,0.8336,PASS
pt::B00318CG5U,0.8828,PASS
pt::B003BT6A1A,0.8796,PASS
pt::B003GDFJUO,0.8489,PASS
pt::B003H3H4K6,0.8733,PASS
pt::B003NZSSMQ,0.8702,PASS
pt::B003WGMVL0,0.8307,PASS
pt::B00439G47C,0.7914,PASS
pt::B0045I8E42,0.8859,PASS
pt::B004AFNFZ8,0.8555,PASS
pt::B004CR7TE2,0.4422,RETRY
pt::B004EWEZJC,0.8521,PASS
pt::B004NNVHUC,0.8878,PASS
pt::B0050Q00RC,0.8160,PASS
pt::B005MOPW98,0.8625,PASS
pt::B005NGLBHM,0.8118,PASS
pt::B005P58DEK,0.8472,PASS
pt::B005TUQVRW,0.6565,RETRY
pt::B0061HMRA2,0.8325,PASS
pt::B00004Z6N6,0.8038,PASS
pt::B000067SOL,0.7761,PASS
pt::B00006B82N,0.7387,PASS
pt::B00006B8C2,0.8317,PASS
pt::B000086EYG,0.8019,PASS
pt::B0002AHT0M,0.6437,RETRY
pt::B0002JFN10,0.7383,PASS
pt::B0002OF2FC,0.7397,PASS
pt::B00068NULW,0.8180,PASS
pt::B000AAZQM2,0.8335,PASS
pt::B000FI2EAG,0.8435,PASS
pt::B000I963FE,0.5446,RETRY
pt::B000I97H68,0.7079,PASS
pt::B000TYL27M,0.8085,PASS
pt::B00149PA42,0.8541,PASS
pt::B0018QTWH2,0.7249,PASS
pt::B001IWOQHM,0.8472,PASS
pt::B001TKPMZ8,0.8163,PASS
pt::B001VJ680U,0.7990,PASS
pt::B001ZTZEH4,0.7879,PASS
pt::B002PAX9QU,0.7639,PASS
pt::B002PHMGN0,0.8444,PASS
pt::B002PXLQSK,0.8164,PASS
pt::B002VSM7LE,0.4266,RETRY
pt::B002WUVAVE,0.7332,PASS
pt::B0030AZ44O,0.8297,PASS
pt::B0034XDAYS,0.8238,PASS
pt::B003ES241I,0.7992,PASS
pt::B003INFEG6,0.8716,PASS
pt::B003OSTDPI,0.8306,PASS
pt::B003THQS20,0.8385,PASS
pt::B003XU763S,0.6357,RETRY
pt::B003Y7SBLG,0.8439,PASS
pt::B003YTSXYO,0.8778,PASS
pt::B003YV64OI,0.8383,PASS
pt::B0045JNA18,0.8229,PASS
pt::B0047T7PTO,0.8611,PASS
pt::B004GL72K0,0.7646,PASS
pt::B004OBYWAK,0.8364,PASS
pt::B004OVEVO2,0.8400,PASS
pt::B004PW04B4,0.7297,PASS
pt::B004RKVWQK,0.8373,PASS
pt::B004U78628,0.8326,PASS
pt::B004ULPF50,0.7617,PASS
pt::B004V4VL5E,0.8728,PASS
pt::B004W86GQS,0.8303,PASS
pt::B0051KO7IU,0.7834,PASS
pt::B00520BL8I,0.7015,PASS
pt::B00540XS32,0.8091,PASS
pt::B00554USBC,0.8098,PASS
pt::B0055UBTSW,0.8550,PASS
pt::B005EV1R8Y,0.8641,PASS
pt::B005J4C820,0.8058,PASS
pt::B005N4QHEG,0.7710,PASS
pt::B005V7D1LW,0.6987,RETRY
pt::B006LADLLS,0.8728,PASS
pt::B006QB1RPY,0.8550,PASS
pt::B006ZHX8S8,0.8482,PASS
pt::B007GFX0PY,0.8626,PASS
pt::B007I5BRIE,0.3074,RETRY
pt::B007MYZE26,0.8339,PASS
pt::B007THRG4U,0.8004,PASS
pt::B007XOQ3BQ,0.8135,PASS
pt::B0082YEH8M,0.8476,PASS
pt::B00856XEFO,0.8499,PASS
pt::B008FU000M,0.7138,PASS
pt::B008MB71IS,0.8847,PASS
pt::B008X8RV7Q,0.8779,PASS
pt::B009K62HQ0,0.8452,PASS
pt::B009L4NLES,0.7480,PASS
pt::B00005119M,0.8304,PASS
pt::B0000513O4,0.8329,PASS
pt::B000H6AY6M,0.8538,PASS
pt::B0015LURY2,0.8248,PASS
pt::B0017HSZWK,0.8296,PASS
pt::B001BKS3Z2,0.8614,PASS
pt::B001EQQW1A,0.8054,PASS
pt::B001MSU1HG,0.7496,PASS
pt::B002APDFA0,0.8599,PASS
pt::B002HWWDAY,0.6523,RETRY
pt::B002I9L3X4,0.7909,PASS
pt::B002W5V8SE,0.8466,PASS
pt::B0031U1ATG,0.8563,PASS
pt::B0037D51FQ,0.8408,PASS
pt::B0037TEO3K,0.7884,PASS
pt::B004BQTSKC,0.8228,PASS
pt::B004J3Y9U6,0.8699,PASS
pt::B004OVECUA,0.8735,PASS
pt::B004U65FM8,0.6192,RETRY
pt::B004UR1670,0.8591,PASS
pt::B004W2BAXI,0.8521,PASS
pt::B0054OWTQU,0.8548,PASS
pt::B0056KEPVO,0.8420,PASS
pt::B0056TYRMW,0.8281,PASS
pt::B0056TYTV6,0.8044,PASS
pt::B005CWJ8YA,0.8619,PASS
pt::B005FVNGRI,0.8681,PASS
pt::B005IF78TS,0.7418,PASS
pt::B005J2E2US,0.8656,PASS
pt::B005K0E73Q,0.8739,PASS
pt::B005LEWZ0S,0.8564,PASS
pt::B005M4WZDO,0.8259,PASS
pt::B005SZ00LQ,0.8214,PASS
pt::B00632SOD4,0.8048,PASS
pt::B0067I4Z6O,0.8547,PASS
pt::B006V72AHC,0.7900,PASS
pt::B0071BJK34,0.8702,PASS
pt::B007261A36,0.8584,PASS
pt::B0076U29LK,0.8506,PASS
pt::B0077AOALQ,0.8720,PASS
pt::B007ZT23ZE,0.8481,PASS
pt::B0089WY3NQ,0.8326,PASS
pt::B009AEPTDA,0.8790,PASS
pt::B009GPQ536,0.8632,PASS
pt::B00004SY4H,0.8753,PASS
pt::B0009Q4PH4,0.8717,PASS
pt::B000A2RZ7E,0.8709,PASS
pt::B000F3FPK2,0.8826,PASS
pt::B000J3YFM2,0.8718,PASS
pt::B000JO7RVC,0.8845,PASS
pt::B000R84UQ0,0.8595,PASS
pt::B000UL6KF8,0.8504,PASS
pt::B000X3OOQU,0.8821,PASS
pt::B0013DKBX4,0.8462,PASS
pt::B00160LGEC,0.8801,PASS
pt::B001ARLQGY,0.8682,PASS
pt::B001GJADP6,0.8562,PASS
pt::B001NTBVPA,0.8750,PASS
pt::B001TOD3L4,0.8724,PASS
pt::B001V9LA4E,0.8811,PASS
pt::B0028YB8MA,0.8537,PASS
pt::B002MQC0P8,0.7436,PASS
pt::B003D4OXCQ,0.6036,RETRY
pt::B003G2ZKMC,0.8634,PASS
pt::B003R7KMU6,0.8843,PASS
pt::B0041RSPRS,0.8663,PASS
pt::B004GXAL42,0.8521,PASS
pt::B004U7UAWM,0.8816,PASS
pt::B005EVGS2E,0.8572,PASS
pt::B005KP0Y24,0.8697,PASS
pt::B006GJU33I,0.8628,PASS
pt::B006THIULY,0.8525,PASS
pt::B007JF85WE,0.8727,PASS
pt::B00004RG6K,0.8780,PASS
pt::B00004X109,0.7660,PASS
pt::B00004X10C,0.7867,PASS
pt::B000050MNA,0.8647,PASS
pt::B00005ATMI,0.6177,RETRY
pt::B000068UXB,0.6143,RETRY
pt::B00009R89E,0.8725,PASS
pt::B00009R89G,0.8703,PASS
pt::B00009UTQK,0.8631,PASS
pt::B0000AE68O,0.7946,PASS
pt::B0002LDCOI,0.8578,PASS
pt::B000FFSDCC,0.8013,PASS
pt::B000GVTX6U,0.8643,PASS
pt::B000I3XIEE,0.8056,PASS
pt::B000IBLMHQ,0.8251,PASS
pt::B000QFLWAG,0.8711,PASS
pt::B000RPEK7W,0.8592,PASS
pt::B000WAT79S,0.8474,PASS
pt::B00148QQSC,0.8605,PASS
pt::B001DL5RFS,0.8569,PASS
pt::B001LJG102,0.8724,PASS
pt::B001S0LU96,0.8778,PASS
pt::B001TOD3KU,0.8762,PASS
pt::B001UHOX2S,0.8614,PASS
pt::B0029NAQ7I,0.8497,PASS
pt::B002FFT8Z6,0.8780,PASS
pt::B002HQWLM0,0.7132,PASS
pt::B002UVU76E,0.6796,RETRY
pt::B002VFFA5M,0.8623,PASS
pt::B0030INLSW,0.8698,PASS
pt::B0030LQFFA,0.6757,RETRY
pt::B0032Z8KH0,0.8606,PASS
pt::B0039213XY,0.8600,PASS
pt::B003CY0SR6,0.8881,PASS
pt::B003DOG6IK,0.7171,PASS
pt::B003RLJVYK,0.7962,PASS
pt::B003Y7PXSK,0.8711,PASS
pt::B003YH9DZ4,0.8425,PASS
pt::B004BI6MVS,0.8269,PASS
pt::B004CBTCFC,0.4406,RETRY
pt::B004EOURA6,0.8544,PASS
pt::B004FVMKV2,0.8559,PASS
pt::B004GI06BK,0.8462,PASS
pt::B004RE20M6,0.8397,PASS
pt::B004ZGN6MY,0.8241,PASS
pt::B005Z5HT2M,0.8729,PASS
pt::B007GJ5DN2,0.8528,PASS
pt::B00005R5CC,0.8627,PASS
pt::B00005T3A9,0.8381,PASS
pt::B000067DKI,0.8836,PASS
pt::B00006AVV3,0.8845,PASS
pt::B00007KDVJ,0.8286,PASS
pt::B00007KDVK,0.8066,PASS
pt::B0001FV30K,0.8176,PASS
pt::B00021XQIK,0.8633,PASS
pt::B0009IQ62Y,0.8828,PASS
pt::B0009N9PJA,0.5839,RETRY
pt::B000BNP2KE,0.8634,PASS
pt::B000EEXEIW,0.8398,PASS
pt::B000EPNEY0,0.8777,PASS
pt::B000FZXHGO,0.8480,PASS
pt::B000HHYEKI,0.8827,PASS
pt::B000O161X0,0.7745,PASS
pt::B000WKPHHO,0.8545,PASS
pt::B000X22YTK,0.8315,PASS
pt::B0010W8F8G,0.8586,PASS
pt::B0011MVWZ8,0.7696,PASS
pt::B0012JJOQO,0.8573,PASS
pt::B0014S5FVQ,0.8722,PASS
pt::B001UHMB5O,0.8475,PASS
pt::B00213QXFA,0.8627,PASS
pt::B002C745WS,0.8624,PASS
pt::B002OL2NTE,0.8843,PASS
pt::B002PK13B8,0.8453,PASS
pt::B0037KLTCI,0.8701,PASS
pt::B003EYVP12,0.8544,PASS
pt::B003GAMO78,0.8062,PASS
pt::B003RAE19Q,0.3880,RETRY
pt::B003Y3BFBI,0.8537,PASS
pt::B0041D81WQ,0.8602,PASS
pt::B00429N160,0.8666,PASS
pt::B005D5M19U,0.8632,PASS
pt::B005DIH1IS,0.8670,PASS
pt::B005J31BCY,0.8786,PASS
pt::B005JXADSW,0.8838,PASS
pt::B005LMWPGE,0.8701,PASS
pt::B005PM58DM,0.5297,RETRY
pt::B006X2HHZU,0.8555,PASS
pt::B006Y443TU,0.7438,PASS
pt::B006YWCQLO,0.8622,PASS
pt::B0077QVOV4,0.8645,PASS
pt::B007GR44PM,0.8544,PASS
pt::B008Q5CTGE,0.8215,PASS
pt::B009AZSYC2,0.8748,PASS
pt::B0007SXHP0,0.8755,PASS
pt::B0009IIE5G,0.3670,RETRY
pt::B000I4RMOU,0.8689,PASS
pt::B000MPIX3E,0.8670,PASS
pt::B000VJTKRY,0.3984,RETRY
pt::B000WKW6HS,0.8533,PASS
pt::B000XUMR6C,0.8375,PASS
pt::B0012UKB9M,0.8294,PASS
pt::B00154MCRO,0.8702,PASS
pt::B00171MWU2,0.8314,PASS
pt::B001NEK2GE,0.8755,PASS
pt::B001O5CCQK,0.7927,PASS
pt::B001QENO6Q,0.8898,PASS
pt::B001U3ZUWO,0.8696,PASS
pt::B0026P3CHA,0.8145,PASS
pt::B002OB4BK8,0.8606,PASS
pt::B002OB4BKI,0.7592,PASS
pt::B0035WTVWI,0.8862,PASS
pt::B003DZ0TRI,0.8815,PASS
pt::B00426C3FI,0.7978,PASS
pt::B004MKNJEI,0.8815,PASS
pt::B004UR16ES,0.8657,PASS
pt::B0050SPZMK,0.8448,PASS
pt::B005IHAIDO,0.8598,PASS
pt::B0075SUKIC,0.8756,PASS
pt::B007FPIQ3Q,0.8714,PASS
pt::B007IVW15Q,0.8031,PASS
pt::B007W2ZDX8,0.8631,PASS
pt::B0099LCRJ8,0.7668,PASS
pt::B00008ZPEA,0.8264,PASS
pt::B0002KMQJ6,0.8443,PASS
pt::B000E39V9O,0.8508,PASS
pt::B000MEYVIG,0.7999,PASS
pt::B000VG2KBU,0.8726,PASS
pt::B001202C44,0.8505,PASS
pt::B001ULBP8E,0.8496,PASS
pt::B002KQ5KEI,0.8259,PASS
pt::B002N2Z062,0.7996,PASS
pt::B0036RFGKS,0.8517,PASS
pt::B003O9HBBU,0.8606,PASS
pt::B003ZUXX4W,0.8510,PASS
pt::B004FEEY9A,0.8780,PASS
pt::B004ZEZB92,0.8739,PASS
pt::B0057X4TWA,0.7865,PASS
pt::B005E97ZUU,0.8616,PASS
pt::B005MN4NS0,0.8409,PASS
pt::B005NHTG6O,0.5325,RETRY
pt::B006W3ZV6W,0.8778,PASS
pt::B0074WVYNO,0.8099,PASS
pt::B007RNCK60,0.8538,PASS
pt::B0081N916W,0.7541,PASS
pt::B008BDBPT8,0.8574,PASS
pt::B008BQGPOA,0.8582,PASS
pt::B009A178BO,0.8647,PASS
pt::B000BSN4UY,0.8091,PASS
pt::B000F28DP2,0.6535,RETRY
pt::B000IGQGJ0,0.8098,PASS
pt::B000VIQ6AO,0.8281,PASS
pt::B001FA1O1S,0.8833,PASS
pt::B0026T3TJM,0.8633,PASS
pt::B002IKKF0A,0.8476,PASS
pt::B002IKKF5K,0.8539,PASS
pt::B002KTL706,0.8110,PASS
pt::B002O1S8IE,0.6045,RETRY
pt::B002POBS46,0.8765,PASS
pt::B002WB0PUK,0.8651,PASS
pt::B0034XFG86,0.8813,PASS
pt::B00395WIXA,0.8812,PASS
pt::B003SWDA4A,0.8371,PASS
pt::B0047T79J0,0.8270,PASS
pt::B004HT6TS2,0.8779,PASS
pt::B004I8WHA6,0.8764,PASS
pt::B004TJB2TG,0.8622,PASS
pt::B004U6KIJS,0.8511,PASS
pt::B004U8G20A,0.7692,PASS
pt::B006U1YUZE,0.8800,PASS
pt::B00728ZBA2,0.8798,PASS
pt::B0073UIS40,0.8483,PASS
pt::B007KPTYCI,0.8102,PASS
pt::B007QVITE0,0.8518,PASS
pt::B007TEE91G,0.7658,PASS
pt::B0088PUEPK,0.8671,PASS
pt::B008GEC6DQ,0.7788,PASS
pt::B008HO9D7M,0.8699,PASS
pt::B009923WIW,0.8694,PASS
pt::B0099J8BZE,0.8642,PASS
pt::B009AR2MFK,0.8140,PASS
pt::B009CP99GK,0.8767,PASS
pt::B0001VWHT0,0.8548,PASS
pt::B0009HTB0Y,0.8500,PASS
pt::B0013FMLXK,0.8498,PASS
pt::B001HBIYI6,0.7586,PASS
pt::B001UVEZFE,0.8248,PASS
pt::B0032HMSIU,0.8676,PASS
pt::B003FMZJ7O,0.8643,PASS
pt::B003XDU2Y0,0.7320,PASS
pt::B003ZUM5LE,0.8722,PASS
pt::B004L9M0AO,0.8285,PASS
pt::B005D5M122,0.7305,PASS
pt::B005DKZSTU,0.8554,PASS
pt::B005DQG636,0.8136,PASS
pt::B005KSQHLS,0.8742,PASS
pt::B005O7LJAE,0.8323,PASS
pt::B005SVMPQ8,0.8202,PASS
pt::B0069K42HC,0.8388,PASS
pt::B006YQBIB4,0.8609,PASS
pt::B007ILFFS6,0.8772,PASS
pt::B007VL8Y2C,0.8868,PASS
pt::B007ZW7YJQ,0.8309,PASS
pt::B00838XV6G,0.7363,PASS
pt::B008O2HWTI,0.8519,PASS
pt::B00000J061,0.8668,PASS
pt::B00000JBIA,0.8596,PASS
pt::B00000K3RI,0.8754,PASS
pt::B00001QHP5,0.8472,PASS
pt::B00003WGP5,0.8501,PASS
pt::B00004RIPE,0.8665,PASS
pt::B00004TH2W,0.8857,PASS
pt::B00004VUMG,0.8552,PASS
pt::B00004VX15,0.8454,PASS
pt::B00004WCBU,0.8864,PASS
pt::B00004XRDN,0.8577,PASS
pt::B00004ZB0V,0.8643,PASS
pt::B00005NVBF,0.8170,PASS
pt::B00005OT5X,0.8481,PASS
pt::B00005Q5U5,0.8873,PASS
pt::B000095SB6,0.8596,PASS
pt::B00009R8I9,0.7296,PASS
pt::B00009R8VM,0.7607,PASS
pt::B00009W5FF,0.8869,PASS
pt::B0000UMLYI,0.8701,PASS
pt::B0001OY2VS,0.8671,PASS
pt::B0002DCJT0,0.8705,PASS
pt::B0002ZAILY,0.8715,PASS
pt::B000EIDARS,0.8832,PASS
pt::B000EXHYJI,0.5230,RETRY
pt::B000FD8MJS,0.8055,PASS
pt::B000J36XR2,0.7330,PASS
pt::B000VHQA6U,0.8067,PASS
pt::B001UQ6E4Y,0.8342,PASS
pt::B002C74E9C,0.8719,PASS
pt::B002CGSYLW,0.8640,PASS
pt::B002FL4WYW,0.8656,PASS
pt::B002I9OBQA,0.5923,RETRY
pt::B002MUAEX4,0.8248,PASS
pt::B002U4QP9O,0.7874,PASS
pt::B0030C54EM,0.8521,PASS
pt::B0035LBRJO,0.8419,PASS
pt::B003DVP7CE,0.8681,PASS
pt::B003NYRMGA,0.8711,PASS
pt::B0043VE28I,0.8248,PASS
pt::B004MKNJAC,0.7752,PASS
pt::B004MKNJAM,0.7656,PASS
pt::B004OZMZKK,0.8782,PASS
pt::B004UDWFCY,0.8711,PASS
pt::B004WIMB9E,0.8511,PASS
pt::B004YIZWXO,0.8719,PASS
pt::B0053Y9VG2,0.6037,RETRY
pt::B0055R0YK4,0.8746,PASS
pt::B005EARB0S,0.8521,PASS
pt::B005L1LKF2,0.8574,PASS
pt::B005OFK8EE,0.8646,PASS
pt::B00601CU1K,0.7593,PASS
pt::B006MPUTBC,0.8368,PASS
pt::B008O8EGOQ,0.7564,PASS
pt::B008TBVF6U,0.7832,PASS
pt::B00016L0VQ,0.8555,PASS
pt::B00080S9GY,0.8747,PASS
pt::B000B5KODC,0.8429,PASS
pt::B000E3BV42,0.8735,PASS
pt::B000HAOVGM,0.8572,PASS
pt::B000MDZWUS,0.8744,PASS
pt::B000MVPZDE,0.7595,PASS
pt::B000V4PZBY,0.8776,PASS
pt::B001BAWX80,0.8850,PASS
pt::B002PHLZXW,0.6524,RETRY
pt::B003EEMFTI,0.8547,PASS
pt::B003FBQKZ0,0.8675,PASS
pt::B0049U3XNS,0.8663,PASS
pt::B004K6LETQ,0.8710,PASS
pt::B004N625B4,0.8108,PASS
pt::B004UKRRD4,0.8645,PASS
pt::B005LSS1D4,0.7061,PASS
pt::B005QXX378,0.8028,PASS
pt::B005TDWVQY,0.8355,PASS
pt::B0062IMAQ6,0.8662,PASS
pt::B0062MXHCS,0.8510,PASS
pt::B0072DKWQ0,0.8811,PASS
pt::B0089VO7MY,0.8386,PASS
pt::B008LCYIEI,0.7789,PASS
pt::B008O2HWSO,0.6930,RETRY
pt::B0000CE1UO,0.8718,PASS
pt::B0001XGQCC,0.8629,PASS
pt::B00024BK2G,0.8039,PASS
pt::B0007XGORI,0.8615,PASS
pt::B000BI6AH8,0.8745,PASS
pt::B000E6UKE6,0.8603,PASS
pt::B000EBM7N8,0.8783,PASS
pt::B000F34FVM,0.7680,PASS
pt::B000F4TCDM,0.8699,PASS
pt::B000GQXFUK,0.8682,PASS
pt::B000J509CK,0.8736,PASS
pt::B000M57VT6,0.6979,RETRY
pt::B000UY1OMY,0.8198,PASS
pt::B0011Z9VX0,0.8749,PASS
pt::B0013HC36S,0.6033,RETRY
pt::B001Q3M80A,0.8700,PASS
pt::B0026JORAW,0.5768,RETRY
pt::B0028MF260,0.8630,PASS
pt::B002RL9WDQ,0.8382,PASS
pt::B003334J6M,0.7495,PASS
pt::B003FGB8FM,0.8524,PASS
pt::B003WFBG08,0.7350,PASS
pt::B0041RSHWG,0.8605,PASS
pt::B004275EO4,0.7317,PASS
pt::B0044SVD50,0.8837,PASS
pt::B004JJU6I4,0.8234,PASS
pt::B004KV9THA,0.8450,PASS
pt::B004MME75Q,0.8722,PASS
pt::B004VD7V54,0.7490,PASS
pt::B00518M74I,0.8301,PASS
pt::B0052VCQBS,0.8467,PASS
pt::B0054U6CEE,0.8117,PASS
pt::B0058NN1A0,0.8252,PASS
pt::B005INAIOW,0.8207,PASS
pt::B006TQ314G,0.8523,PASS
pt::B0079M711S,0.6922,RETRY
pt::B007C0Y7RI,0.8417,PASS
pt::B007X26S8Q,0.7961,PASS
pt::B008SFPMRK,0.8285,PASS
pt::B00006JP5M,0.8574,PASS
pt::B000083K5N,0.8380,PASS
pt::B000BDG3HU,0.8650,PASS
pt::B000MQNMQ6,0.8658,PASS
pt::B000PF9UZQ,0.8527,PASS
pt::B000WGQ68C,0.8487,PASS
pt::B0010Y414Q,0.8608,PASS
pt::B0012KZNP4,0.8246,PASS
pt::B0014QQ8IC,0.8690,PASS
pt::B0015YU0FA,0.8573,PASS
pt::B001NPCTB4,0.8417,PASS
pt::B002BA5IHC,0.8488,PASS
pt::B002C3S6V8,0.8478,PASS
pt::B002CJNCS4,0.7148,PASS
pt::B002QQ8CC4,0.5626,RETRY
pt::B002QQ8H8I,0.8232,PASS
pt::B0030UH2J4,0.8579,PASS
pt::B003924UCK,0.8714,PASS
pt::B003D1ADUU,0.8724,PASS
pt::B003GR0WGQ,0.8654,PASS
pt::B003H04Q8C,0.8757,PASS
pt::B003P2UMQ2,0.8305,PASS
pt::B0040HEMP8,0.8216,PASS
pt::B0041D97JW,0.8600,PASS
pt::B0044779G8,0.8289,PASS
pt::B004G8QO8O,0.8726,PASS
pt::B004HO58KC,0.8810,PASS
pt::B004I3VZM2,0.7944,PASS
pt::B004M18O60,0.8678,PASS
pt::B004OPV1JG,0.8502,PASS
pt::B004Q3RE4W,0.8510,PASS
pt::B004YLCKYA,0.8686,PASS
pt::B0058FAYPI,0.8533,PASS
pt::B005OKJW1Y,0.8670,PASS
pt::B007FPIRN0,0.8704,PASS
pt::B0096J0WRW,0.8594,PASS
pt::B00005T3N0,0.8678,PASS
pt::B00006B9WE,0.8491,PASS
pt::B00006JPU2,0.8608,PASS
pt::B00006JU62,0.8674,PASS
pt::B00008W880,0.8417,PASS
pt::B00008XOJC,0.8752,PASS
pt::B00009RDIF,0.8497,PASS
pt::B0000AOWW9,0.8655,PASS
pt::B00011CS0S,0.6658,RETRY
pt::B0013FIO04,0.8402,PASS
pt::B0018OF88G,0.8563,PASS
pt::B001GS8FZW,0.8404,PASS
pt::B001N3QYDK,0.8515,PASS
pt::B001UFYFYG,0.8491,PASS
pt::B002MZZR54,0.8364,PASS
pt::B002N8A098,0.8710,PASS
pt::B002OEBMT8,0.8508,PASS
pt::B0037W6692,0.8356,PASS
pt::B003LJUN0E,0.8107,PASS
pt::B003Z6Q2JE,0.8429,PASS
pt::B00465T7AO,0.8831,PASS
pt::B004AM6SQO,0.8300,PASS
pt::B004H0NW54,0.8787,PASS
pt::B00519TI5S,0.8229,PASS
pt::B007G95FJE,0.8698,PASS
pt::B008AJM6H8,0.8486,PASS
pt::B000068O3V,0.6979,RETRY
pt::B0000CCVC9,0.5852,RETRY
pt::B0000DYV8G,0.7594,PASS
pt::B0001Y7T5Y,0.7717,PASS
pt::B000AAZQKO,0.8340,PASS
pt::B000BSJCT6,0.8428,PASS
pt::B000BT97UO,0.7507,PASS
pt::B000KUWX8M,0.7215,PASS
pt::B000LGGAD4,0.8531,PASS
pt::B000MQOMZG,0.6815,RETRY
pt::B000P1NAMO,0.8469,PASS
pt::B000QEITJE,0.8145,PASS
pt::B000W5TXWO,0.8539,PASS
pt::B000X9O8SI,0.7577,PASS
pt::B000Y1AFCS,0.7069,PASS
pt::B000YA50P6,0.8730,PASS
pt::B0013TRZI2,0.8522,PASS
pt::B001DJHEVU,0.7880,PASS
pt::B001EP6BQW,0.8817,PASS
pt::B001FS1LLI,0.8627,PASS
pt::B001ROVLX8,0.8287,PASS
pt::B001TDKML4,0.8718,PASS
pt::B002C6Q4VE,0.8338,PASS
pt::B002RCQ0SU,0.8442,PASS
pt::B002SCGY5S,0.7982,PASS
pt::B002XWRVIC,0.7547,PASS
pt::B00347L6KE,0.8169,PASS
pt::B003BRNZTM,0.7365,PASS
pt::B003FSTAVY,0.8553,PASS
pt::B0044DHU84,0.7791,PASS
pt::B004AGX4YO,0.7217,PASS
pt::B004CAGDUA,0.7269,PASS
pt::B004LNFJCQ,0.8694,PASS
pt::B004M8SBNE,0.8528,PASS
pt::B004UAL5AU,0.8127,PASS
pt::B0054D8G0E,0.7039,PASS
pt::B005NCNDOU,0.8720,PASS
pt::B007FEFQDA,0.8549,PASS
pt::B009AAXVWA,0.8394,PASS
pt::B00009R6UI,0.6588,RETRY
pt::B00009R6VZ,0.8268,PASS
pt::B00009R8D3,0.7505,PASS
pt::B0000BZL8X,0.8561,PASS
pt::B0000CBBNM,0.7720,PASS
pt::B0001HKIJK,0.8387,PASS
pt::B0002YE6FY,0.8308,PASS
pt::B0006J0IN4,0.8502,PASS
pt::B00076QA6K,0.8578,PASS
pt::B00098FFN0,0.6768,RETRY
pt::B000BM66V4,0.8182,PASS
pt::B000I2HJ1S,0.8754,PASS
pt::B000NFIW98,0.8469,PASS
pt::B000WOT6O0,0.8819,PASS
pt::B000X7SNVI,0.8378,PASS
pt::B00123Q8YQ,0.8465,PASS
pt::B0012MI7QE,0.8360,PASS
pt::B0012QAXLW,0.8888,PASS
pt::B0012S7GRY,0.8810,PASS
pt::B0014CIBWC,0.8704,PASS
pt::B001542USK,0.7385,PASS
pt::B0015IOUK2,0.8687,PASS
pt::B001CSZSDI,0.8848,PASS
pt::B001CT00AS,0.8608,PASS
pt::B001CT00BW,0.8801,PASS
pt::B001E9BIU2,0.8542,PASS
pt::B001THSVTK,0.8048,PASS
pt::B001U0O7SA,0.8765,PASS
pt::B002IIZETY,0.6747,RETRY
pt::B002ZHCYFA,0.7764,PASS
pt::B0030D5KMW,0.6873,RETRY
pt::B003BYIM0W,0.8786,PASS
pt::B003E47HCS,0.8725,PASS
pt::B003UYU16G,0.8714,PASS
pt::B003Y322RO,0.7039,PASS
pt::B0041D0K1Q,0.8541,PASS
pt::B00494QFBG,0.8362,PASS
pt::B0049CPQ36,0.8373,PASS
pt::B004HB2X4Y,0.8538,PASS
pt::B0056XC644,0.8520,PASS
pt::B005DD438O,0.6977,RETRY
pt::B006U1YUW2,0.8790,PASS
pt::B007ILEHNU,0.8444,PASS
pt::B007JPOX8O,0.8482,PASS
pt::B00009R97U,0.8506,PASS
pt::B0000DBJ8A,0.8746,PASS
pt::B0007KQWDC,0.8804,PASS
pt::B00099I0EK,0.8483,PASS
pt::B0009JR442,0.8168,PASS
pt::B000FBPH2K,0.8595,PASS
pt::B000FGCUSE,0.8529,PASS
pt::B000G36GOU,0.8702,PASS
pt::B000QJ3DZE,0.8859,PASS
pt::B000VGTQAI,0.8635,PASS
pt::B001KZ6C74,0.8675,PASS
pt::B0024R4B5C,0.8718,PASS
pt::B002L6BXYI,0.8142,PASS
pt::B002LE8D2A,0.8514,PASS
pt::B002LF2PQO,0.8748,PASS
pt::B002VJKAW6,0.8487,PASS
pt::B003CJTQNI,0.8558,PASS
pt::B003NTZFLO,0.8612,PASS
pt::B003VYEYE0,0.8437,PASS
pt::B003ZJ644Y,0.5969,RETRY
pt::B00428N9N6,0.8767,PASS
pt::B00489Q1WU,0.7566,PASS
pt::B004G8QSTO,0.8911,PASS
pt::B004LB4MZS,0.8547,PASS
pt::B004YDUZ22,0.5355,RETRY
pt::B005F20756,0.8851,PASS
pt::B0065S9HBO,0.8768,PASS
pt::B0069J1WFI,0.8541,PASS
pt::B006B7R9PU,0.7876,PASS
pt::B008350TJQ,0.7538,PASS
pt::B008DVMRXG,0.6133,RETRY
pt::B008R5SFT8,0.8289,PASS
pt::B00016UVHU,0.8649,PASS
pt::B00076N568,0.8664,PASS
pt::B000EAGBHW,0.8363,PASS
pt::B000G3FNVM,0.7330,PASS
pt::B000GEA5QO,0.8212,PASS
pt::B000J02P1I,0.8635,PASS
pt::B000KC81WC,0.7145,PASS
pt::B000L4D54S,0.8563,PASS
pt::B000ZCIHK8,0.8732,PASS
pt::B0013VH3RS,0.7914,PASS
pt::B0017SVEDQ,0.7251,PASS
pt::B0018BTPLK,0.8552,PASS
pt::B001CIVDU0,0.8637,PASS
pt::B001F7AP1Q,0.8646,PASS
pt::B001QGE7TW,0.8282,PASS
pt::B001RMAWEY,0.8325,PASS
pt::B001XURPQI,0.8330,PASS
pt::B0026650XS,0.8795,PASS
pt::B002P3KH80,0.8690,PASS
pt::B0030C2W4C,0.8420,PASS
pt::B00365EVWO,0.8467,PASS
pt::B0036WT4EW,0.8516,PASS
pt::B0037FSYQC,0.7243,PASS
pt::B003B3P2CO,0.8711,PASS
pt::B003L4P872,0.8657,PASS
pt::B003UHY7B8,0.8395,PASS
pt::B0043EV20Q,0.8704,PASS
pt::B004DNCUOE,0.7993,PASS
pt::B004H0OA7S,0.8757,PASS
pt::B004HW73O8,0.8881,PASS
pt::B004K4THQK,0.6451,RETRY
pt::B004M8SSZU,0.6945,RETRY
pt::B004N623WK,0.7842,PASS
pt::B004N625BY,0.8707,PASS
pt::B0051GXAYQ,0.8272,PASS
pt::B005D6D6DY,0.7925,PASS
pt::B005G8CKEU,0.8320,PASS
pt::B006ZH0L2E,0.8285,PASS
pt::B007U16ODO,0.8576,PASS
pt::B0092T84HQ,0.7570,PASS
pt::B000065BPB,0.8738,PASS
pt::B0002GFOVM,0.8732,PASS
pt::B0006VT1TY,0.8425,PASS
pt::B000F2BLTM,0.8761,PASS
pt::B000HDONV2,0.5373,RETRY
pt::B000KN0YEY,0.8335,PASS
pt::B000LRI2ZC,0.5564,RETRY
pt::B000O8ENQK,0.8799,PASS
pt::B000TUDOQ8,0.7692,PASS
pt::B000UZA7PI,0.8200,PASS
pt::B00101XVH2,0.8426,PASS
pt::B0016MF7W2,0.8223,PASS
pt::B00178JC1C,0.8318,PASS
pt::B00198BY48,0.8814,PASS
pt::B001B41X7I,0.8666,PASS
pt::B001D7709I,0.8796,PASS
pt::B001EXHG7W,0.8467,PASS
pt::B001QFXDA2,0.8361,PASS
pt::B001USYI2M,0.8669,PASS
pt::B00276D82M,0.8629,PASS
pt::B0027CTQC2,0.8360,PASS
pt::B0027ZGN2A,0.8093,PASS
pt::B002BJ37JO,0.6509,RETRY
pt::B002VA56I8,0.8041,PASS
pt::B002VJJMSE,0.8194,PASS
pt::B002XN3OL4,0.8394,PASS
pt::B0030O0Q2U,0.8685,PASS
pt::B003CP0KCS,0.8799,PASS
pt::B003O996G8,0.8232,PASS
pt::B003U3A428,0.5992,RETRY
pt::B003UGZ9UW,0.8703,PASS
pt::B003VGUGBS,0.7195,PASS
pt::B0041PJAA6,0.8024,PASS
pt::B0043241X8,0.8430,PASS
pt::B00465W7EC,0.8755,PASS
pt::B004BOA6SM,0.8734,PASS
pt::B004CZ48DE,0.8354,PASS
pt::B004I4YOUG,0.4919,RETRY
pt::B004NVUCH8,0.7848,PASS
pt::B004QVPGXK,0.8345,PASS
pt::B00591GIMY,0.8655,PASS
pt::B005HO1ULM,0.8206,PASS
pt::B005UNEOM2,0.8847,PASS
pt::B005WKFT18,0.8562,PASS
pt::B006T9AE0C,0.8533,PASS
pt::B007KA7BAA,0.7995,PASS
pt::B007M5NKRQ,0.8244,PASS
pt::B007ZW43IQ,0.8742,PASS
pt::B008DNZ5VU,0.7923,PASS
pt::B008FQKKB0,0.8718,PASS
pt::B008LTB3KS,0.8443,PASS
pt::B008SBX6GI,0.8239,PASS
pt::B0091CWYQ6,0.8750,PASS
pt::B009NB8WRU,0.8564,PASS
pt::B00005LEOD,0.8510,PASS
pt::B00005LEOR,0.7928,PASS
pt::B00009R6WY,0.8409,PASS
pt::B00009UTCA,0.8032,PASS
pt::B000144I2Q,0.7412,PASS
pt::B00022RV9E,0.8740,PASS
pt::B0007OW57K,0.8532,PASS
pt::B0007U00X0,0.8553,PASS
pt::B0007VVXHQ,0.8646,PASS
pt::B00099C2M6,0.8399,PASS
pt::B000A22V6Y,0.8364,PASS
pt::B000AL8JKW,0.8732,PASS
pt::B000AO3L84,0.8596,PASS
pt::B000B68LSG,0.8514,PASS
pt::B000BDDBM0,0.8445,PASS
pt::B000DINCIQ,0.6465,RETRY
pt::B000F8XGJO,0.8622,PASS
pt::B000J6FTUQ,0.8742,PASS
pt::B000JINAAU,0.7540,PASS
pt::B000PGZIBK,0.8573,PASS
pt::B000PIXUIQ,0.8514,PASS
pt::B00127QKQI,0.8239,PASS
pt::B0012TVEOO,0.8632,PASS
pt::B001ASDHII,0.8392,PASS
pt::B001BS3A3E,0.8508,PASS
pt::B001U0OFKU,0.8502,PASS
pt::B0026SKI88,0.8530,PASS
pt::B002JCSBE4,0.8524,PASS
pt::B002PHM0XQ,0.8795,PASS
pt::B002RT93PA,0.8766,PASS
pt::B002UOUQ08,0.8297,PASS
pt::B002ZVCGXQ,0.8687,PASS
pt::B0030CE6C8,0.8447,PASS
pt::B005HNNQ6U,0.5984,RETRY
pt::B0078GCM4G,0.8588,PASS
pt::B008P8FDEW,0.8750,PASS
pt::B00004ZC8Y,0.8697,PASS
pt::B0000501T1,0.8294,PASS
pt::B000065UTR,0.8757,PASS
pt::B00009VS6P,0.8861,PASS
pt::B0002ALDRC,0.8352,PASS
pt::B0007X7W6K,0.8474,PASS
pt::B000BKP1JE,0.8650,PASS
pt::B000CF0ZXK,0.4312,RETRY
pt::B000ELDX2W,0.8496,PASS
pt::B000MSC4Z4,0.8755,PASS
pt::B000SLNNG4,0.8310,PASS
pt::B000VTWQ84,0.8836,PASS
pt::B000Y33CVM,0.8653,PASS
pt::B0011E35VA,0.8928,PASS
pt::B0012Q94AI,0.8352,PASS
pt::B0017LT7BO,0.6239,RETRY
pt::B0017TYGNA,0.8687,PASS
pt::B001G7PMGS,0.8110,PASS
pt::B001I8SCJ4,0.8750,PASS
pt::B001ILDOVW,0.7877,PASS
pt::B001JTA59C,0.8686,PASS
pt::B001PNEB5G,0.8001,PASS
pt::B001U3YJMQ,0.8476,PASS
pt::B001UHOR88,0.8571,PASS
pt::B002BH3UA2,0.8435,PASS
pt::B002HMCBEC,0.8716,PASS
pt::B002XGUHMU,0.8164,PASS
pt::B003ZYF3LO,0.8587,PASS
pt::B0044FJGFM,0.8044,PASS
pt::B004G60APE,0.8661,PASS
pt::B004JU0E8U,0.8162,PASS
pt::B004LB4N02,0.8644,PASS
pt::B004OR14HI,0.8513,PASS
pt::B004OZ6BQ4,0.8555,PASS
pt::B004RMSMJ8,0.8827,PASS
pt::B00511F3BY,0.7744,PASS
pt::B0052L6NWG,0.8021,PASS
pt::B0055ZCXVE,0.8549,PASS
pt::B005DKZTLW,0.8702,PASS
pt::B005GWF3P4,0.7859,PASS
pt::B005MR6CLM,0.5727,RETRY
pt::B006E76GXI,0.8172,PASS
pt::B007ABAQI8,0.8565,PASS
pt::B007BZRXK2,0.8165,PASS
pt::B007Q5IN3I,0.8639,PASS
pt::B00836JHVQ,0.8564,PASS
pt::B00942TK8I,0.7969,PASS
pt::B0098QUW1E,0.8486,PASS
pt::B009JPEISW,0.8033,PASS
pt::B001WMFXJ8,0.8003,PASS
pt::B0036AWR8E,0.8220,PASS
pt::B0036QL1JY,0.8195,PASS
pt::B003725D32,0.8807,PASS
pt::B004QHI3ZW,0.8539,PASS
pt::B004SAWBE6,0.7470,PASS
pt::B00000IGBF,0.7911,PASS
pt::B00000JBAT,0.8678,PASS
pt::B0000206CT,0.8335,PASS
pt::B00003CWDG,0.8483,PASS
pt::B00004RC2E,0.8578,PASS
pt::B00004SGD3,0.8604,PASS
pt::B00004T2LJ,0.8776,PASS
pt::B00005A3MC,0.8278,PASS
pt::B00005OMZJ,0.8725,PASS
pt::B00005U243,0.8174,PASS
pt::B000066CCU,0.7962,PASS
pt::B00006LHO7,0.8704,PASS
pt::B000087BX8,0.8583,PASS
pt::B00008W2LC,0.8571,PASS
pt::B00009K3QQ,0.6398,RETRY
pt::B0002DOXKI,0.8517,PASS
pt::B000623HE8,0.8780,PASS
pt::B0009PXEEU,0.8672,PASS
pt::B000IOP8ZU,0.8037,PASS
pt::B000UD3NTC,0.8102,PASS
pt::B000UZOSM6,0.8702,PASS
pt::B000VXKD8K,0.8615,PASS
pt::B002TIELEM,0.8516,PASS
pt::B0038KTAXW,0.7687,PASS
pt::B00390JT1O,0.6296,RETRY
pt::B003ES61EE,0.8468,PASS
pt::B003LNNOCO,0.8762,PASS
pt::B0040XQ7PK,0.8378,PASS
pt::B004RO3QLU,0.8414,PASS
pt::B0056Z0SJM,0.8846,PASS
pt::B005INACOS,0.8616,PASS
pt::B008RW6R9Q,0.8615,PASS
pt::B0000A5R5M,0.8745,PASS
pt::B000779RZA,0.8744,PASS
pt::B0007876PC,0.8615,PASS
pt::B0007U9KE0,0.8721,PASS
pt::B000BNNGUC,0.8719,PASS
pt::B000EBHZQ2,0.8819,PASS
pt::B000IHN89A,0.8627,PASS
pt::B000JRPCHK,0.7906,PASS
pt::B000NO5QVG,0.8283,PASS
pt::B000NTMGVO,0.8623,PASS
pt::B0014UOJM0,0.8296,PASS
pt::B0015MFTE4,0.7962,PASS
pt::B001DFZ5EW,0.8702,PASS
pt::B001F514F4,0.8435,PASS
pt::B001GAPHOC,0.8559,PASS
pt::B001S0I1M0,0.8767,PASS
pt::B001TZQITM,0.7951,PASS
pt::B0025EWXEU,0.8748,PASS
pt::B0028N7442,0.8566,PASS
pt::B002WV8F6Q,0.6622,RETRY
pt::B003L11DP6,0.7389,PASS
pt::B003QFIQSE,0.8636,PASS
pt::B003V1YGSW,0.8436,PASS
pt::B003WE9MCI,0.8335,PASS
pt::B003XQ6FDE,0.8404,PASS
pt::B0042RTQPC,0.8505,PASS
pt::B0043M6F14,0.8636,PASS
pt::B004C9M7UG,0.7838,PASS
pt::B004FPZ3GM,0.7865,PASS
pt::B004OOODPG,0.8548,PASS
pt::B004R6WWJA,0.8242,PASS
pt::B005NX7HY6,0.8332,PASS
pt::B0073YY6KQ,0.7887,PASS
pt::B0076F3RS4,0.8360,PASS
pt::B007F7G6WW,0.8392,PASS
pt::B007SRLJCQ,0.8643,PASS
pt::B008R7EXCE,0.8458,PASS
pt::B0096W1OZ8,0.8460,PASS
pt::B00004SD88,0.8677,PASS
pt::B00006I53A,0.8672,PASS
pt::B00007DN1E,0.7763,PASS
pt::B0001407XU,0.8534,PASS
pt::B0001LS35M,0.8175,PASS
pt::B00021EE4U,0.8447,PASS
pt::B0002UM0JW,0.8799,PASS
pt::B00067KRTG,0.7795,PASS
pt::B0007OWARU,0.8363,PASS
pt::B0007U00XU,0.8444,PASS
pt::B000A42D2O,0.6963,RETRY
pt::B000BD4TH6,0.8603,PASS
pt::B000BWY0BC,0.7441,PASS
pt::B000CC9LS8,0.7318,PASS
pt::B000E8J3YW,0.8529,PASS
pt::B000EHYG9K,0.8282,PASS
pt::B000F1O0X2,0.8870,PASS
pt::B000FHGONA,0.8656,PASS
pt::B000FMJLQC,0.8200,PASS
pt::B000HU2CCC,0.8363,PASS
pt::B000N3NOTI,0.8180,PASS
pt::B000Q74102,0.8733,PASS
pt::B000U6AHYS,0.8720,PASS
pt::B000VE8BKQ,0.4335,RETRY
pt::B000WOVD1Y,0.8131,PASS
pt::B0012GDOQS,0.8478,PASS
pt::B001BP7YFM,0.8349,PASS
pt::B001M5U77I,0.7254,PASS
pt::B001RCD2DW,0.8745,PASS
pt::B001U0O7T4,0.8839,PASS
pt::B001U3Y8O0,0.8554,PASS
pt::B0021AEYS6,0.8462,PASS
pt::B0029WUKVG,0.6899,RETRY
pt::B002DHS398,0.8511,PASS
pt::B002MEGATM,0.8554,PASS
pt::B002N4K6J6,0.6757,RETRY
pt::B002U558IM,0.7372,PASS
pt::B002YSH6FI,0.7234,PASS
pt::B00302DNZ4,0.8537,PASS
pt::B0036WS4CK,0.5750,RETRY
pt::B003NSC2WU,0.8299,PASS
pt::B003UOIMAS,0.8473,PASS
pt::B003VGJ2LI,0.8436,PASS
pt::B003XCDA9A,0.7488,PASS
pt::B003ZX871I,0.8761,PASS
pt::B00409XSS8,0.8591,PASS
pt::B0040IUI46,0.8368,PASS
pt::B0040VVIBK,0.6900,RETRY
pt::B0042X9LC4,0.8660,PASS
pt::B00433SRPK,0.7517,PASS
pt::B0043AT7AM,0.8808,PASS
pt::B0045KGZOG,0.8585,PASS
pt::B0048WIXZK,0.7253,PASS
pt::B004M8SVGG,0.8655,PASS
pt::B004VPLY1E,0.8707,PASS
pt::B004WK3R4U,0.8348,PASS
pt::B004YW79F4,0.8493,PASS
pt::B00542NV32,0.8350,PASS
pt::B005C31F2M,0.8635,PASS
pt::B005EP26J4,0.8438,PASS
pt::B005GLHK3S,0.7823,PASS
pt::B0085RO8U8,0.8374,PASS
pt::B0099Y1QM4,0.8663,PASS
pt::B0099Y21ZA,0.8454,PASS
pt::B0000DZET4,0.8500,PASS
pt::B00015XGQY,0.8419,PASS
pt::B000MS3VGA,0.8644,PASS
pt::B000VRYLU2,0.8746,PASS
pt::B0011TS8LM,0.8275,PASS
pt::B0014F7Z94,0.8518,PASS
pt::B0014JLPUU,0.8701,PASS
pt::B0015F1L7A,0.8665,PASS
pt::B001CB0RSG,0.8758,PASS
pt::B001GUY5V8,0.8693,PASS
pt::B001QV8OI2,0.6738,RETRY
pt::B001RB24LO,0.8660,PASS
pt::B001UAB0I0,0.8655,PASS
pt::B002NU5O2O,0.8428,PASS
pt::B002NU5O2Y,0.8450,PASS
pt::B00342UT1G,0.7611,PASS
pt::B003B20F54,0.8635,PASS
pt::B003B3N258,0.8461,PASS
pt::B003OX1LEO,0.8797,PASS
pt::B003UH0Z9Q,0.8145,PASS
pt::B0043M9ATI,0.8416,PASS
pt::B004EWEZM4,0.7980,PASS
pt::B004ZF0QAK,0.8792,PASS
pt::B00548QAPC,0.8641,PASS
pt::B005AZ7B4S,0.8612,PASS
pt::B005FE72YI,0.8769,PASS
pt::B005LD275M,0.8280,PASS
pt::B005N8W1TM,0.8836,PASS
pt::B005USRBVI,0.8101,PASS
pt::B006VJREFS,0.8685,PASS
pt::B0077JAFJS,0.8645,PASS
pt::B008OHFT5W,0.8201,PASS
pt::B008V6T1IW,0.8793,PASS
pt::B0098Y77U0,0.7725,PASS
pt::B009B8EBUC,0.8698,PASS
pt::B009F1I16K,0.8831,PASS
pt::B009IKCKME,0.8671,PASS
pt::B009LENCK6,0.8688,PASS
pt::B00007056H,0.8733,PASS
pt::B00009R6VO,0.8582,PASS
pt::B00012OJ22,0.8454,PASS
pt::B0002I5RI0,0.8108,PASS
pt::B000CRFOMK,0.8225,PASS
pt::B000UQ2CGO,0.8626,PASS
pt::B000WQ21SQ,0.8716,PASS
pt::B002YIG9AQ,0.5930,RETRY
pt::B003EYVEVS,0.8091,PASS
pt::B003O8J11E,0.8644,PASS
pt::B00480OTHI,0.6957,RETRY
pt::B004HAX7OU,0.7229,PASS
pt::B004M8SSZK,0.8598,PASS
pt::B0057FRTPW,0.8331,PASS
pt::B0058D8D3K,0.8701,PASS
pt::B005AWYB2Q,0.7401,PASS
pt::B005INAU90,0.8688,PASS
pt::B006MB9AEI,0.8359,PASS
pt::B007J3C5KY,0.8587,PASS
pt::B007NJ0S1W,0.7537,PASS
pt::B00966OWKI,0.8538,PASS
pt::B009EOJKEU,0.8615,PASS
pt::B00001OWYM,0.7039,PASS
pt::B00008Y1BX,0.8625,PASS
pt::B0000ZQTAU,0.8375,PASS
pt::B0002KQR2S,0.8696,PASS
pt::B0006HTZ76,0.8736,PASS
pt::B0006OCZOY,0.8636,PASS
pt::B0007Y798U,0.8838,PASS
pt::B0009K9FZW,0.8400,PASS
pt::B000A3WS16,0.8817,PASS
pt::B000B0NC2W,0.8006,PASS
pt::B000BPPRPC,0.8668,PASS
pt::B000BY9FOC,0.8721,PASS
pt::B000EWARBG,0.8635,PASS
pt::B000I5ZC3W,0.8743,PASS
pt::B000MD40N8,0.8839,PASS
pt::B000MVGBFU,0.8716,PASS
pt::B000N42HTA,0.8798,PASS
pt::B000N45W5G,0.8452,PASS
pt::B000NWWT3G,0.8311,PASS
pt::B000SDZ0K4,0.8594,PASS
pt::B000VXVHRQ,0.7383,PASS
pt::B0015LOWD4,0.8767,PASS
pt::B001F51G1Q,0.8648,PASS
pt::B001QXDN0Y,0.8732,PASS
pt::B002FU6KF2,0.8280,PASS
pt::B002L6HE9G,0.8677,PASS
pt::B002L6HECS,0.8838,PASS
pt::B002S0O7LI,0.7452,PASS
pt::B003628PEW,0.8465,PASS
pt::B003FMUMSU,0.8614,PASS
pt::B003V8B1PG,0.8686,PASS
pt::B003VANOI6,0.8487,PASS
pt::B0041G62TW,0.8842,PASS
pt::B0041SWQ5O,0.8766,PASS
pt::B00569WY7M,0.7971,PASS
pt::B005GS3C9C,0.8736,PASS
pt::B005HXLJMI,0.8653,PASS
pt::B006GF63YK,0.8608,PASS
pt::B007AB92DI,0.5326,RETRY
pt::B0006TI9WG,0.8598,PASS
pt::B000CDFYNS,0.3894,RETRY
pt::B000IAPEJE,0.8645,PASS
pt::B000JV6TQY,0.8574,PASS
pt::B000QGBC8C,0.8577,PASS
pt::B0015F0AB8,0.8769,PASS
pt::B0019M0DXC,0.8588,PASS
pt::B001F8QPJQ,0.8738,PASS
pt::B001F8SAK8,0.8794,PASS
pt::B001G8Z3E8,0.6540,RETRY
pt::B001NJE0LW,0.7953,PASS
pt::B001O4BN48,0.7544,PASS
pt::B002LBQWMG,0.8777,PASS
pt::B002TLSW9O,0.8473,PASS
pt::B0035JJOLE,0.8534,PASS
pt::B003B47BZO,0.8769,PASS
pt::B003M8I0RM,0.8235,PASS
pt::B003RAPAKK,0.3859,RETRY
pt::B003VW20A2,0.8257,PASS
pt::B0044DEDB6,0.8560,PASS
pt::B0045I85GY,0.8365,PASS
pt::B004CR3XEW,0.4282,RETRY
pt::B0052D5D2A,0.7917,PASS
pt::B00535CWN0,0.8597,PASS
pt::B0053YJZ4U,0.7362,PASS
pt::B005NHR6MU,0.8522,PASS
pt::B007JELV8U,0.8318,PASS
pt::B00006HZ0K,0.8830,PASS
pt::B0002IYOXY,0.8698,PASS
pt::B0002XMZOO,0.8359,PASS
pt::B000FCN6SG,0.8477,PASS
pt::B000FCSWX0,0.8664,PASS
pt::B000Q3IUV2,0.8621,PASS
pt::B000V0DY7U,0.8393,PASS
pt::B0013ZGOWY,0.8479,PASS
pt::B0015AB3GE,0.8558,PASS
pt::B002BDUAEK,0.8846,PASS
pt::B002PY7OF8,0.8808,PASS
pt::B0037ATHF4,0.8263,PASS
pt::B003ZU0WCI,0.7527,PASS
pt::B004FTFRCI,0.8719,PASS
pt::B0052RM8T2,0.8010,PASS
pt::B005NGQWL2,0.8675,PASS
pt::B007BYLO4E,0.8870,PASS
pt::B008Q3CCZE,0.8620,PASS
pt::B00008MZ0B,0.8789,PASS
pt::B0001OYZTC,0.7880,PASS
pt::B0001R05XE,0.8442,PASS
pt::B0007PGADE,0.7063,PASS
pt::B000FHFPHG,0.8299,PASS
pt::B000VNJD18,0.8324,PASS
pt::B0016NC08A,0.8414,PASS
pt::B0016PCPNS,0.8731,PASS
pt::B001I44YCC,0.8413,PASS
pt::B002P3F5D2,0.8775,PASS
pt::B0037NY8B4,0.8533,PASS
pt::B0038KLD50,0.8142,PASS
pt::B003QJV2IG,0.8490,PASS
pt::B003ZZURQO,0.7833,PASS
pt::B0040723AO,0.8141,PASS
pt::B004SKBJYE,0.8539,PASS
pt::B007L5NKZO,0.8745,PASS
pt::B00004TX71,0.8439,PASS
pt::B00005LE73,0.6921,RETRY
pt::B00005LE76,0.8582,PASS
pt::B00007E89K,0.4963,RETRY
pt::B00009R88X,0.8140,PASS
pt::B00009R8DD,0.6428,RETRY
pt::B00009UT18,0.8053,PASS
pt::B00009UTCD,0.8319,PASS
pt::B00021XIJW,0.8258,PASS
pt::B0002GFORQ,0.8373,PASS
pt::B0002WT6RY,0.8048,PASS
pt::B0007MGG2M,0.8041,PASS
pt::B0007XP8GQ,0.8263,PASS
pt::B0009JFF0W,0.5922,RETRY
pt::B000BH5OW6,0.8694,PASS
pt::B000C0QGAQ,0.8050,PASS
pt::B000CRLBN6,0.8672,PASS
pt::B000CRUBAA,0.8635,PASS
pt::B000EM8GDW,0.8284,PASS
pt::B000GHXMO8,0.8495,PASS
pt::B000HI4VHI,0.8402,PASS
pt::B000JNA4LS,0.8787,PASS
pt::B000JSFZPS,0.8386,PASS
pt::B000KKVFD6,0.8298,PASS
pt::B000MEANKQ,0.8118,PASS
pt::B000VRV6LY,0.8281,PASS
pt::B00104QMQ6,0.8661,PASS
pt::B0014DNS06,0.8192,PASS
pt::B0018KXPEO,0.6293,RETRY
pt::B001BCFF2E,0.7352,PASS
pt::B001BTCSI6,0.8464,PASS
pt::B001D773KY,0.8792,PASS
pt::B001F1Q8ZY,0.8499,PASS
pt::B001GENI4E,0.8438,PASS
pt::B001HX44A6,0.8691,PASS
pt::B001J8BPYM,0.8026,PASS
pt::B001K9I9IU,0.8509,PASS
pt::B001KJ91V4,0.8692,PASS
pt::B001R3M7XM,0.8530,PASS
pt::B002AJMHMI,0.8595,PASS
pt::B002JCSV8U,0.8333,PASS
pt::B002P3KMNU,0.8920,PASS
pt::B002RWJHBM,0.8517,PASS
pt::B002SQKVD0,0.8590,PASS
pt::B003A59KL2,0.7374,PASS
pt::B0045F5CXQ,0.7906,PASS
pt::B004E9SGO0,0.8390,PASS
pt::B004G8QOJS,0.8758,PASS
pt::B004HGVH50,0.8453,PASS
pt::B004IMEN7C,0.8574,PASS
pt::B004WBR8C6,0.6919,RETRY
pt::B004WEPDK2,0.5852,RETRY
pt::B004X7U5N8,0.8617,PASS
pt::B004XT6WV0,0.6636,RETRY
pt::B005TMSN4E,0.6855,RETRY
pt::B006ZZXVCI,0.8484,PASS
pt::B0075GDS60,0.8709,PASS
pt::B0085TBFNO,0.8312,PASS
pt::B008S2YMFG,0.8752,PASS
pt::B00004WHF9,0.8560,PASS
pt::B00005N5XN,0.8423,PASS
pt::B00005UOSN,0.8699,PASS
pt::B00006FMPE,0.8871,PASS
pt::B000136P8W,0.6412,RETRY
pt::B0002ZAEYA,0.8320,PASS
pt::B0009K9Q1A,0.8677,PASS
pt::B000BAX50G,0.8785,PASS
pt::B0014GXCBI,0.8833,PASS
pt::B0015L451I,0.8775,PASS
pt::B001C48HTO,0.8300,PASS
pt::B002OOWC4C,0.8328,PASS
pt::B0032JRRXO,0.8813,PASS
pt::B0038KRDMM,0.7644,PASS
pt::B003DX4IAO,0.8425,PASS
pt::B003FMUP2S,0.8654,PASS
pt::B003ULP9QG,0.8830,PASS
pt::B003VS9UP4,0.8712,PASS
pt::B0047ELBN0,0.8530,PASS
pt::B004CLYECS,0.6990,RETRY
pt::B0056MHU82,0.8191,PASS
pt::B00603RS9W,0.8318,PASS
pt::B007B64ND6,0.7381,PASS
pt::B007QWF9GK,0.7047,PASS
pt::B0083WYFWG,0.8362,PASS
pt::B0085O5MAG,0.7693,PASS
pt::B0092QV9GM,0.8269,PASS
pt::B0092S2TPA,0.8555,PASS
pt::B009I2TP7K,0.8082,PASS
pt::B00006HOFR,0.8353,PASS
pt::B0001VWJ8Y,0.7920,PASS
pt::B000243DNA,0.8600,PASS
pt::B0009JR3R0,0.6492,RETRY
pt::B000HDWXRI,0.7889,PASS
pt::B000MXB33S,0.8511,PASS
pt::B000O8E8YW,0.8400,PASS
pt::B000PVXWZ4,0.7937,PASS
pt::B000UVWIO0,0.8508,PASS
pt::B000VZP040,0.8426,PASS
pt::B0010CX798,0.7066,PASS
pt::B001KU44HE,0.8533,PASS
pt::B001XUR5EU,0.7934,PASS
pt::B002KKZFJO,0.8638,PASS
pt::B002Q8HQHE,0.8675,PASS
pt::B0032FO218,0.8560,PASS
pt::B0035JKJ2W,0.8691,PASS
pt::B003BO4H56,0.8627,PASS
pt::B003VYB1K0,0.8775,PASS
pt::B0040QS8R2,0.8253,PASS
pt::B004TA8YNW,0.8703,PASS
pt::B004Y3FG9E,0.8796,PASS
pt::B006291K7A,0.8743,PASS
pt::B006Y3IDYC,0.8703,PASS
pt::B006ZH0MP0,0.8296,PASS
pt::B007ZSYHYU,0.8746,PASS
pt::B008D97LNE,0.8793,PASS
pt::B008O2HW8O,0.8611,PASS
pt::B008O2HWCU,0.8607,PASS
pt::B00009R6UJ,0.7990,PASS
pt::B0000VYJTM,0.8445,PASS
pt::B00076QA56,0.8366,PASS
pt::B000E1DSAE,0.8702,PASS
pt::B000FJUMWC,0.8729,PASS
pt::B000J6FWT4,0.8545,PASS
pt::B001B19XMS,0.8784,PASS
pt::B002EF2200,0.6715,RETRY
pt::B002P370AI,0.8608,PASS
pt::B002Z2QDNE,0.8276,PASS
pt::B0033RSNPG,0.8405,PASS
pt::B0038W0NEU,0.8458,PASS
pt::B003QJX1K8,0.8674,PASS
pt::B0047ZG1LQ,0.8507,PASS
pt::B004HW7E2O,0.8525,PASS
pt::B004SP0WAQ,0.6928,RETRY
pt::B0053DDNW6,0.6930,RETRY
pt::B00547IQ8C,0.7015,PASS
pt::B00547IQCS,0.7983,PASS
pt::B005GSS8TG,0.8439,PASS
pt::B005ZQTJKG,0.8397,PASS
pt::B007EMOOK4,0.8726,PASS
pt::B008IYCQSO,0.7790,PASS
pt::B008TCUXLW,0.8590,PASS
pt::B009KPAR2M,0.7914,PASS
pt::B009LS0XOK,0.7932,PASS
pt::B009NUK6S4,0.7875,PASS
pt::B00007E8D2,0.7828,PASS
pt::B00009XNUU,0.7940,PASS
pt::B0000BZYPD,0.8493,PASS
pt::B000292DO0,0.8732,PASS
pt::B0002ZH71S,0.7835,PASS
pt::B0007LQ286,0.8351,PASS
pt::B00083XXQM,0.8686,PASS
pt::B000AAM1YI,0.6404,RETRY
pt::B000ASTKWQ,0.7764,PASS
pt::B000BOLHH0,0.8553,PASS
pt::B000CS1TLE,0.8634,PASS
pt::B000EDI3Y8,0.8777,PASS
pt::B000EFIJVI,0.8522,PASS
pt::B000FNBI5S,0.7774,PASS
pt::B000IWL77U,0.8415,PASS
pt::B000JC5KCM,0.7312,PASS
pt::B000M5UO04,0.8533,PASS
pt::B000MQ695W,0.8363,PASS
pt::B000UN8MKM,0.8564,PASS
pt::B000VUFDPG,0.8444,PASS
pt::B000XGMUYK,0.8487,PASS
pt::B0016120M8,0.7459,PASS
pt::B001BPE3KQ,0.8210,PASS
pt::B001FA1NFA,0.8810,PASS
pt::B001J85BS8,0.8611,PASS
pt::B001JK8FBG,0.7659,PASS
pt::B001JP8T9Y,0.8529,PASS
pt::B001MRYSKS,0.8561,PASS
pt::B001QWTTGC,0.7722,PASS
pt::B001RJH7VI,0.8679,PASS
pt::B002JH1ARY,0.8508,PASS
pt::B002L0TJXQ,0.8506,PASS
pt::B002VH3FQG,0.7886,PASS
pt::B003DML2G8,0.8736,PASS
pt::B003E2RRZW,0.8470,PASS
pt::B003HC8V9A,0.8203,PASS
pt::B003MQWN40,0.8477,PASS
pt::B003U2YCZE,0.8516,PASS
pt::B003U3H5CK,0.8162,PASS
pt::B003WGJYCY,0.8319,PASS
pt::B003WTU9I4,0.8449,PASS
pt::B003ZX8B0U,0.3419,RETRY
pt::B0041686QY,0.8770,PASS
pt::B0042TNJ6M,0.8602,PASS
pt::B00433SOF8,0.8002,PASS
pt::B0043AV8ZE,0.8779,PASS
pt::B0043DKBTK,0.8481,PASS
pt::B0044FHFJQ,0.8275,PASS
pt::B004GILTB6,0.8762,PASS
pt::B004HXAN4O,0.3517,RETRY
pt::B004I8W55S,0.7863,PASS
pt::B0053VZUW4,0.7641,PASS
pt::B005IGP736,0.8133,PASS
pt::B005IHAIAW,0.8355,PASS
pt::B005IY2OD4,0.7951,PASS
pt::B005O0DHVK,0.7136,PASS
pt::B005OB2L7U,0.8403,PASS
pt::B006U1YUJ0,0.8751,PASS
pt::B00004TDRH,0.8396,PASS
pt::B00007CW52,0.8500,PASS
pt::B00007CW54,0.8712,PASS
pt::B0000AE6G9,0.7163,PASS
pt::B00016V3VI,0.8603,PASS
pt::B0002D05RI,0.5716,RETRY
pt::B0002R5Y5M,0.8687,PASS
pt::B00030DEQE,0.8462,PASS
pt::B000EGJTL6,0.8646,PASS
pt::B000LP0R3E,0.8247,PASS
pt::B000N7HT86,0.7766,PASS
pt::B000OG6I24,0.8583,PASS
pt::B000PGDT8O,0.8350,PASS
pt::B000Q5UMEI,0.8339,PASS
pt::B000WKY2MK,0.8825,PASS
pt::B00108UNEY,0.8099,PASS
pt::B0013TS0T0,0.8517,PASS
pt::B00186URQC,0.8494,PASS
pt::B001NLV4TQ,0.8467,PASS
pt::B001S3X6K4,0.5379,RETRY
pt::B002FKNPBY,0.8598,PASS
pt::B002IKKFIC,0.8493,PASS
pt::B002IKKFJ6,0.8052,PASS
pt::B002OEBIHO,0.8677,PASS
pt::B002QEBM96,0.8724,PASS
pt::B002SAOHH2,0.8650,PASS
pt::B002XVBAKI,0.8623,PASS
pt::B0036WT4I8,0.8581,PASS
pt::B003ANN0D8,0.8197,PASS
pt::B003LPTAYI,0.8873,PASS
pt::B003XM73P2,0.7891,PASS
pt::B00452V27Y,0.8553,PASS
pt::B004HYG9W8,0.8581,PASS
pt::B004P8AF30,0.8156,PASS
pt::B005MR6CNK,0.8767,PASS
pt::B006IC4YZQ,0.8805,PASS
pt::B0089VKNHM,0.8354,PASS
pt::B008ABO6EM,0.8694,PASS
pt::B0096LZ5QI,0.7707,PASS
pt::B00005T3W5,0.7912,PASS
pt::B000068P8W,0.8550,PASS
pt::B00007E7K1,0.8485,PASS
pt::B00009R6AY,0.7910,PASS
pt::B00009R6BK,0.7788,PASS
pt::B00009R6ME,0.8478,PASS
pt::B00009R6WL,0.8338,PASS
pt::B0000C4G79,0.8549,PASS
pt::B0002HTK7A,0.8463,PASS
pt::B000A5LP5Y,0.8576,PASS
pt::B000BBAL1G,0.8592,PASS
pt::B000E1PTGK,0.8695,PASS
pt::B000GX31G6,0.8658,PASS
pt::B000HKMM4A,0.8628,PASS
pt::B000LRCTWO,0.8479,PASS
pt::B000NSJ4Q0,0.8546,PASS
pt::B000U0HRJM,0.8225,PASS
pt::B000U8Y88M,0.8022,PASS
pt::B000UD6E48,0.8623,PASS
pt::B000V0ANK6,0.8106,PASS
pt::B000X06ZH4,0.7755,PASS
pt::B001129GGK,0.7958,PASS
pt::B00195TS4Y,0.8145,PASS
pt::B001AHALEC,0.5598,RETRY
pt::B001D2CW1E,0.7854,PASS
pt::B001E9667M,0.8351,PASS
pt::B001M4HTDE,0.7363,PASS
pt::B001M4HTDO,0.8160,PASS
pt::B001M4HTFM,0.7799,PASS
pt::B0020HRCB6,0.8370,PASS
pt::B002BH4MEA,0.8505,PASS
pt::B002FL4X2I,0.6237,RETRY
pt::B002K4512Q,0.8620,PASS
pt::B002LTWDSK,0.8734,PASS
pt::B003CFB180,0.8554,PASS
pt::B003E1JTYA,0.8455,PASS
pt::B003YDTKC4,0.6670,RETRY
pt::B003ZHV70M,0.8809,PASS
pt::B0041OYS36,0.7337,PASS
pt::B0043RTJN0,0.8312,PASS
pt::B0044FVECA,0.5073,RETRY
pt::B0044TGDHW,0.7629,PASS
pt::B00462RMS6,0.8603,PASS
pt::B0049HFC0S,0.8558,PASS
pt::B0049JO71G,0.8063,PASS
pt::B004HN2U7W,0.6951,RETRY
pt::B004LPZBD6,0.8314,PASS
pt::B004MME75G,0.8443,PASS
pt::B004QOA920,0.8677,PASS
pt::B0059AK8HQ,0.7450,PASS
pt::B005HGBEZ2,0.8061,PASS
pt::B006MRAVFE,0.8551,PASS
pt::B0079VXOWO,0.7712,PASS
pt::B007B5S8BU,0.8239,PASS
pt::B00006B8C5,0.7975,PASS
pt::B00006BBAB,0.8347,PASS
pt::B000BSN274,0.8375,PASS
pt::B000E8X5Z0,0.8471,PASS
pt::B000HDONSK,0.4913,RETRY
pt::B000NQ16NG,0.7459,PASS
pt::B000PGHCG4,0.8695,PASS
pt::B000WL6YY8,0.7294,PASS
pt::B001157NBW,0.7980,PASS
pt::B001EZYMF4,0.8794,PASS
pt::B002HGFKR8,0.8596,PASS
pt::B002QQ3VK2,0.8128,PASS
pt::B003690Q42,0.8312,PASS
pt::B003BYRO7Y,0.8531,PASS
pt::B003FP95Q2,0.8597,PASS
pt::B003GRW1KQ,0.7839,PASS
pt::B003SQ1JTY,0.7712,PASS
pt::B003SVSJ1K,0.7639,PASS
pt::B003YT578O,0.8099,PASS
pt::B003ZTWYXY,0.8580,PASS
pt::B00413XA3G,0.8426,PASS
pt::B0042TLA90,0.8585,PASS
pt::B004764AIQ,0.8282,PASS
pt::B0049MPQA4,0.8479,PASS
pt::B004FV67XO,0.7808,PASS
pt::B004K4JITQ,0.7502,PASS
pt::B004N80E9C,0.8612,PASS
pt::B004PJPMBO,0.8712,PASS
pt::B004WIUWOA,0.8324,PASS
pt::B00535CMEE,0.5818,RETRY
pt::B00585CLSQ,0.6341,RETRY
pt::B005AOU0OW,0.8029,PASS
pt::B005DF7BEK,0.7388,PASS
pt::B005EWB396,0.8801,PASS
pt::B005H3I38G,0.7063,PASS
pt::B005LJQPE0,0.8421,PASS
pt::B006HXUXRY,0.6809,RETRY
pt::B00762YNMG,0.8623,PASS
pt::B00778G78C,0.8439,PASS
pt::B0077V88V8,0.8547,PASS
pt::B007B5Q0N8,0.7610,PASS
pt::B007IL4ROE,0.8650,PASS
pt::B0081TSZCC,0.7731,PASS
pt::B0088L182C,0.8799,PASS
pt::B008M56YHS,0.8757,PASS
pt::B009AETXPK,0.8431,PASS
pt::B009MPBFNU,0.8609,PASS
pt::B00006B9H8,0.8659,PASS
pt::B00007FHDR,0.8159,PASS
pt::B00009R6UX,0.8355,PASS
pt::B00009R6WU,0.8397,PASS
pt::B0001NYJ58,0.8701,PASS
pt::B0001UZQWG,0.6974,RETRY
pt::B0002XGSS8,0.8747,PASS
pt::B0006BK4ZY,0.7633,PASS
pt::B000AY649C,0.8458,PASS
pt::B000EN0K94,0.8605,PASS
pt::B000I42QO6,0.8597,PASS
pt::B000JDJJ82,0.8337,PASS
pt::B000P9ZG00,0.8117,PASS
pt::B000W67G72,0.7273,PASS
pt::B000X2QRK2,0.8108,PASS
pt::B001EDRPBO,0.8036,PASS
pt::B001GGAIG8,0.8135,PASS
pt::B001O83XR4,0.8300,PASS
pt::B001P4UAF0,0.7895,PASS
pt::B001RTPMLA,0.8141,PASS
pt::B001SER48S,0.8830,PASS
pt::B001XUQPB4,0.8220,PASS
pt::B002ISXBFI,0.8488,PASS
pt::B002N8A1HO,0.8096,PASS
pt::B0038RN0PO,0.6771,RETRY
pt::B003EKT9NM,0.8101,PASS
pt::B003JJAKVS,0.8365,PASS
pt::B003UUEOPE,0.8046,PASS
pt::B003WKVVWQ,0.7999,PASS
pt::B0043M9AU2,0.8584,PASS
pt::B004I44EXI,0.6180,RETRY
pt::B004WO8O9Y,0.8316,PASS
pt::B005LLBJ9Y,0.8553,PASS
pt::B00005NCWK,0.8495,PASS
pt::B000256R9G,0.7400,PASS
pt::B000A2BLEC,0.8521,PASS
pt::B000BFNOQ6,0.8403,PASS
pt::B000BFO4OC,0.8780,PASS
pt::B000E3YV1M,0.8690,PASS
pt::B000EGGPM2,0.7845,PASS
pt::B000FNH1MC,0.8580,PASS
pt::B000I21YDM,0.8294,PASS
pt::B000OUW7OI,0.8677,PASS
pt::B000U07C1U,0.8821,PASS
pt::B0018BZJNS,0.7269,PASS
pt::B0036WT4D8,0.8558,PASS
pt::B0038KTYAQ,0.7172,PASS
pt::B003L139HG,0.7687,PASS
pt::B003SGN9SS,0.8505,PASS
pt::B004UR9P9Q,0.8565,PASS
pt::B004XUAK3U,0.8218,PASS
pt::B005AT2RB6,0.8262,PASS
pt::B005AY01RI,0.6633,RETRY
pt::B005EWB3XW,0.8192,PASS
pt::B005P99LHO,0.8629,PASS
pt::B005V198J2,0.8457,PASS
pt::B00659KR76,0.2031,RETRY
pt::B006UMMPGE,0.8574,PASS
pt::B007472SZ2,0.8587,PASS
pt::B007ULGT8Y,0.8503,PASS
pt::B008GVM9K4,0.5670,RETRY
pt::B009AR2MF0,0.8774,PASS
pt::B00000J1SC,0.6281,RETRY
pt::B00004WLJ2,0.6949,RETRY
pt::B0000A0VET,0.8620,PASS
pt::B0001M3N7O,0.8187,PASS
pt::B00076WOC4,0.7807,PASS
pt::B00083J67C,0.8470,PASS
pt::B001K4YWCW,0.8735,PASS
pt::B001UEBN42,0.8594,PASS
pt::B0021XOILG,0.8631,PASS
pt::B004HW73S4,0.8906,PASS
pt::B004M8SVHK,0.8721,PASS
pt::B004M97H9W,0.7245,PASS
pt::B005ERS830,0.8803,PASS
pt::B005GZ235E,0.8490,PASS
pt::B005IGVXQQ,0.8747,PASS
pt::B005LJQMZC,0.8464,PASS
pt::B005LJQNQU,0.8597,PASS
pt::B005MWMBBM,0.8586,PASS
pt::B005NF5NTK,0.8126,PASS
pt::B006IKW90A,0.8230,PASS
pt::B007IFVSDI,0.8590,PASS
pt::B007IFVSYM,0.8236,PASS
pt::B007M58WWO,0.6896,RETRY
pt::B0087AUCSA,0.8565,PASS
pt::B009DMFOVG,0.7748,PASS
pt::B00006I52Z,0.8713,PASS
pt::B00006I53Q,0.8350,PASS
pt::B00009R9EP,0.7017,PASS
pt::B00009UTRW,0.5147,RETRY
pt::B0000AE67G,0.8680,PASS
pt::B0000AQI9E,0.8772,PASS
pt::B0000C4G78,0.8609,PASS
pt::B00014K2W6,0.8559,PASS
pt::B00015CQ2E,0.8218,PASS
pt::B00018U7KO,0.8551,PASS
pt::B0001GMIOE,0.8638,PASS
pt::B0002E3WKO,0.8143,PASS
pt::B0002EE5JQ,0.8135,PASS
pt::B0007G6RZE,0.8594,PASS
pt::B0007NIB74,0.8081,PASS
pt::B0007WRN6U,0.8720,PASS
pt::B00092HOHQ,0.8595,PASS
pt::B000CLNHXY,0.7609,PASS
pt::B000I2G6AS,0.7571,PASS
pt::B000ID6DTG,0.7798,PASS
pt::B001A1TMR0,0.8458,PASS
pt::B001N85NMI,0.8570,PASS
pt::B002RR6TZY,0.8741,PASS
pt::B00359EXYM,0.8789,PASS
pt::B003BYRO2Y,0.8450,PASS
pt::B003GSLFSO,0.7034,PASS
pt::B003H3A0FW,0.8553,PASS
pt::B003ICXCWA,0.6484,RETRY
pt::B003LZ4LBK,0.8486,PASS
pt::B0047T79TU,0.8570,PASS
pt::B004H8FNC6,0.8736,PASS
pt::B004W2T33W,0.8570,PASS
pt::B005FNYADA,0.8662,PASS
pt::B0084Y9V54,0.8628,PASS
pt::B0096YOQRY,0.8569,PASS
pt::B00004ZCKV,0.7945,PASS
pt::B00005ATZO,0.8829,PASS
pt::B00006JPES,0.8162,PASS
pt::B00009R90O,0.7812,PASS
pt::B00009R96C,0.8376,PASS
pt::B0001MQUOM,0.8798,PASS
pt::B0002MQGK4,0.8406,PASS
pt::B0006Z61EI,0.8625,PASS
pt::B0009HGVZW,0.4739,RETRY
pt::B000I2C80K,0.7431,PASS
pt::B000K9KRH2,0.8460,PASS
pt::B000OG1JTQ,0.8409,PASS
pt::B000ZD0CV4,0.8363,PASS
pt::B0014ZADVQ,0.8303,PASS
pt::B001CBKJGG,0.8436,PASS
pt::B001DAERT6,0.8581,PASS
pt::B001GKPOJK,0.8261,PASS
pt::B001H31D0U,0.6827,RETRY
pt::B001MLZKAQ,0.8271,PASS
pt::B001PKY2J4,0.8364,PASS
pt::B001RBXV20,0.7757,PASS
pt::B001WM73P0,0.6896,RETRY
pt::B002CVTVQ4,0.7312,PASS
pt::B002LPV6LY,0.7058,PASS
pt::B002VWK4JW,0.8878,PASS
pt::B00361EZX8,0.8689,PASS
pt::B003D5MY5I,0.8648,PASS
pt::B003DC8D8I,0.8755,PASS
pt::B003JTHN2C,0.8519,PASS
pt::B003UVCWLG,0.8197,PASS
pt::B003VVH8Y6,0.8039,PASS
pt::B00400NGOI,0.8387,PASS
pt::B00431V3BC,0.8039,PASS
pt::B0045RUZGI,0.8078,PASS
pt::B004COCMRO,0.8152,PASS
pt::B004KLAW30,0.8779,PASS
pt::B004NQHR12,0.8488,PASS
pt::B004PDY8QK,0.8444,PASS
pt::B004X68LJ4,0.8733,PASS
pt::B005C2A4DO,0.8536,PASS
pt::B006ZA8RCC,0.8664,PASS
pt::B006ZB39QU,0.7616,PASS
pt::B006ZCCH76,0.8661,PASS
pt::B006ZN0664,0.8384,PASS
pt::B0075SUEOM,0.8776,PASS
pt::B007KSQRNY,0.8389,PASS
pt::B007SA0B9U,0.8571,PASS
pt::B007XNKNA4,0.7712,PASS
pt::B008LTBIGW,0.8170,PASS
pt::B0000632GP,0.8132,PASS
pt::B0000CE1VP,0.8773,PASS
pt::B0000CE6R4,0.7800,PASS
pt::B0002INL4M,0.8402,PASS
pt::B000C0OF54,0.8777,PASS
pt::B000FIDTYG,0.7641,PASS
pt::B000FTHDOW,0.8631,PASS
pt::B000I661J0,0.8693,PASS
pt::B000J31N1S,0.8659,PASS
pt::B000KA7PD0,0.8761,PASS
pt::B000M9EREE,0.8586,PASS
pt::B000MGDM7K,0.7700,PASS
pt::B000N29KOW,0.8660,PASS
pt::B000VEOIEO,0.8752,PASS
pt::B000VJRSB4,0.8182,PASS
pt::B000WX7AQM,0.7596,PASS
pt::B0014KKV7W,0.8629,PASS
pt::B001AAQTXQ,0.8655,PASS
pt::B001E96INY,0.7702,PASS
pt::B001IAWBIK,0.8778,PASS
pt::B001PY420O,0.8422,PASS
pt::B00213FX38,0.5761,RETRY
pt::B0026HMKFI,0.8201,PASS
pt::B002H0YSRC,0.8571,PASS
pt::B002MA6FYG,0.8700,PASS
pt::B002NUP0D2,0.8730,PASS
pt::B002R2DCPY,0.8295,PASS
pt::B002ROGIT4,0.6237,RETRY
pt::B003FVVMS0,0.8297,PASS
pt::B00462RPGA,0.8349,PASS
pt::B004L2KQ48,0.8235,PASS
pt::B00507GV38,0.7836,PASS
pt::B005CX53RU,0.8329,PASS
pt::B0076AYNXM,0.8385,PASS
pt::B0076NA716,0.8810,PASS
pt::B00889ST2G,0.8764,PASS
pt::B008B14TQ6,0.8244,PASS
pt::B0098HVXVQ,0.7314,PASS
pt::B009B8EJYU,0.8541,PASS
pt::B00004TX77,0.7479,PASS
pt::B00006J053,0.8044,PASS
pt::B00009R6IA,0.6395,RETRY
pt::B00009R6QP,0.8281,PASS
pt::B00009R89A,0.8730,PASS
pt::B0000D8HK1,0.8629,PASS
pt::B0009HN57O,0.8198,PASS
pt::B0009NEUO0,0.8721,PASS
pt::B000EGGRG6,0.8539,PASS
pt::B000GLHDH6,0.8478,PASS
pt::B000IC2I7I,0.8125,PASS
pt::B000JJSQ9E,0.8318,PASS
pt::B000N56380,0.8303,PASS
pt::B000NPMLK4,0.7811,PASS
pt::B000XNR6RY,0.8737,PASS
pt::B000YIYNQ0,0.8780,PASS
pt::B000YJ0O9O,0.8820,PASS
pt::B001EAQTRI,0.7579,PASS
pt::B001JQJ8N4,0.8300,PASS
pt::B001Q9TTE2,0.8338,PASS
pt::B001TKRLPC,0.8740,PASS
pt::B0029M5B38,0.8633,PASS
pt::B0042HGAS8,0.8723,PASS
pt::B004MT7GGG,0.8489,PASS
pt::B004Z57X42,0.8627,PASS
pt::B0056TO3P8,0.8649,PASS
pt::B00585CLVS,0.7519,PASS
pt::B005GLFSYQ,0.7088,PASS
pt::B005SUHA32,0.8294,PASS
pt::B005SUXGY4,0.8364,PASS
pt::B006K551WQ,0.8811,PASS
pt::B0077V88YU,0.8657,PASS
pt::B007K3QVPI,0.8107,PASS
pt::B007RH5GZI,0.8464,PASS
pt::B007Y4NWQE,0.8472,PASS
pt::B0089KJSLK,0.8617,PASS
pt::B008IEGSGU,0.8759,PASS
pt::B008MIQGTQ,0.8515,PASS
pt::B008SGNJY2,0.7754,PASS
pt::B008XKRPD4,0.8491,PASS
pt::B0092W8BHQ,0.7943,PASS
pt::B0093YA7D4,0.7562,PASS
pt::B0001A99MO,0.8722,PASS
pt::B0002UB2Q4,0.8619,PASS
pt::B0006HTPQ2,0.8719,PASS
pt::B00091R6KC,0.7794,PASS
pt::B0009ORXE8,0.8750,PASS
pt::B0009ORXF2,0.8750,PASS
pt::B000AYJDD6,0.8813,PASS
pt::B000BSLU28,0.8705,PASS
pt::B000C1U8XG,0.6707,RETRY
pt::B000CHK7OA,0.8236,PASS
pt::B000G6M91G,0.8708,PASS
pt::B000GABCY2,0.8828,PASS
pt::B000K5WW1U,0.8525,PASS
pt::B000MPNUE6,0.8846,PASS
pt::B000MPRF9C,0.8705,PASS
pt::B000YBH4YU,0.8577,PASS
pt::B001AU62GA,0.8056,PASS
pt::B001F50UHM,0.8731,PASS
pt::B002ZBQ768,0.8847,PASS
pt::B003MWJKVI,0.8559,PASS
pt::B00404SUZ4,0.7085,PASS
pt::B0041RSPR8,0.8711,PASS
pt::B004RAQVY8,0.8477,PASS
pt::B0055QYJM4,0.8704,PASS
pt::B005FDWE4C,0.7588,PASS
pt::B005K6G7BU,0.7355,PASS
pt::B005KDYA44,0.8567,PASS
pt::B005NCS0WU,0.8240,PASS
pt::B005NCS304,0.7303,PASS
pt::B005PSLFGA,0.8599,PASS
pt::B005WXI31S,0.8508,PASS
pt::B005WXI3H2,0.8310,PASS
pt::B005WXQO3W,0.8569,PASS
pt::B006J70YRM,0.8739,PASS
pt::B0000A2QBX,0.5208,RETRY
pt::B000ENPDSW,0.8417,PASS
pt::B0010CKE7G,0.8430,PASS
pt::B0014IYZDK,0.8513,PASS
pt::B001CEYYFK,0.8699,PASS
pt::B001FR8PQS,0.8471,PASS
pt::B001FRA0IE,0.8635,PASS
pt::B001QVCMJ4,0.5863,RETRY
pt::B0024GQZXY,0.6512,RETRY
pt::B003HIXPGS,0.4955,RETRY
pt::B003JZU8DC,0.8656,PASS
pt::B0042SGDVG,0.8531,PASS
pt::B004K1FTI8,0.8420,PASS
pt::B004SUO450,0.7062,PASS
pt::B004TGHI9W,0.8576,PASS
pt::B004YIZVW6,0.8695,PASS
pt::B0050SLU6K,0.8599,PASS
pt::B005DIPWFC,0.7705,PASS
pt::B007FPIQZ4,0.8566,PASS
pt::B0081OY8B4,0.8572,PASS
pt::B00858I53S,0.8528,PASS
pt::B008VMT2HQ,0.8669,PASS
pt::B009654JW0,0.7941,PASS
pt::B009LU80RK,0.8700,PASS
pt::B000087LIG,0.8601,PASS
pt::B000089GN2,0.8811,PASS
pt::B00008OE6F,0.8420,PASS
pt::B000138SY6,0.7059,PASS
pt::B00023KG4U,0.7948,PASS
pt::B0007TY0CI,0.8404,PASS
pt::B000ASEB1G,0.8397,PASS
pt::B000B60H0G,0.8680,PASS
pt::B000EA0EDO,0.8865,PASS
pt::B000J3HTQG,0.8059,PASS
pt::B000MY38JE,0.8363,PASS
pt::B000P8AUMU,0.8621,PASS
pt::B000U0S1ZQ,0.8625,PASS
pt::B000U7NGCW,0.7555,PASS
pt::B000YCDU6U,0.6017,RETRY
pt::B0014KOI6M,0.8325,PASS
pt::B001C219C8,0.8616,PASS
pt::B001CZFJJO,0.8674,PASS
pt::B001ENSZ8Q,0.8146,PASS
pt::B001PUA91Y,0.8437,PASS
pt::B0026RHDO6,0.8422,PASS
pt::B002K27KW2,0.6949,RETRY
pt::B002QPY4NQ,0.7942,PASS
pt::B002RWJGIG,0.8304,PASS
pt::B00307RLZC,0.8537,PASS
pt::B0032ALW5M,0.8652,PASS
pt::B003FVNC0Q,0.8308,PASS
pt::B004GW5PTY,0.7863,PASS
pt::B004KABOZG,0.8467,PASS
pt::B0055851VA,0.8551,PASS
pt::B005LFQVUC,0.8698,PASS
pt::B007PJVB3Y,0.8350,PASS
pt::B009AR2MD2,0.8536,PASS
pt::B00005T3EW,0.8085,PASS
pt::B0002CZHN6,0.6307,RETRY
pt::B0002J2P2A,0.8415,PASS
pt::B0006PKY5A,0.8361,PASS
pt::B000JLPL7M,0.7841,PASS
pt::B000O5N5AI,0.8608,PASS
pt::B000QU8M9K,0.7873,PASS
pt::B000V1LX72,0.6327,RETRY
pt::B000V1O1L2,0.7236,PASS
pt::B000V1PAWQ,0.6706,RETRY
pt::B000V1R97U,0.5903,RETRY
pt::B00187VSLY,0.8564,PASS
pt::B001963VPU,0.7418,PASS
pt::B001EPVOQY,0.7066,PASS
pt::B001S2PYRI,0.8432,PASS
pt::B001SEQPHE,0.8790,PASS
pt::B001UE6MIO,0.8169,PASS
pt::B002B8WVVU,0.7111,PASS
pt::B002OHDIWY,0.8701,PASS
pt::B002YPS6T6,0.7270,PASS
pt::B00354MVP0,0.8498,PASS
pt::B003IV4Q4O,0.7381,PASS
pt::B003L13A7K,0.7302,PASS
pt::B0047WZOOO,0.8549,PASS
pt::B004C4SHQY,0.6981,RETRY
pt::B004D9WXCM,0.8322,PASS
pt::B004HO58L6,0.8779,PASS
pt::B00513H3D8,0.8575,PASS
pt::B005Y8K82I,0.8153,PASS
pt::B009GUL1VM,0.7903,PASS
pt::B000I8FZQI,0.7159,PASS
pt::B000MQJ19S,0.8754,PASS
pt::B000NW3M2S,0.8190,PASS
pt::B001498LIO,0.8406,PASS
pt::B001BTWSIG,0.8126,PASS
pt::B001D06BWC,0.8778,PASS
pt::B001IAOI86,0.8547,PASS
pt::B001NJSC0M,0.7603,PASS
pt::B002LITI8E,0.7394,PASS
pt::B002RJNLVW,0.8683,PASS
pt::B003YXZNOI,0.8786,PASS
pt::B004477D0A,0.8619,PASS
pt::B004DI7DFU,0.8775,PASS
pt::B004IA6N5E,0.8776,PASS
pt::B004LA8BVU,0.8667,PASS
pt::B005KQ9A14,0.7925,PASS
pt::B005UUS6MO,0.8778,PASS
pt::B00713DPM4,0.8627,PASS
pt::B007K9P7H0,0.8708,PASS
pt::B00000J3II,0.6649,RETRY
pt::B00004R8V6,0.8868,PASS
pt::B00004TDN2,0.8157,PASS
pt::B00004TL5Q,0.6799,RETRY
pt::B000055YX6,0.4247,RETRY
pt::B00005S0M5,0.8737,PASS
pt::B000065UTC,0.8712,PASS
pt::B000068BSC,0.8237,PASS
pt::B00006LK1O,0.8628,PASS
pt::B00007IFJY,0.8277,PASS
pt::B0000899ZB,0.7935,PASS
pt::B0000AKA90,0.8389,PASS
pt::B0000AKACN,0.8544,PASS
pt::B0000C20XC,0.5752,RETRY
pt::B0000C3GWV,0.8709,PASS
pt::B0000CC65P,0.8654,PASS
pt::B0000YB7RQ,0.8753,PASS
pt::B00011PYC2,0.8821,PASS
pt::B0001A967W,0.8733,PASS
pt::B0001G6U48,0.8461,PASS
pt::B0001WW3F2,0.7993,PASS
pt::B00021UJ62,0.7875,PASS
pt::B0002I71LG,0.8733,PASS
pt::B0006GR8CQ,0.7426,PASS
pt::B0006N2NOW,0.8482,PASS
pt::B0006N4X2C,0.8699,PASS
pt::B0007KX4TM,0.8699,PASS
pt::B0007Y79B2,0.8830,PASS
pt::B0009EXWJS,0.8563,PASS
pt::B000EP5MOA,0.8746,PASS
pt::B000GAUZFO,0.8571,PASS
pt::B000GJF76W,0.8741,PASS
pt::B000IN048C,0.8633,PASS
pt::B000Z3NFCC,0.8618,PASS
pt::B00181R8SM,0.7558,PASS
pt::B001IZYV3S,0.8601,PASS
pt::B001ULD744,0.8659,PASS
pt::B002FB7IWU,0.8736,PASS
pt::B0032ANCIW,0.7984,PASS
pt::B003FHNDF4,0.8135,PASS
pt::B003KH65TA,0.7755,PASS
pt::B0041MY32Y,0.8609,PASS
pt::B0049CQVEY,0.8490,PASS
pt::B004JZI78O,0.8672,PASS
pt::B004L6MLPQ,0.8673,PASS
pt::B004MYFTCY,0.8702,PASS
pt::B004NNUEYM,0.8402,PASS
pt::B004YIZW0W,0.8310,PASS
pt::B004YLCHLQ,0.8672,PASS
pt::B0057AVXTA,0.8345,PASS
pt::B005INAVHQ,0.8485,PASS
pt::B0083T1KDG,0.8441,PASS
pt::B00898IJ5S,0.8037,PASS
pt::B008O2HWAM,0.6727,RETRY
pt::B00006JQ4I,0.8450,PASS
pt::B00009W3BQ,0.6749,RETRY
pt::B00009W3BW,0.6170,RETRY
pt::B000VYSM14,0.8499,PASS
pt::B0012GC42S,0.8630,PASS
pt::B001HA91NY,0.8132,PASS
pt::B001IYCMNA,0.8614,PASS
pt::B001V9LQC0,0.8310,PASS
pt::B002CI9BEY,0.8467,PASS
pt::B002K0TU2C,0.6079,RETRY
pt::B002OEBIKQ,0.8763,PASS
pt::B002Y2NI4M,0.8336,PASS
pt::B003U4IROY,0.8598,PASS
pt::B004MYFTD8,0.8720,PASS
pt::B0058HBO46,0.8274,PASS
pt::B005A0B3FG,0.8289,PASS
pt::B005CUVNOK,0.8101,PASS
pt::B005IY48PG,0.8454,PASS
pt::B005J7YFLY,0.8374,PASS
pt::B005KQ2O2G,0.8115,PASS
pt::B005M1AC2I,0.8763,PASS
pt::B007V9SNNY,0.8484,PASS
pt::B0088LXTTM,0.7696,PASS
pt::B00004ZCA0,0.8762,PASS
pt::B00006HOAN,0.8583,PASS
pt::B00007E7UN,0.8795,PASS
pt::B00009ZY5C,0.8687,PASS
pt::B0000AG92Z,0.8072,PASS
pt::B0001L10Y8,0.8304,PASS
pt::B0001M2AVE,0.8703,PASS
pt::B0001Z99T2,0.5819,RETRY
pt::B000JC8WYA,0.8038,PASS
pt::B000MF303W,0.7945,PASS
pt::B000NOSCGM,0.8266,PASS
pt::B0011N17RU,0.8867,PASS
pt::B001DAT0XE,0.7768,PASS
pt::B001EOZUKQ,0.8254,PASS
pt::B001G9TYHE,0.8246,PASS
pt::B001M4HXSK,0.7775,PASS
pt::B001QWG1ZY,0.8772,PASS
pt::B001RB24S2,0.7306,PASS
pt::B001TP6TDW,0.6630,RETRY
pt::B0028A1PY0,0.7936,PASS
pt::B002KRU1IC,0.8021,PASS
pt::B002N7YCHA,0.8571,PASS
pt::B002SOBPH8,0.7659,PASS
pt::B002TTITJY,0.8688,PASS
pt::B002YTDE5I,0.8472,PASS
pt::B0038M3YM8,0.7941,PASS
pt::B0038VETHS,0.8556,PASS
pt::B003BRURLG,0.8622,PASS
pt::B003MRMN1C,0.8119,PASS
pt::B003TY10AS,0.7371,PASS
pt::B003UKRJG0,0.8315,PASS
pt::B0040UOP20,0.7178,PASS
pt::B00447VJMS,0.8451,PASS
pt::B004536LUG,0.8415,PASS
pt::B0045JMMCG,0.8392,PASS
pt::B0047EKLWW,0.8161,PASS
pt::B004I1E5V2,0.8515,PASS
pt::B004I4BS1E,0.7837,PASS
pt::B004MKNKQA,0.8331,PASS
pt::B004QQY2JO,0.7455,PASS
pt::B004S68YEQ,0.8053,PASS
pt::B004SNL9ZK,0.4512,RETRY
pt::B004SO876S,0.8593,PASS
pt::B004ZLUZOG,0.8876,PASS
pt::B0050DZA4S,0.8601,PASS
pt::B005B0SDNK,0.8769,PASS
pt::B005DBEA52,0.7418,PASS
pt::B005G89KI4,0.8327,PASS
pt::B005MJWGJC,0.8758,PASS
pt::B005QT895I,0.8312,PASS
pt::B005WQR2QM,0.8008,PASS
pt::B0062AYFWG,0.8624,PASS
pt::B0062F1K3S,0.8360,PASS
pt::B0067WURIK,0.7869,PASS
pt::B006EDQVQ4,0.7209,PASS
pt::B006GTDQ7S,0.8811,PASS
pt::B006R38IJY,0.7532,PASS
pt::B0070QPA3Y,0.8677,PASS
pt::B0071STU1O,0.8312,PASS
pt::B007E4PUT6,0.7460,PASS
pt::B007MZCXN8,0.6978,RETRY
pt::B007X6MVZQ,0.6885,RETRY
pt::B0081SS5C8,0.8621,PASS
pt::B00849KQD0,0.7749,PASS
pt::B008CCHXJE,0.8664,PASS
pt::B0093RLURS,0.8260,PASS
pt::B009E3VFDA,0.8808,PASS
pt::B000A6LSVY,0.8845,PASS
pt::B000MAJVIK,0.8726,PASS
pt::B000NUYVWK,0.8663,PASS
pt::B0039UUPFS,0.8740,PASS
pt::B0047H2KZK,0.8199,PASS
pt::B004I8WH74,0.8379,PASS
pt::B005NCLDEC,0.8535,PASS
pt::B00630WKGI,0.8599,PASS
pt::B0076POB8O,0.8577,PASS
pt::B007GMPZ9Q,0.8420,PASS
pt::B007T5CXWW,0.8728,PASS
pt::B007ZIQYPK,0.8266,PASS
pt::B0096YOQE2,0.8480,PASS
pt::B0000AZ67Z,0.8476,PASS
pt::B003XDU2XG,0.8258,PASS
pt::B003ZS0UXG,0.7992,PASS
pt::B004IT27PK,0.8373,PASS
pt::B005A0B49Q,0.8171,PASS
pt::B006WFV830,0.6294,RETRY
pt::B007NSR0AK,0.8696,PASS
pt::B00001OPJ1,0.8096,PASS
pt::B00005B8HU,0.8674,PASS
pt::B00005NBR6,0.8277,PASS
pt::B00005NWV1,0.8553,PASS
pt::B00005QIPU,0.8700,PASS
pt::B000062TTF,0.8498,PASS
pt::B00006B9HC,0.8615,PASS
pt::B00007EDM0,0.7901,PASS
pt::B000085BCX,0.8569,PASS
pt::B00008RW8L,0.7879,PASS
pt::B00009APTT,0.8231,PASS
pt::B0000ABPKG,0.8356,PASS
pt::B0000BZO6E,0.7908,PASS
pt::B0000DFZ67,0.8546,PASS
pt::B0000DIET2,0.8301,PASS
pt::B00018BN48,0.8628,PASS
pt::B0001DHHI4,0.7834,PASS
pt::B0001JXAF2,0.8354,PASS
pt::B0001PFO3C,0.8335,PASS
pt::B0002DV9DC,0.8668,PASS
pt::B0002T3UQ0,0.8824,PASS
pt::B0002UBDDG,0.8651,PASS
pt::B00062WV7C,0.8533,PASS
pt::B0006HPCLY,0.8609,PASS
pt::B00079PNTM,0.8763,PASS
pt::B0007IG23Y,0.7616,PASS
pt::B0007M610Y,0.8776,PASS
pt::B0007N55OQ,0.8697,PASS
pt::B0009MFQ1M,0.8742,PASS
pt::B0009N5MDI,0.8823,PASS
pt::B000B622D6,0.8761,PASS
pt::B000BGOWIE,0.8495,PASS
pt::B000BMP7IW,0.8145,PASS
pt::B000BO0SGG,0.8600,PASS
pt::B000EUJD3G,0.8564,PASS
pt::B000HCMTJG,0.7728,PASS
pt::B000IGCC3Y,0.8737,PASS
pt::B000MNKXB6,0.8516,PASS
pt::B000O0XW7E,0.8677,PASS
pt::B000O3N74E,0.8747,PASS
pt::B000OOZVD8,0.8690,PASS
pt::B000PEPCEK,0.8642,PASS
pt::B000PHX68G,0.8651,PASS
pt::B000R6QAHO,0.8533,PASS
pt::B000TII90G,0.8830,PASS
pt::B0017KG70O,0.8700,PASS
pt::B001G5Z82I,0.6525,RETRY
pt::B001NZ8PHQ,0.8830,PASS
pt::B001S2PK72,0.8730,PASS
pt::B0023B1364,0.8378,PASS
pt::B00385XTWA,0.8803,PASS
pt::B003LPUUDS,0.6306,RETRY
pt::B003Z6QH5S,0.8835,PASS
pt::B0046SXKO0,0.8712,PASS
pt::B004JXVLM0,0.8601,PASS
pt::B0050SPZKW,0.8727,PASS
pt::B00549AEAI,0.8700,PASS
pt::B005JZP3IU,0.7667,PASS
pt::B008RRAY1I,0.8704,PASS
pt::B00004WCI7,0.8416,PASS
pt::B0002ZQHFA,0.8510,PASS
pt::B000G7WYZG,0.8294,PASS
pt::B000GOUE7O,0.8117,PASS
pt::B000I42XWQ,0.8435,PASS
pt::B000I5L4DE,0.8617,PASS
pt::B000L9OIQC,0.8192,PASS
pt::B0013J0502,0.7964,PASS
pt::B001E3XLZS,0.8646,PASS
pt::B001ET6QFY,0.8454,PASS
pt::B001HBIYG8,0.7164,PASS
pt::B001P11EGM,0.8014,PASS
pt::B0029QGQ5Q,0.8153,PASS
pt::B002I9OBPG,0.5877,RETRY
pt::B003G2YZ4G,0.8330,PASS
pt::B003VKTJGW,0.7724,PASS
pt::B003XEZ33Y,0.7444,PASS
pt::B003ZHV70C,0.8840,PASS
pt::B004481BPC,0.7443,PASS
pt::B00475EOL0,0.8005,PASS
pt::B0047A9FQ4,0.8389,PASS
pt::B0049RLM3O,0.7017,PASS
pt::B004M8ST2W,0.8644,PASS
pt::B004M8SU0I,0.6394,RETRY
pt::B005X64MOG,0.8356,PASS
pt::B005Y8JMHU,0.7942,PASS
pt::B0061U0SUK,0.8576,PASS
pt::B007BYLLNI,0.7867,PASS
pt::B007DBJ2TY,0.8499,PASS
pt::B00004Z0BN,0.8692,PASS
pt::B00005AB9R,0.8628,PASS
pt::B00005ABC5,0.8374,PASS
pt::B00005ABC9,0.8581,PASS
pt::B000063EMD,0.7901,PASS
pt::B000068UY6,0.8716,PASS
pt::B00008VSL3,0.7785,PASS
pt::B0000DC65O,0.8539,PASS
pt::B000234W04,0.7966,PASS
pt::B0002IG356,0.8334,PASS
pt::B00061J2BQ,0.8407,PASS
pt::B00077KMXG,0.8501,PASS
pt::B00079AGU8,0.8623,PASS
pt::B0007CGXPM,0.8705,PASS
pt::B000ELOQGE,0.8520,PASS
pt::B000ESN9GA,0.8493,PASS
pt::B000I4UQZM,0.8549,PASS
pt::B000IE1KZC,0.8688,PASS
pt::B000INZRZW,0.8426,PASS
pt::B000N8NDX0,0.8255,PASS
pt::B001NJ27QM,0.8530,PASS
pt::B002M78L0U,0.8770,PASS
pt::B002WETYNG,0.8613,PASS
pt::B0036VO67I,0.8598,PASS
pt::B0038W0K1G,0.8735,PASS
pt::B003DXI288,0.8537,PASS
pt::B00426C55G,0.8680,PASS
pt::B00427Z7MI,0.8540,PASS
pt::B0049MPQGI,0.7642,PASS
pt::B004X8EOB6,0.8584,PASS
pt::B0052WPUI8,0.8533,PASS
pt::B005MIDB7E,0.7531,PASS
pt::B00723KZTY,0.7898,PASS
pt::B007RESGGC,0.7904,PASS
pt::B00004U89W,0.7615,PASS
pt::B00006HVLW,0.7990,PASS
pt::B0002343AS,0.8279,PASS
pt::B000EPLP3C,0.8917,PASS
pt::B000NK6DZI,0.8754,PASS
pt::B000RY2PLQ,0.8746,PASS
pt::B000TS7I6C,0.7795,PASS
pt::B001MSZBNA,0.7566,PASS
pt::B00387EW1K,0.8228,PASS
pt::B003BWWLWY,0.7309,PASS
pt::B0041OUA38,0.8313,PASS
pt::B004SBI2PW,0.8803,PASS
pt::B005UA65YA,0.8142,PASS
pt::B00654PTT2,0.8432,PASS
pt::B000021YU8,0.6711,RETRY
pt::B00005QSQJ,0.7449,PASS
pt::B00022VZ0K,0.8416,PASS
pt::B0002BEUZS,0.8649,PASS
pt::B0002GUBIS,0.7238,PASS
pt::B0007TC9LW,0.8458,PASS
pt::B000ETXOC8,0.8807,PASS
pt::B000FCP1NO,0.8776,PASS
pt::B000GU88CQ,0.5964,RETRY
pt::B000JV3A20,0.8591,PASS
pt::B000M4J2LM,0.8854,PASS
pt::B000MOS8GW,0.7871,PASS
pt::B0011YZ018,0.8608,PASS
pt::B0015AFONW,0.8726,PASS
pt::B0015AFWC0,0.7970,PASS
pt::B0016AJS5Q,0.7687,PASS
pt::B0016GS1DK,0.8479,PASS
pt::B001BFS0H8,0.7662,PASS
pt::B001BY97IU,0.8475,PASS
pt::B001DXJJIM,0.8700,PASS
pt::B001OBSKPG,0.8692,PASS
pt::B001UB09G8,0.7521,PASS
pt::B002PJESBG,0.8062,PASS
pt::B002RO8YK0,0.5396,RETRY
pt::B003EO8UNI,0.8037,PASS
pt::B003ICXD0G,0.8223,PASS
pt::B003W64AQE,0.8588,PASS
pt::B003ZUJ68O,0.8744,PASS
pt::B00489O122,0.8314,PASS
pt::B004DB5LLK,0.7690,PASS
pt::B004LNOSQO,0.8750,PASS
pt::B004S76NH0,0.7758,PASS
pt::B005X64MPA,0.8387,PASS
pt::B005X64OQW,0.8121,PASS
pt::B0076LTKTS,0.8250,PASS
pt::B0076SIJPW,0.8129,PASS
pt::B007POCITA,0.6052,RETRY
pt::B009APC0S6,0.8619,PASS
pt::B000HCRVSK,0.8772,PASS
pt::B000MQYBTI,0.8742,PASS
pt::B001AMSPQI,0.8763,PASS
pt::B001OMGXO0,0.7624,PASS
pt::B001PK6C7Y,0.8440,PASS
pt::B0023RRNCQ,0.8395,PASS
pt::B004YIZXF6,0.8595,PASS
pt::B0054TR5D2,0.8164,PASS
pt::B007PFWW0Y,0.8452,PASS
pt::B00004U5VM,0.8561,PASS
pt::B00005A9AU,0.8528,PASS
pt::B00006JQ6C,0.8149,PASS
pt::B000271OX8,0.8726,PASS
pt::B0002R282O,0.8810,PASS
pt::B000AM8WQM,0.8734,PASS
pt::B000H9J3WA,0.7851,PASS
pt::B000WJOF1O,0.8339,PASS
pt::B0012QCYNM,0.8535,PASS
pt::B0012Y541S,0.8432,PASS
pt::B0016J1EC2,0.8595,PASS
pt::B001BCCLIA,0.7338,PASS
pt::B001QFZMCO,0.8765,PASS
pt::B001UAB4TU,0.8809,PASS
pt::B002HHLI0K,0.8801,PASS
pt::B003N7P994,0.8100,PASS
pt::B003OEJLF4,0.7853,PASS
pt::B003Y2GTG0,0.8458,PASS
pt::B0040HJOO2,0.8561,PASS
pt::B004G3NW5M,0.7366,PASS
pt::B004HO59M4,0.8601,PASS
pt::B004K33S66,0.6817,RETRY
pt::B0051PSQQ4,0.7356,PASS
pt::B0051XDOZO,0.7654,PASS
pt::B005DFI5ZY,0.8505,PASS
pt::B005K8AUOI,0.8720,PASS
pt::B005OUQXD4,0.8641,PASS
pt::B006CRVZM2,0.8249,PASS
pt::B007NQDNHG,0.6855,RETRY
pt::B007OI6VQI,0.7500,PASS
pt::B007PCP2OU,0.8423,PASS
pt::B008MLAT78,0.8394,PASS
pt::B009BXXXL0,0.7838,PASS
pt::B009DJ1OFY,0.8670,PASS
pt::B009DJ1THW,0.8670,PASS
pt::B009HPC21Y,0.8505,PASS
pt::B00005UK9P,0.8393,PASS
pt::B0007M3PK8,0.8464,PASS
pt::B0007QN874,0.8611,PASS
pt::B0007Y7976,0.8252,PASS
pt::B000OD05U8,0.8694,PASS
pt::B0015AD1PK,0.7703,PASS
pt::B003960G1U,0.8524,PASS
pt::B003B3P2D8,0.8647,PASS
pt::B003ELOSXM,0.8439,PASS
pt::B004YQX0SK,0.8658,PASS
pt::B00604RZ12,0.8470,PASS
pt::B0094R4POC,0.8691,PASS
pt::B00005LENH,0.8172,PASS
pt::B00005LENR,0.8114,PASS
pt::B000NOEDGK,0.8441,PASS
pt::B000SDPMEI,0.8312,PASS
pt::B001OI2YZQ,0.8668,PASS
pt::B004CQIVH2,0.4785,RETRY
pt::B004T9RR4A,0.8522,PASS
pt::B005C50H2Y,0.8466,PASS
pt::B00005T3Y9,0.8486,PASS
pt::B00006B8CM,0.8087,PASS
pt::B00007LTBA,0.8302,PASS
pt::B000B5XU06,0.8771,PASS
pt::B000BYCNM8,0.7842,PASS
pt::B000E17CK6,0.7456,PASS
pt::B000JNYWBG,0.8792,PASS
pt::B00493QWB0,0.8779,PASS
pt::B004BDKP6Q,0.7880,PASS
pt::B004I44F50,0.7480,PASS
pt::B004OA6VXC,0.7879,PASS
pt::B006YP41I2,0.8813,PASS
pt::B00728ZAEY,0.8816,PASS
pt::B007FL2794,0.8492,PASS
pt::B007HBLXI8,0.8150,PASS
pt::B0001LTT5K,0.8475,PASS
pt::B0008JIXK2,0.8788,PASS
pt::B000GE9XQ2,0.8505,PASS
pt::B000H859RE,0.8677,PASS
pt::B000H92BTM,0.8362,PASS
pt::B000M4OANM,0.8647,PASS
pt::B000N50RXC,0.8568,PASS
pt::B000RKUKMG,0.8242,PASS
pt::B00128458M,0.8950,PASS
pt::B0015AQLJI,0.8756,PASS
pt::B00197KBNE,0.8246,PASS
pt::B001AK3HQ8,0.8677,PASS
pt::B001CF2TYC,0.8704,PASS
pt::B001L5U1H0,0.8710,PASS
pt::B001Q2FM5E,0.8600,PASS
pt::B002FECHQ4,0.8678,PASS
pt::B002OHDGSA,0.8499,PASS
pt::B003ARSO08,0.8348,PASS
pt::B003ARSZ0C,0.8649,PASS
pt::B0040YGJDY,0.8804,PASS
pt::B0055CARAQ,0.7807,PASS
pt::B0077SAYY0,0.8728,PASS
pt::B00000JDF5,0.7637,PASS
pt::B0000E1717,0.8265,PASS
pt::B001V9LA44,0.8829,PASS
pt::B002GU5XKO,0.8630,PASS
pt::B002UK17ZA,0.8546,PASS
pt::B0033PROP8,0.8739,PASS
pt::B00370BDAQ,0.8455,PASS
pt::B0047H2KYG,0.8524,PASS
pt::B004XYJKHS,0.8811,PASS
pt::B0051QZEHC,0.8469,PASS
pt::B005FKT70O,0.8800,PASS
pt::B005IPMIBQ,0.7071,PASS
pt::B0065WM4PQ,0.6473,RETRY
pt::B007B61GAO,0.8651,PASS
pt::B0082XN4PA,0.8728,PASS
pt::B0085H662G,0.8572,PASS
pt::B00009N7CK,0.8639,PASS
pt::B0000DC643,0.8308,PASS
pt::B0002QLDLC,0.8164,PASS
pt::B0006MVJUW,0.7722,PASS
pt::B000K50HJE,0.8520,PASS
pt::B000TD6QLK,0.8164,PASS
pt::B000TDCJHK,0.8391,PASS
pt::B000WFUGRA,0.8439,PASS
pt::B000WXBY7I,0.6933,RETRY
pt::B00126R3P6,0.8477,PASS
pt::B0015A8UK6,0.8809,PASS
pt::B0019LM9AS,0.8558,PASS
pt::B001AMSPAO,0.8680,PASS
pt::B001BAWU5Q,0.8680,PASS
pt::B001CJOLBW,0.6745,RETRY
pt::B001DUQU0A,0.8225,PASS
pt::B001EKQQ5S,0.8757,PASS
pt::B001GI9JWA,0.7391,PASS
pt::B001GXQOUU,0.8683,PASS
pt::B001M0MPKK,0.7901,PASS
pt::B001Q9ERCG,0.5358,RETRY
pt::B001TK9SEE,0.8396,PASS
pt::B002JN554C,0.8593,PASS
pt::B002LQ5B4Q,0.7859,PASS
pt::B002TA7VO2,0.8650,PASS
pt::B003922WES,0.8547,PASS
pt::B003A9LH28,0.8127,PASS
pt::B003EMJ34U,0.7867,PASS
pt::B003KGBBRW,0.8536,PASS
pt::B003USISNK,0.8576,PASS
pt::B003WUX6PG,0.7918,PASS
pt::B003ZSHNEA,0.8232,PASS
pt::B0042HLHVI,0.7165,PASS
pt::B004A8PTAE,0.8745,PASS
pt::B004C5MVBK,0.8662,PASS
pt::B004DVEWH4,0.8763,PASS
pt::B004T1YAEI,0.8056,PASS
pt::B004U3MQQY,0.8257,PASS
pt::B0055UFJQ0,0.8613,PASS
pt::B005GA1N7I,0.8441,PASS
pt::B005T3GPXE,0.7779,PASS
pt::B005XULTG6,0.8742,PASS
pt::B00713RT6M,0.7643,PASS
pt::B007TEEB0U,0.8431,PASS
pt::B0087KGMUC,0.8456,PASS
pt::B0090T8ESM,0.8476,PASS
pt::B000069K8N,0.8763,PASS
pt::B0000AC88K,0.7347,PASS
pt::B0002Y5WW0,0.8506,PASS
pt::B000HAR8UI,0.8655,PASS
pt::B000WDW6G6,0.8539,PASS
pt::B0010DIK3U,0.8032,PASS
pt::B00134LUE2,0.7273,PASS
pt::B0019D6H2M,0.8083,PASS
pt::B001AE30SY,0.7708,PASS
pt::B001B91VNY,0.8698,PASS
pt::B001E2V7R8,0.8359,PASS
pt::B001J8TBNO,0.8425,PASS
pt::B001JTTVT2,0.8364,PASS
pt::B001T2ABWA,0.8502,PASS
pt::B0027BUS0M,0.8521,PASS
pt::B002834G6G,0.8370,PASS
pt::B002F0BIPY,0.8449,PASS
pt::B002S53IG8,0.8113,PASS
pt::B002TMPWH8,0.8168,PASS
pt::B002XNQHNQ,0.8473,PASS
pt::B00302RQPW,0.8461,PASS
pt::B003H37QZ4,0.8537,PASS
pt::B003HGHR82,0.8453,PASS
pt::B003I8GFNW,0.7859,PASS
pt::B003TIHPC6,0.7624,PASS
pt::B004083FG4,0.7984,PASS
pt::B004UBU3SY,0.8440,PASS
pt::B004Z9XG0I,0.7087,PASS
pt::B00505F01E,0.8611,PASS
pt::B0053V17DK,0.8009,PASS
pt::B005NTHXYY,0.8504,PASS
pt::B005TIJ1G2,0.7746,PASS
pt::B007RIFKUI,0.7825,PASS
pt::B007WTV092,0.8035,PASS
pt::B008ISKDL2,0.8550,PASS
pt::B008TLQ5RY,0.8505,PASS
pt::B009I0ZDXW,0.7910,PASS
pt::B000001ON6,0.8450,PASS
pt::B000I6F0T2,0.8693,PASS
pt::B0013CXZZ6,0.8010,PASS
pt::B0014YGANC,0.8684,PASS
pt::B001TI9Y2M,0.8414,PASS
pt::B003EEMDMC,0.8607,PASS
pt::B00452V1ZW,0.8722,PASS
pt::B0047E8DN6,0.7750,PASS
pt::B004QM8CJO,0.7568,PASS
pt::B0052UQYWQ,0.8386,PASS
pt::B005FDOCS8,0.8711,PASS
pt::B0071CE2ZE,0.8608,PASS
pt::B00746YZS6,0.8732,PASS
pt::B007JBN6AO,0.7162,PASS
pt::B007PRHMOS,0.7687,PASS
pt::B007ZFP3MS,0.8312,PASS
pt::B007ZFTSP6,0.5429,RETRY
pt::B0082XN57W,0.8592,PASS
pt::B008B1125W,0.8564,PASS
pt::B008DBI5RI,0.8660,PASS
pt::B008JBRHJ4,0.8145,PASS
pt::B00006346W,0.5802,RETRY
pt::B00006HVWL,0.8739,PASS
pt::B00006RHOD,0.7813,PASS
pt::B00009X45Q,0.5009,RETRY
pt::B0000E2PMA,0.8533,PASS
pt::B0002E1TWC,0.7246,PASS
pt::B000BBYH7U,0.7215,PASS
pt::B000M3ILF6,0.8524,PASS
pt::B000YIYQ5I,0.8720,PASS
pt::B0014175OI,0.8188,PASS
pt::B002V1F5FQ,0.8545,PASS
pt::B0030XXH1S,0.8491,PASS
pt::B0036WS4D4,0.8838,PASS
pt::B003H394V8,0.7659,PASS
pt::B003ZUXXWO,0.8414,PASS
pt::B006FKRSUY,0.8367,PASS
pt::B0000512E1,0.7761,PASS
pt::B00009R6K7,0.8669,PASS
pt::B000RJNSL2,0.8480,PASS
pt::B001JD3R7U,0.7534,PASS
pt::B001KZGQZM,0.8399,PASS
pt::B001N0OFHU,0.8527,PASS
pt::B002107HBC,0.8425,PASS
pt::B002EL4RIO,0.8715,PASS
pt::B002IT1BGI,0.8484,PASS
pt::B002NX7M9O,0.8518,PASS
pt::B00330O2U8,0.8599,PASS
pt::B003D16NN6,0.8492,PASS
pt::B003N4D7BE,0.8338,PASS
pt::B00409EJ40,0.7926,PASS
pt::B0041EL7JY,0.8004,PASS
pt::B0042221E0,0.7361,PASS
pt::B004FP5E5M,0.8013,PASS
pt::B004HREPCQ,0.8539,PASS
pt::B004P65UC8,0.8570,PASS
pt::B004RKQMCY,0.8405,PASS
pt::B004Y4ZR7E,0.8609,PASS
pt::B0056QFARQ,0.7543,PASS
pt::B005ENV5QQ,0.8695,PASS
pt::B005OPYH7I,0.8221,PASS
pt::B005VALUGW,0.8640,PASS
pt::B0064C01OS,0.8439,PASS
pt::B0068SV23W,0.7619,PASS
pt::B006EK0LZO,0.8685,PASS
pt::B006K55716,0.6728,RETRY
pt::B006ZH1WQI,0.8279,PASS
pt::B0076DKLA8,0.7928,PASS
pt::B007G7X00C,0.6222,RETRY
pt::B007SHJIP6,0.8680,PASS
pt::B00857INEA,0.7093,PASS
pt::B008D1RMGI,0.7394,PASS
pt::B0093F4ROI,0.8020,PASS
pt::B000058EGT,0.8692,PASS
pt::B0009PAVI2,0.8537,PASS
pt::B000FBSREK,0.8469,PASS
pt::B000J1DA3Y,0.8090,PASS
pt::B000ND75C0,0.8403,PASS
pt::B000R99GJ0,0.8247,PASS
pt::B0019C4OLY,0.8705,PASS
pt::B0019C4OO6,0.8509,PASS
pt::B001B1AR50,0.8716,PASS
pt::B001D8J7CA,0.8364,PASS
pt::B001DCE672,0.8746,PASS
pt::B001NOJO4U,0.8426,PASS
pt::B001OC5JM2,0.7633,PASS
pt::B001P1B7B4,0.8759,PASS
pt::B001P5C9RQ,0.7583,PASS
pt::B001P804SO,0.7371,PASS
pt::B0029LHVLO,0.8646,PASS
pt::B002BG5SFS,0.8596,PASS
pt::B002DUD1RE,0.8576,PASS
pt::B002KG6HZO,0.8465,PASS
pt::B002OB49SC,0.8635,PASS
pt::B002SNBAX8,0.8470,PASS
pt::B002USAIYS,0.8603,PASS
pt::B0032AMXEG,0.8748,PASS
pt::B0038BM7F4,0.7386,PASS
pt::B003BYRMGC,0.8700,PASS
pt::B003CK10DG,0.8009,PASS
pt::B003D3NDD2,0.8699,PASS
pt::B003ELOSP0,0.8683,PASS
pt::B003FP7PDW,0.8773,PASS
pt::B003GALRI0,0.8681,PASS
pt::B003HIXOMI,0.8615,PASS
pt::B004I3VZJK,0.8641,PASS
pt::B004K1EO7U,0.8729,PASS
pt::B004NIAG5E,0.8695,PASS
pt::B00576T1GG,0.8679,PASS
pt::B005F9BKP0,0.8787,PASS
pt::B005TUQUZA,0.8720,PASS
pt::B005TUQV0E,0.8728,PASS
pt::B0080C21Y8,0.8752,PASS
pt::B0082PZ0LO,0.8421,PASS
pt::B009B0MYLS,0.8902,PASS
pt::B000U92H34,0.8756,PASS
pt::B000WURCD6,0.8639,PASS
pt::B00193PR9Q,0.8787,PASS
pt::B001F42MKG,0.7750,PASS
pt::B001FOR1F2,0.8781,PASS
pt::B002W2B96S,0.8304,PASS
pt::B0031RGKVC,0.8742,PASS
pt::B004HD5EXO,0.7731,PASS
pt::B004SGSH3E,0.8726,PASS
pt::B004TLH7C0,0.8726,PASS
pt::B007136EDG,0.8530,PASS
pt::B007JAQBZW,0.8425,PASS
pt::B00006RHZG,0.8535,PASS
pt::B00008Z1PS,0.8761,PASS
pt::B0000DYTDJ,0.8900,PASS
pt::B0007M6118,0.8741,PASS
pt::B000MSOC22,0.8718,PASS
pt::B000NVTZXY,0.8712,PASS
pt::B000OG88NQ,0.8411,PASS
pt::B000OL3QTW,0.8782,PASS
pt::B000VWKSFE,0.8539,PASS
pt::B0013XJCHK,0.8478,PASS
pt::B001EYU8FI,0.8732,PASS
pt::B001RNO92Y,0.8572,PASS
pt::B0021L9C00,0.8776,PASS
pt::B0028Y4DDG,0.8571,PASS
pt::B003BEDQQM,0.8662,PASS
pt::B00427ZLRO,0.8682,PASS
pt::B004CYEQB4,0.8723,PASS
pt::B004SKBJP8,0.8549,PASS
pt::B005058B60,0.8332,PASS
pt::B005058B6A,0.8138,PASS
pt::B005AIR2TE,0.8546,PASS
pt::B005J5TZQ6,0.8708,PASS
pt::B007C1KNFW,0.8734,PASS
pt::B0088PU86K,0.8552,PASS
pt::B009AU2JPU,0.8727,PASS
pt::B0001I95CA,0.8465,PASS
pt::B00067OEPE,0.8707,PASS
pt::B0007N33IQ,0.8684,PASS
pt::B000GQMHBI,0.6844,RETRY
pt::B000H9J3ZC,0.8757,PASS
pt::B001EQ4C4E,0.8805,PASS
pt::B001KUV2BK,0.8343,PASS
pt::B001LXMF80,0.6097,RETRY
pt::B0033PROPS,0.8623,PASS
pt::B003FMUP2I,0.8719,PASS
pt::B003FSTAGY,0.8853,PASS
pt::B004AM6E9U,0.7369,PASS
pt::B004PNAA44,0.8519,PASS
pt::B005FPT56K,0.8396,PASS
pt::B00006B9CR,0.8495,PASS
pt::B00008VF4A,0.6306,RETRY
pt::B000CMS0XU,0.8181,PASS
pt::B000FIVDIA,0.8593,PASS
pt::B000MUXW2G,0.8439,PASS
pt::B0014JIKH6,0.5243,RETRY
pt::B001AG300A,0.8474,PASS
pt::B002MXXBKY,0.8708,PASS
pt::B002UDK9U6,0.8561,PASS
pt::B0032UUGF4,0.6927,RETRY
pt::B0032UWTQI,0.8826,PASS
pt::B00351F1Q4,0.8360,PASS
pt::B0035EYGYO,0.8722,PASS
pt::B0036ORCIU,0.6333,RETRY
pt::B003B3P2BU,0.8631,PASS
pt::B003VWU2WA,0.8573,PASS
pt::B004HW7E7E,0.8736,PASS
pt::B004JLNZXU,0.8047,PASS
pt::B004XJCCQO,0.7960,PASS
pt::B0058J1QYC,0.8529,PASS
pt::B005DD28XG,0.8613,PASS
pt::B005FM6DOA,0.7810,PASS
pt::B005FSHIVG,0.8256,PASS
pt::B005LTU54Q,0.6744,RETRY
pt::B005PBJF6O,0.8142,PASS
pt::B0067SF63A,0.8284,PASS
pt::B00691YKE6,0.7560,PASS
pt::B008LURQ76,0.7630,PASS
pt::B008OHRJ32,0.8594,PASS
pt::B008R77ZCO,0.8084,PASS
pt::B008S1ZRLU,0.8447,PASS
pt::B00918MEZG,0.8278,PASS
pt::B00006JPDI,0.8363,PASS
pt::B0001A3N6C,0.8633,PASS
pt::B000FA7PQ2,0.7635,PASS
pt::B000L484VW,0.5053,RETRY
pt::B000OG6I6A,0.8543,PASS
pt::B000R4L4CM,0.5718,RETRY
pt::B000UNVNJY,0.8669,PASS
pt::B000VVZ0EO,0.8751,PASS
pt::B001FAQVWA,0.8694,PASS
pt::B002FU5QM0,0.8814,PASS
pt::B003GAEW6Y,0.8716,PASS
pt::B005N8W214,0.8833,PASS
pt::B005VO7LG6,0.8616,PASS
pt::B0097FZRYI,0.8448,PASS
pt::B00006B81J,0.7701,PASS
pt::B00011Y1MQ,0.8855,PASS
pt::B0015HOFZI,0.8071,PASS
pt::B001FA1SIM,0.8635,PASS
pt::B002AKKFPI,0.8661,PASS
pt::B002SG7LUQ,0.8567,PASS
pt::B00313JD06,0.8615,PASS
pt::B0041G633W,0.8656,PASS
pt::B0045DPEHW,0.8750,PASS
pt::B0046A8R3M,0.7210,PASS
pt::B004H8FN8A,0.8667,PASS
pt::B004VEKS76,0.7483,PASS
pt::B004XUALVQ,0.8368,PASS
pt::B004Z50L6E,0.8470,PASS
pt::B008UG6GCC,0.8065,PASS
pt::B00009R6WN,0.8436,PASS
pt::B00009XVDP,0.8085,PASS
pt::B00114162K,0.8522,PASS
pt::B00452UX8S,0.7549,PASS
pt::B004GKM9SG,0.8660,PASS
pt::B0062HIPMA,0.6849,RETRY
pt::B007JGBD2M,0.8582,PASS
pt::B008JCVF0U,0.8158,PASS
pt::B0094S35W4,0.8743,PASS
pt::B0000AQIFY,0.8441,PASS
pt::B0000AQIFZ,0.8722,PASS
pt::B0000B3AKR,0.8456,PASS
pt::B0001M2FZK,0.8614,PASS
pt::B0002CE0XY,0.8713,PASS
pt::B000H866BM,0.8753,PASS
pt::B000PDUJNU,0.8130,PASS
pt::B000X0KHZK,0.7538,PASS
pt::B001DZVS52,0.8551,PASS
pt::B001FA1NZA,0.8802,PASS
pt::B00275EVAQ,0.7428,PASS
pt::B002M3SO1U,0.8794,PASS
pt::B002UUTCNE,0.6429,RETRY
pt::B0035MDZKM,0.8709,PASS
pt::B003FVS8W8,0.8322,PASS
pt::B00442ZRIU,0.8380,PASS
pt::B0046BTK14,0.8753,PASS
pt::B0049P6OTI,0.8486,PASS
pt::B004KZHRAM,0.7887,PASS
pt::B005MI8NJK,0.8686,PASS
pt::B00023JJV6,0.8616,PASS
pt::B000W9DJ1Q,0.8023,PASS
pt::B0013CED4I,0.8519,PASS
pt::B001VD5E3S,0.8668,PASS
pt::B00275EV9M,0.6955,RETRY
pt::B002ZB4YJ0,0.8664,PASS
pt::B003B2GTY0,0.8647,PASS
pt::B003TP03TQ,0.8701,PASS
pt::B0040VGBYO,0.8302,PASS
pt::B0042BUXG4,0.8489,PASS
pt::B0044O3PZK,0.8050,PASS
pt::B0047E5B90,0.8326,PASS
pt::B004H8FN8U,0.8184,PASS
pt::B004VA0IP2,0.8497,PASS
pt::B004VRJ3FQ,0.8390,PASS
pt::B0064RDIWU,0.8293,PASS
pt::B006K54ZNC,0.8738,PASS
pt::B006K551TO,0.8812,PASS
pt::B00902SJY8,0.7818,PASS
pt::B009NHU556,0.8141,PASS
pt::B000MAFPVW,0.8662,PASS
pt::B000MGGTY8,0.8503,PASS
pt::B000RZTDZ6,0.8683,PASS
pt::B001BN6G8A,0.8349,PASS
pt::B001GQ2W6W,0.6733,RETRY
pt::B001TK3E44,0.8448,PASS
pt::B002HDZNIM,0.8490,PASS
pt::B002HDZNSC,0.8509,PASS
pt::B003OTXBY6,0.8611,PASS
pt::B005356E7K,0.7281,PASS
pt::B005HY4UHI,0.8629,PASS
pt::B006HIKIKQ,0.8783,PASS
pt::B0076R7FWQ,0.8776,PASS
pt::B008M0NDOK,0.8608,PASS
pt::B008X1BV2Y,0.8697,PASS
pt::B0000BZOGJ,0.7410,PASS
pt::B00011G5FW,0.8792,PASS
pt::B000300Y9O,0.8599,PASS
pt::B0009NEUOA,0.8740,PASS
pt::B0015ACUKC,0.8490,PASS
pt::B00171Q7D0,0.8629,PASS
pt::B0057WXF6C,0.8728,PASS
pt::B0060DVXZC,0.8610,PASS
pt::B006K556QM,0.6053,RETRY
pt::B00002NDRQ,0.8097,PASS
pt::B00009R6UA,0.8119,PASS
pt::B0009W8PNI,0.8513,PASS
pt::B001158N66,0.8245,PASS
pt::B0014YFC18,0.8153,PASS
pt::B00154CV6G,0.8584,PASS
pt::B0016RNX2I,0.5599,RETRY
pt::B001GS8G2E,0.8637,PASS
pt::B002A63QOE,0.8200,PASS
pt::B002AR5XIK,0.7352,PASS
pt::B002I9P9HU,0.8383,PASS
pt::B002K3Z3DO,0.8068,PASS
pt::B002MU24DC,0.7652,PASS
pt::B002MYQTEI,0.7555,PASS
pt::B002T0EK64,0.8497,PASS
pt::B002W6ZPXM,0.7504,PASS
pt::B00313JY46,0.6394,RETRY
pt::B00322PYYK,0.8808,PASS
pt::B003CWQ2V4,0.7833,PASS
pt::B003KE3SJI,0.8386,PASS
pt::B003NUNKU6,0.8668,PASS
pt::B0041NWUJQ,0.8656,PASS
pt::B004EBX5GW,0.7325,PASS
pt::B004K2WZS4,0.8609,PASS
pt::B004QOA92A,0.8639,PASS
pt::B004X69ND2,0.8600,PASS
pt::B004Z57XPQ,0.8665,PASS
pt::B0050B3ZW4,0.8299,PASS
pt::B005LJQOPK,0.8676,PASS
pt::B005T3LKKM,0.8412,PASS
pt::B0061RJSWC,0.8218,PASS
pt::B006P88USK,0.8407,PASS
pt::B007N16ICI,0.8376,PASS
pt::B00005N5WW,0.8555,PASS
pt::B000063TJY,0.7886,PASS
pt::B000066TPO,0.8600,PASS
pt::B00006JPET,0.8119,PASS
pt::B000097O5F,0.8449,PASS
pt::B00009R9EB,0.7914,PASS
pt::B00009UU18,0.4122,RETRY
pt::B0002EXF1A,0.8205,PASS
pt::B0002HTJ6M,0.7943,PASS
pt::B000329HEK,0.7597,PASS
pt::B00091UOCY,0.6645,RETRY
pt::B0009I96LC,0.8471,PASS
pt::B000AUQICO,0.8673,PASS
pt::B000CSQRYS,0.8607,PASS
pt::B000FIY08U,0.8509,PASS
pt::B000J41ETI,0.8322,PASS
pt::B000SUSBTO,0.7588,PASS
pt::B000UOMGU8,0.7669,PASS
pt::B0010CXA36,0.7842,PASS
pt::B00133WX4E,0.8301,PASS
pt::B0014D2WGC,0.7825,PASS
pt::B0017U6C0Y,0.8609,PASS
pt::B001C0DJL4,0.8568,PASS
pt::B001EZ0K82,0.8412,PASS
pt::B001G4P9YG,0.7199,PASS
pt::B001GCUO9I,0.4974,RETRY
pt::B001KBZ3SC,0.8357,PASS
pt::B001TDL2O0,0.8093,PASS
pt::B002BOX230,0.7521,PASS
pt::B002JWYAXA,0.8410,PASS
pt::B002P3KY7E,0.8842,PASS
pt::B002SXMRU8,0.8498,PASS
pt::B00368CJZW,0.8696,PASS
pt::B003966MJU,0.8818,PASS
pt::B003LCKN24,0.8169,PASS
pt::B003QK8GFM,0.8198,PASS
pt::B003QSG0HK,0.8169,PASS
pt::B003U2T9DY,0.8510,PASS
pt::B003U7NLKG,0.7275,PASS
pt::B003VTZ0DY,0.6370,RETRY
pt::B003WPTBAK,0.8485,PASS
pt::B003Y2TD36,0.7751,PASS
pt::B003Y2TD3G,0.8394,PASS
pt::B003Y2V0AA,0.8046,PASS
pt::B0040X4PUE,0.8386,PASS
pt::B004E635JO,0.8161,PASS
pt::B004LOFJ7A,0.7216,PASS
pt::B007JCMDA2,0.8692,PASS
pt::B007LBOCVY,0.8575,PASS
pt::B007P8HV2K,0.7112,PASS
pt::B00858I51U,0.8698,PASS
pt::B00007JDRV,0.8739,PASS
pt::B0001F21IS,0.8258,PASS
pt::B000F6SR0O,0.8731,PASS
pt::B000IF4TPY,0.8813,PASS
pt::B000IHBZHC,0.8820,PASS
pt::B000NSFLM6,0.8760,PASS
pt::B000P3XKRM,0.8833,PASS
pt::B000WLXOB4,0.8561,PASS
pt::B0026JS0AU,0.8630,PASS
pt::B002DW99H8,0.8112,PASS
pt::B0037NYQ6Q,0.8682,PASS
pt::B003R9N6S4,0.8080,PASS
pt::B0040Q93PI,0.8726,PASS
pt::B004BQ4S8Y,0.8519,PASS
pt::B004CGHDEO,0.8224,PASS
pt::B004FCLEZO,0.8234,PASS
pt::B005MHN6K2,0.7972,PASS
pt::B0078FBX7O,0.8002,PASS
pt::B0098QV13W,0.8513,PASS
pt::B009AYVOG6,0.8583,PASS
pt::B000RH2M2U,0.8721,PASS
pt::B000UXZUZC,0.8669,PASS
pt::B00178RDZ4,0.8575,PASS
pt::B001MJX4MO,0.7973,PASS
pt::B001MT8J4W,0.8804,PASS
pt::B002C41KJ2,0.7500,PASS
pt::B002DYGQI6,0.8685,PASS
pt::B002OM81SU,0.8708,PASS
pt::B002S3YL3Y,0.8361,PASS
pt::B0035LBRNA,0.8743,PASS
pt::B003XF0ELO,0.8746,PASS
pt::B003YC1KY6,0.8395,PASS
pt::B003YCLB0E,0.7988,PASS
pt::B0043VE292,0.8473,PASS
pt::B004HVL8PE,0.8164,PASS
pt::B004ZAZMKE,0.8366,PASS
pt::B0051V7XK8,0.7719,PASS
pt::B005KMOK6I,0.7974,PASS
pt::B005N8W16U,0.8843,PASS
pt::B005PV608A,0.8123,PASS
pt::B006427POC,0.8535,PASS
pt::B007DJGHH6,0.8718,PASS
pt::B009AEMB6I,0.7800,PASS
pt::B00009R97B,0.8657,PASS
pt::B0002JFOUA,0.8532,PASS
pt::B000EGI7V4,0.8247,PASS
pt::B000FL9E6U,0.5942,RETRY
pt::B000G7PLCY,0.8651,PASS
pt::B00111UX40,0.8468,PASS
pt::B001WB02Z4,0.8208,PASS
pt::B0027P9BO2,0.8176,PASS
pt::B003E6D9FK,0.7127,PASS
pt::B003EMR0WW,0.7229,PASS
pt::B003PDIAQK,0.7352,PASS
pt::B003TYA7TI,0.6860,RETRY
pt::B003UKH8HU,0.8582,PASS
pt::B003Y2ILES,0.8522,PASS
pt::B004B0XVXS,0.7915,PASS
pt::B004GZRE1S,0.8804,PASS
pt::B004LVMCMS,0.7557,PASS
pt::B004S88SYU,0.8629,PASS
pt::B004XYJKHI,0.8830,PASS
pt::B004Z88WSK,0.8136,PASS
pt::B004ZZTSNQ,0.8529,PASS
pt::B0054RJ870,0.8208,PASS
pt::B00551JYWE,0.8390,PASS
pt::B00568KKOW,0.7863,PASS
pt::B0057J86PK,0.8134,PASS
pt::B0058NYW3K,0.8620,PASS
pt::B005AAVNQU,0.6529,RETRY
pt::B005CWJ1DI,0.8283,PASS
pt::B005DP8YJG,0.8613,PASS
pt::B005H4HNKY,0.7760,PASS
pt::B005N9G9AS,0.7898,PASS
pt::B005XC9Y84,0.7622,PASS
pt::B0062XAMI4,0.6940,RETRY
pt::B0064NYPUS,0.8444,PASS
pt::B0067M5XLG,0.8478,PASS
pt::B007G3DQI2,0.8460,PASS
pt::B007IJ7UKE,0.8619,PASS
pt::B007ZFSAB4,0.8545,PASS
pt::B008DVSJL0,0.7899,PASS
pt::B008JUKZGM,0.7960,PASS
pt::B008U3FAHM,0.7788,PASS
pt::B008YLD7XE,0.7330,PASS
pt::B0090SVDEK,0.8484,PASS
pt::B0096DLEGG,0.8178,PASS
pt::B0096PVLL2,0.6060,RETRY
pt::B0001VWHGS,0.6967,RETRY
pt::B0007XMBMA,0.8413,PASS
pt::B000BCCH8K,0.8690,PASS
pt::B000EX1TGC,0.8495,PASS
pt::B000O50V7I,0.8808,PASS
pt::B000VVXO4C,0.8408,PASS
pt::B000WN9Y2A,0.5726,RETRY
pt::B000WXSO76,0.8339,PASS
pt::B001W26TKU,0.8337,PASS
pt::B002OAVQJ8,0.8351,PASS
pt::B003LLS5JI,0.8424,PASS
pt::B003ZWPS3O,0.7678,PASS
pt::B004S7Q8CA,0.7985,PASS
pt::B005LIDN00,0.8596,PASS
pt::B007B5RJA6,0.8597,PASS
pt::B0002JABOY,0.8538,PASS
pt::B001E8NVNA,0.8626,PASS
pt::B0038JECKE,0.8785,PASS
pt::B0038JECKO,0.8894,PASS
pt::B004N625AK,0.8264,PASS
pt::B005AFVHLQ,0.8389,PASS
pt::B005EJMRX0,0.8516,PASS
pt::B005GTNZU2,0.8116,PASS
pt::B0094R4PBU,0.8779,PASS
pt::B00004TJ0L,0.4152,RETRY
pt::B0002P1796,0.8510,PASS
pt::B0002YE6G8,0.8465,PASS
pt::B000CFSL4A,0.8575,PASS
pt::B000EOUYH6,0.8058,PASS
pt::B000MJS74A,0.7912,PASS
pt::B001LKMU56,0.8570,PASS
pt::B001XZ81FC,0.8768,PASS
pt::B0026RO82G,0.8581,PASS
pt::B002UAUZQW,0.8095,PASS
pt::B002ZIVKAE,0.7685,PASS
pt::B0030CHI14,0.6216,RETRY
pt::B003R2NUCS,0.8262,PASS
pt::B004HCO4GI,0.8859,PASS
pt::B004ING996,0.7625,PASS
pt::B004R7A9YE,0.8624,PASS
pt::B005LKE7PI,0.7225,PASS
pt::B006K556L2,0.7727,PASS
pt::B0086KP1I2,0.8533,PASS
pt::B008VMT2EE,0.8653,PASS
pt::B009CQOXTW,0.7863,PASS
pt::B000069EUW,0.6943,RETRY
pt::B000069JWX,0.7743,PASS
pt::B0000AR0I4,0.8662,PASS
pt::B000ERAOL4,0.8529,PASS
pt::B000H0K8VY,0.8439,PASS
pt::B000QSOP0M,0.8129,PASS
pt::B000RYS3S0,0.7957,PASS
pt::B000U0S304,0.7114,PASS
pt::B000VZS2FY,0.8312,PASS
pt::B0010SB8HA,0.8536,PASS
pt::B00176NOCM,0.8661,PASS
pt::B001JIBOLQ,0.8636,PASS
pt::B001P5HL3S,0.8431,PASS
pt::B002NU5S02,0.6048,RETRY
pt::B0033WSDYC,0.8268,PASS
pt::B003RQBKLC,0.7470,PASS
pt::B003XM3L0I,0.8710,PASS
pt::B0045EPIG8,0.8628,PASS
pt::B004CQMXDA,0.6496,RETRY
pt::B004LU1U2M,0.7149,PASS
pt::B004T1YA66,0.7479,PASS
pt::B004V3KCIM,0.8630,PASS
pt::B004V3KCJG,0.8399,PASS
pt::B004VMM718,0.7916,PASS
pt::B005PQTYHE,0.7902,PASS
pt::B006KESOYY,0.8081,PASS
pt::B006SOLITY,0.8645,PASS
pt::B006X2HIR2,0.8541,PASS
pt::B0071369M2,0.8505,PASS
pt::B0077YTFPS,0.8808,PASS
pt::B008FC8FJ8,0.8642,PASS
pt::B008PU665A,0.8304,PASS
pt::B008U3FQL2,0.5294,RETRY
pt::B0095ABFGO,0.8597,PASS
pt::B0096YOQQA,0.8469,PASS
pt::B0098O9TRO,0.8636,PASS
pt::B00998P7UW,0.8464,PASS
pt::B009A13IB8,0.8692,PASS
pt::B009IBXECS,0.8532,PASS
pt::B0000CFYM9,0.8501,PASS
pt::B00032AVN6,0.8791,PASS
pt::B00096ZT0G,0.8177,PASS
pt::B000BSJHRI,0.8400,PASS
pt::B000TYHHGC,0.8604,PASS
pt::B000XSDKP6,0.8551,PASS
pt::B00117LECY,0.7464,PASS
pt::B00182CIB8,0.8554,PASS
pt::B0018NWQPK,0.8684,PASS
pt::B001CJQCZA,0.8692,PASS
pt::B001NJ3H0C,0.8403,PASS
pt::B001QCFW22,0.8500,PASS
pt::B001VO4MOY,0.5615,RETRY
pt::B0028K2TXQ,0.8430,PASS
pt::B002HUURWM,0.8660,PASS
pt::B002LVUISK,0.7771,PASS
pt::B002UHJ1II,0.8637,PASS
pt::B002UKIFRI,0.8633,PASS
pt::B003CH7MY0,0.8399,PASS
pt::B003K1RAJK,0.7875,PASS
pt::B003QUNYQI,0.7618,PASS
pt::B0046REG62,0.8360,PASS
pt::B004PVW1DE,0.7116,PASS
pt::B004SKBHB4,0.8621,PASS
pt::B005JE3VYY,0.8598,PASS
pt::B006C0PNJK,0.8213,PASS
pt::B006DTXIHE,0.8567,PASS
pt::B008B6ONXK,0.8472,PASS
pt::B008DBI6Y0,0.8174,PASS
pt::B008LTBHYU,0.8659,PASS
pt::B009HP42HQ,0.8331,PASS
pt::B009JI2KQ6,0.7180,PASS
pt::B000069E1V,0.7739,PASS
pt::B00011KLSO,0.8716,PASS
pt::B0002VO8GE,0.8609,PASS
pt::B0006DPMU4,0.8726,PASS
pt::B000COZ43C,0.8612,PASS
pt::B000FBU19O,0.6977,RETRY
pt::B000HE6OAE,0.8548,PASS
pt::B000I97N4O,0.7762,PASS
pt::B000IXP932,0.8548,PASS
pt::B000OK22AW,0.7559,PASS
pt::B000QYKVKO,0.7277,PASS
pt::B000RO8J98,0.8678,PASS
pt::B000YJMGNQ,0.8427,PASS
pt::B0014KOAD8,0.8669,PASS
pt::B001OQQ01W,0.7982,PASS
pt::B002OEBTCS,0.8558,PASS
pt::B002OFL1J8,0.8323,PASS
pt::B002WGQJPA,0.7969,PASS
pt::B002YKPWH0,0.7631,PASS
pt::B0031H39N4,0.8166,PASS
pt::B003L1AI8O,0.7399,PASS
pt::B003SX0RMM,0.8659,PASS
pt::B0040ZK0B0,0.8339,PASS
pt::B0042A2V88,0.8632,PASS
pt::B0042FZ51I,0.8399,PASS
pt::B00456EC1I,0.8545,PASS
pt::B0045IIZKU,0.7552,PASS
pt::B004AGXHE6,0.8052,PASS
pt::B004HRCUEQ,0.7077,PASS
pt::B004MUCOBW,0.8689,PASS
pt::B004P1IU52,0.8532,PASS
pt::B004V93U26,0.8853,PASS
pt::B004ZH62PQ,0.7602,PASS
pt::B0050H9A18,0.6933,RETRY
pt::B0050NZ214,0.7923,PASS
pt::B0053V5Z9W,0.8270,PASS
pt::B0058GN1AM,0.7382,PASS
pt::B005JRGOCM,0.8586,PASS
pt::B005URY9HI,0.8570,PASS
pt::B0067S8IZ8,0.5254,RETRY
pt::B0068LACFI,0.6151,RETRY
pt::B006JY4TQW,0.7700,PASS
pt::B006Z0Q2SI,0.8655,PASS
pt::B007BT9E78,0.7070,PASS
pt::B007HIIB4K,0.7548,PASS
pt::B007HJ5R32,0.7035,PASS
pt::B007JFF3RO,0.8712,PASS
pt::B007SLDF7O,0.7901,PASS
pt::B0085X3PRE,0.7783,PASS
pt::B00880CYMQ,0.6711,RETRY
pt::B008CCQI72,0.7455,PASS
pt::B008CXTX7S,0.8439,PASS
pt::B008GTAPSO,0.7831,PASS
pt::B009049PUI,0.6739,RETRY
pt::B00005UKBT,0.8256,PASS
pt::B000087L9H,0.8857,PASS
pt::B000231D1K,0.8806,PASS
pt::B000QSN3O6,0.8485,PASS
pt::B001EZUQ5E,0.8420,PASS
pt::B003V0NXBO,0.8551,PASS
pt::B004UUSDIM,0.8490,PASS
pt::B005FM8UL4,0.7404,PASS
pt::B007PMA2FY,0.8503,PASS
pt::B007YXRYSC,0.8488,PASS
pt::B009ELOLUQ,0.6788,RETRY
pt::B0001AVVO8,0.8367,PASS
pt::B000EHUR3O,0.8878,PASS
pt::B000N26QVW,0.8466,PASS
pt::B0012HT8WQ,0.8560,PASS
pt::B0019235DC,0.8359,PASS
pt::B001JT1HO4,0.5855,RETRY
pt::B001KBZ3S2,0.8185,PASS
pt::B001MS2UJ8,0.8481,PASS
pt::B001P2R1RW,0.8183,PASS
pt::B0024NKGZK,0.7564,PASS
pt::B0029NFOE8,0.8447,PASS
pt::B002ROILQM,0.5811,RETRY
pt::B002VKVZ1A,0.7970,PASS
pt::B003EEMFUC,0.8068,PASS
pt::B003TW77KC,0.8511,PASS
pt::B004TS2AP2,0.8680,PASS
pt::B0058FO22O,0.8007,PASS
pt::B005CTCD6S,0.8582,PASS
pt::B005LA0H3O,0.7743,PASS
pt::B006Z394L2,0.8129,PASS
pt::B0077B403S,0.8483,PASS
pt::B007POCJGC,0.5991,RETRY
pt::B0086AJ4AS,0.6858,RETRY
pt::B0087U4V3W,0.8415,PASS
pt::B0000AE66P,0.8175,PASS
pt::B000F2YHSY,0.8452,PASS
pt::B000KLZ7VG,0.8491,PASS
pt::B000P41DZM,0.8080,PASS
pt::B000TR7AIO,0.8623,PASS
pt::B000VVZ5PS,0.8477,PASS
pt::B0012R9WHW,0.6678,RETRY
pt::B0014QQ8IM,0.8693,PASS
pt::B001FWYLLG,0.8711,PASS
pt::B001KNP3MQ,0.7817,PASS
pt::B001PNB6QI,0.8398,PASS
pt::B001T99ZTI,0.8614,PASS
pt::B003EHA5G0,0.8529,PASS
pt::B0046E47IM,0.8736,PASS
pt::B004799SLW,0.8631,PASS
pt::B004FEEZIA,0.8483,PASS
pt::B004OOODOC,0.8527,PASS
pt::B004PNZFZ8,0.6495,RETRY
pt::B004XIT4NO,0.8673,PASS
pt::B0057AVXJA,0.8112,PASS
pt::B005G7H0YG,0.7593,PASS
pt::B005GSPN6M,0.8533,PASS
pt::B005TOV0ME,0.8498,PASS
pt::B005VEZ550,0.8629,PASS
pt::B006QR8W6K,0.8628,PASS
pt::B006WSQUVM,0.7532,PASS
pt::B0071CU6HC,0.7800,PASS
pt::B0073XY5HG,0.8667,PASS
pt::B0074DNYPE,0.8655,PASS
pt::B007C1KPNM,0.8683,PASS
pt::B00008AIVB,0.7428,PASS
pt::B0006TLQM6,0.8824,PASS
pt::B000BAAM1G,0.8792,PASS
pt::B000FRDD5C,0.8176,PASS
pt::B000ISLKBM,0.8847,PASS
pt::B000J1HPXK,0.8577,PASS
pt::B000P0UFN2,0.8450,PASS
pt::B00104QGXA,0.8629,PASS
pt::B00170IIGU,0.7946,PASS
pt::B0017QA5PG,0.8552,PASS
pt::B0019FGK90,0.8456,PASS
pt::B001BI4QUK,0.8478,PASS
pt::B001DM1LKM,0.8014,PASS
pt::B001DM5LYO,0.8166,PASS
pt::B001FWKA7A,0.8649,PASS
pt::B001N7PANQ,0.7762,PASS
pt::B001OC1NM2,0.8645,PASS
pt::B001S0PWV8,0.8178,PASS
pt::B002ONCCGQ,0.8891,PASS
pt::B002RZ3CBU,0.8265,PASS
pt::B0036B67B6,0.8646,PASS
pt::B006M9TN42,0.6858,RETRY
pt::B007TSERQO,0.8682,PASS
pt::B007XOQI4S,0.8258,PASS
pt::B000096B01,0.8367,PASS
pt::B00013MSUQ,0.7760,PASS
pt::B0002LHSG6,0.8118,PASS
pt::B0007PO3EM,0.8062,PASS
pt::B0009X1U3O,0.8346,PASS
pt::B000AUIM9G,0.8391,PASS
pt::B000E43GOO,0.8569,PASS
pt::B000G6M916,0.8168,PASS
pt::B000I5JMYW,0.8809,PASS
pt::B000MWK7K4,0.8793,PASS
pt::B000MY07GQ,0.8699,PASS
pt::B000Q6WEFW,0.7107,PASS
pt::B000S772V0,0.8543,PASS
pt::B000XPG2YK,0.8573,PASS
pt::B000Y634SU,0.8687,PASS
pt::B00114LG7U,0.8713,PASS
pt::B0012Y0BIE,0.8503,PASS
pt::B0015C4Y0Y,0.8550,PASS
pt::B00166F8YU,0.8637,PASS
pt::B0016GRFYG,0.8709,PASS
pt::B001BP42GG,0.6018,RETRY
pt::B001CCLBSU,0.8722,PASS
pt::B001CN7EQ2,0.8749,PASS
pt::B001EJN9LS,0.8806,PASS
pt::B001GV22V2,0.8795,PASS
pt::B001H4B0B6,0.8248,PASS
pt::B001TUYN2G,0.7574,PASS
pt::B001U3Y8M2,0.8388,PASS
pt::B002EVP85K,0.8526,PASS
pt::B002W2Y8PC,0.8428,PASS
pt::B0031RGKV2,0.8737,PASS
pt::B00328HR7G,0.8738,PASS
pt::B00365EBGK,0.8835,PASS
pt::B0036TH7J4,0.8757,PASS
pt::B0039YON6Q,0.8232,PASS
pt::B003CYKYVG,0.8132,PASS
pt::B003MPOLX2,0.8683,PASS
pt::B003N17BRI,0.8774,PASS
pt::B003NRHAH8,0.8599,PASS
pt::B003YLF7UK,0.8455,PASS
pt::B00407YLEU,0.8349,PASS
pt::B004I1K4TY,0.7841,PASS
pt::B004UTRY6K,0.8618,PASS
pt::B0087NZ31S,0.8192,PASS
pt::B008YCNPLM,0.8508,PASS
pt::B0000DHVN3,0.7400,PASS
pt::B0000DK5LW,0.8598,PASS
pt::B000EC3GDC,0.8698,PASS
pt::B0014D684E,0.8439,PASS
pt::B001JGMNZE,0.8380,PASS
pt::B001SER4AQ,0.8814,PASS
pt::B002LITT56,0.8688,PASS
pt::B002OOWB3O,0.8403,PASS
pt::B003LL19F0,0.8346,PASS
pt::B0044XU43C,0.8355,PASS
pt::B004RFGK1W,0.8122,PASS
pt::B0051QYFSG,0.8708,PASS
pt::B005SN3I7Q,0.8388,PASS
pt::B00651BY08,0.8606,PASS
pt::B0074VEPI6,0.8651,PASS
pt::B0085RV068,0.8646,PASS
pt::B00009PUM0,0.8682,PASS
pt::B0000A3SGH,0.8481,PASS
pt::B0007P11M4,0.7870,PASS
pt::B000BVC0WO,0.6896,RETRY
pt::B000F0DUT8,0.8488,PASS
pt::B000HJBEUY,0.8000,PASS
pt::B002B8NLS2,0.8566,PASS
pt::B003IT6XBK,0.8578,PASS
pt::B004L4CY2I,0.8398,PASS
pt::B005MR598O,0.8686,PASS
pt::B005NCNE62,0.8691,PASS
pt::B00752R5Z4,0.8698,PASS
pt::B0096YOQDS,0.8425,PASS
pt::B0001DZ38U,0.8211,PASS
pt::B00025O7LQ,0.7535,PASS
pt::B000E5XLZM,0.8327,PASS
pt::B000KQQUQW,0.8783,PASS
pt::B000KUQ8FG,0.8759,PASS
pt::B000OCMK98,0.8618,PASS
pt::B000OVPB9K,0.8814,PASS
pt::B000T95T08,0.8320,PASS
pt::B0021AFWL4,0.8627,PASS
pt::B003LGMJ4U,0.8706,PASS
pt::B004DYQRME,0.8013,PASS
pt::B007M8SGW2,0.6833,RETRY
pt::B008X1C65A,0.8721,PASS
pt::B008X3JGSI,0.8740,PASS
pt::B0092ZJWHQ,0.8784,PASS
pt::B00062UW5A,0.8438,PASS
pt::B0007SL4IW,0.7792,PASS
pt::B000EG5U82,0.8319,PASS
pt::B000JG3WBY,0.8207,PASS
pt::B000NOR89Y,0.8711,PASS
pt::B000OH36ZK,0.8796,PASS
pt::B000RSNPTI,0.8592,PASS
pt::B000WALWW8,0.8739,PASS
pt::B0014175E8,0.8293,PASS
pt::B001649K5K,0.8207,PASS
pt::B00176NKPS,0.7654,PASS
pt::B002J9G5ZO,0.8732,PASS
pt::B003AAIV94,0.8760,PASS
pt::B004RJJRGS,0.8784,PASS
pt::B008PWUO4W,0.8471,PASS
pt::B009KOTNA0,0.8591,PASS
pt::B000HDMUV2,0.5731,RETRY
pt::B000JLO31M,0.8654,PASS
pt::B000VKEFMS,0.7863,PASS
pt::B000VKEFN2,0.7933,PASS
pt::B001G7PMNQ,0.8129,PASS
pt::B002LARBZE,0.4300,RETRY
pt::B00343DNJK,0.8609,PASS
pt::B0037KM0XA,0.7248,PASS
pt::B003R6U6HG,0.7944,PASS
pt::B003WM7RXG,0.8646,PASS
pt::B003XM5DT0,0.8113,PASS
pt::B00428AISA,0.8461,PASS
pt::B004477OAY,0.8571,PASS
pt::B0048W4RV4,0.7446,PASS
pt::B004E9SWOO,0.8157,PASS
pt::B004M4CSGO,0.6507,RETRY
pt::B004QOAF7O,0.8767,PASS
pt::B0056OB8GK,0.6302,RETRY
pt::B0058AH2US,0.8008,PASS
pt::B0058M5R62,0.8184,PASS
pt::B005UNFRU0,0.6831,RETRY
pt::B0060GEWFC,0.8524,PASS
pt::B006DEBNLW,0.8605,PASS
pt::B006X2HKMA,0.8632,PASS
pt::B006ZTMEZ4,0.8030,PASS
pt::B0071O4EKU,0.8588,PASS
pt::B007HQR710,0.7930,PASS
pt::B0083E5GUE,0.8432,PASS
pt::B0088IBNE8,0.7220,PASS
pt::B008GGB342,0.8239,PASS
pt::B008RGD114,0.8218,PASS
pt::B0096E3MTC,0.8167,PASS
pt::B009MSGEHO,0.8238,PASS
pt::B0036V9AGU,0.8624,PASS
pt::B0039RSYQS,0.8570,PASS
pt::B005L38QLQ,0.7930,PASS
pt::B008V0IJ8G,0.8920,PASS
pt::B00005T3GH,0.7405,PASS
pt::B0002EXI6W,0.8321,PASS
pt::B000VWPULQ,0.8752,PASS
pt::B001K9BEZU,0.7526,PASS
pt::B001N87XVW,0.8653,PASS
pt::B001S14DYO,0.8638,PASS
pt::B0028N6YH0,0.8593,PASS
pt::B003DA4D2U,0.7839,PASS
pt::B004GLBI7S,0.7894,PASS
pt::B004N8ZQKY,0.7910,PASS
pt::B004X74X5E,0.8228,PASS
pt::B005JN9310,0.8541,PASS
pt::B005SEZBXY,0.8502,PASS
pt::B00607JMI8,0.8513,PASS
pt::B0065V3VHW,0.7185,PASS
pt::B0069AQP9U,0.8443,PASS
pt::B006GD30UC,0.8521,PASS
pt::B006ISKYPE,0.8502,PASS
pt::B006WAGG14,0.7972,PASS
pt::B00785I5ZM,0.8585,PASS
pt::B007PPEPJ0,0.7999,PASS
pt::B007TMZ1BK,0.7836,PASS
pt::B008DWH00K,0.7894,PASS
pt::B008I646WG,0.8749,PASS
pt::B008OGEA0S,0.8437,PASS
pt::B00998SDM6,0.7998,PASS
pt::B009H0XQQY,0.8405,PASS
pt::B009HC7BL8,0.8617,PASS
pt::B009NQLT0M,0.8047,PASS
pt::B000DLB91A,0.8716,PASS
pt::B000GIP98Y,0.8194,PASS
pt::B000HDMUU8,0.8065,PASS
pt::B000OBJW1S,0.8656,PASS
pt::B000QEFA9G,0.8719,PASS
pt::B000VIT0G6,0.7993,PASS
pt::B000YBY2U4,0.8673,PASS
pt::B0015YRMXI,0.8276,PASS
pt::B001G54ILA,0.7718,PASS
pt::B001MQ8990,0.7533,PASS
pt::B002R5ABJG,0.7163,PASS
pt::B002T4D3M2,0.8633,PASS
pt::B003OF6BDI,0.5489,RETRY
pt::B003QKTMI2,0.7410,PASS
pt::B003SX0RMW,0.8757,PASS
pt::B003U6Y33Q,0.8389,PASS
pt::B004I4YPB4,0.7967,PASS
pt::B004QR56SE,0.8652,PASS
pt::B005L38SGY,0.8732,PASS
pt::B006K553LU,0.8805,PASS
pt::B00005T406,0.8720,PASS
pt::B000064184,0.7769,PASS
pt::B000069Z5H,0.8624,PASS
pt::B00006IRR8,0.8481,PASS
pt::B000087BXC,0.8532,PASS
pt::B00008N6VM,0.8667,PASS
pt::B0001KVAXU,0.6781,RETRY
pt::B0001M4E72,0.8487,PASS
pt::B0002OE2P8,0.8813,PASS
pt::B000B7C2JO,0.8639,PASS
pt::B000BYGOX2,0.8218,PASS
pt::B000DZHA6O,0.8804,PASS
pt::B000EIZJF4,0.8862,PASS
pt::B000ELSY0I,0.8518,PASS
pt::B000FVIHY0,0.8216,PASS
pt::B000H91K7Q,0.8821,PASS
pt::B000I7YQEG,0.8535,PASS
pt::B000XY6N5Y,0.8348,PASS
pt::B000ZOT36I,0.7790,PASS
pt::B0013CDZDI,0.8029,PASS
pt::B0019FJM7W,0.8323,PASS
pt::B001QFZMB0,0.8707,PASS
pt::B001VHMRWA,0.8741,PASS
pt::B002XZLURC,0.8884,PASS
pt::B0038SNTY0,0.7810,PASS
pt::B003FWLGIK,0.8716,PASS
pt::B003U7URH6,0.6650,RETRY
pt::B003VXI8UC,0.8698,PASS
pt::B0044GCDAG,0.5693,RETRY
pt::B004MKNJ84,0.8612,PASS
pt::B004RCHX0W,0.8301,PASS
pt::B004X28I0A,0.8830,PASS
pt::B0054L1TQ4,0.8601,PASS
pt::B00551636O,0.4975,RETRY
pt::B00587T5NI,0.8207,PASS
pt::B005Z881QW,0.8181,PASS
pt::B006DX1HVY,0.6924,RETRY
pt::B006I9Y7GA,0.8121,PASS
pt::B006PIU2KO,0.8570,PASS
pt::B006UMM2BW,0.8771,PASS
pt::B007LOLVLU,0.8464,PASS
pt::B007PZCMZE,0.7832,PASS
pt::B007UN4MOA,0.8552,PASS
pt::B00904SDPQ,0.8334,PASS
pt::B009NTJ4LA,0.8684,PASS
pt::B000E204LY,0.8607,PASS
pt::B000EOMXM0,0.8105,PASS
pt::B000FBK3RE,0.5770,RETRY
pt::B000HNJ6U0,0.8461,PASS
pt::B000S1ADYY,0.8403,PASS
pt::B0013JBLD2,0.6603,RETRY
pt::B00180QHCG,0.8648,PASS
pt::B001FA1NCI,0.8844,PASS
pt::B001TYRJWS,0.8585,PASS
pt::B002BZE36E,0.8494,PASS
pt::B002CVTU5Q,0.8699,PASS
pt::B003MTTJOY,0.8637,PASS
pt::B003Z6ZR5O,0.8462,PASS
pt::B004J0DY1O,0.8214,PASS
pt::B0088JSE6M,0.8281,PASS
pt::B008J7WRIO,0.8512,PASS
pt::B009NW0934,0.8076,PASS
pt::B00004Z6BJ,0.8241,PASS
pt::B0007OWNBI,0.8431,PASS
pt::B0007U9KAY,0.8459,PASS
pt::B000OEV88K,0.8769,PASS
pt::B000OV74CC,0.8837,PASS
pt::B000P4YQR4,0.8609,PASS
pt::B000W2Z5M4,0.8813,PASS
pt::B0017HF3XO,0.7827,PASS
pt::B0017LY5CK,0.8417,PASS
pt::B001A833JQ,0.8691,PASS
pt::B0036R9YA6,0.8628,PASS
pt::B003WE9WV4,0.7651,PASS
pt::B003ZV8U76,0.8834,PASS
pt::B004I8WH9W,0.7730,PASS
pt::B0054JE70G,0.8765,PASS
pt::B00006JPWW,0.8637,PASS
pt::B003765X38,0.8767,PASS
pt::B005SEIO4M,0.8725,PASS
pt::B005X64OT4,0.8750,PASS
pt::B00719CH0O,0.8733,PASS
pt::B00752R89C,0.8364,PASS
pt::B00752R9PK,0.8586,PASS
pt::B0077E48FA,0.6234,RETRY
pt::B007Z92SS6,0.8739,PASS
pt::B0085RUZ7S,0.8766,PASS
pt::B00022ADXK,0.8469,PASS
pt::B0002ZAIM8,0.8741,PASS
pt::B0006JMX14,0.8456,PASS
pt::B0007KX4TC,0.8636,PASS
pt::B000932AKQ,0.8627,PASS
pt::B000932AMO,0.8657,PASS
pt::B0009U7Y0U,0.8670,PASS
pt::B0009U7Y32,0.8707,PASS
pt::B0009U7YD2,0.8359,PASS
pt::B000A3WS20,0.8702,PASS
pt::B000ANZ54S,0.8474,PASS
pt::B000AO1SN4,0.8576,PASS
pt::B000AO3PH6,0.8443,PASS
pt::B000B622CW,0.8663,PASS
pt::B000BNLC3K,0.8595,PASS
pt::B000BNLGJA,0.8721,PASS
pt::B000BQQL24,0.8612,PASS
pt::B000EPWDTM,0.8687,PASS
pt::B000GYI76Y,0.7025,PASS
pt::B001FA1NEG,0.8822,PASS
pt::B002L6HDOC,0.8807,PASS
pt::B002Q0W82A,0.8577,PASS
pt::B002QQ8EKO,0.8216,PASS
pt::B002QQ8IO6,0.8678,PASS
pt::B0047DVVZO,0.8215,PASS
pt::B0047DVW30,0.8219,PASS
pt::B004YLCO64,0.8507,PASS
pt::B0001MQUNS,0.7962,PASS
pt::B0002J28NQ,0.7453,PASS
pt::B0002J2MSW,0.6858,RETRY
pt::B00066HJAM,0.6774,RETRY
pt::B000BLEMIE,0.8631,PASS
pt::B000BSJFO8,0.8196,PASS
pt::B000HJBESG,0.8101,PASS
pt::B000I1YU5C,0.7147,PASS
pt::B000JG1TDW,0.7663,PASS
pt::B000KMU0NU,0.8317,PASS
pt::B000N35554,0.8316,PASS
pt::B000N5YF9Y,0.6099,RETRY
pt::B000SA7I0M,0.8379,PASS
pt::B000V0G2DS,0.8388,PASS
pt::B000V1PB0M,0.8170,PASS
pt::B000WY8JRU,0.8339,PASS
pt::B0018MA8LA,0.7815,PASS
pt::B001N3LLL0,0.6414,RETRY
pt::B001O01928,0.7325,PASS
pt::B001OS51X8,0.8040,PASS
pt::B001P3PSR6,0.8118,PASS
pt::B001UNM414,0.7187,PASS
pt::B001ZU1I9G,0.8119,PASS
pt::B0023NP3MW,0.8121,PASS
pt::B002IWEDSS,0.7617,PASS
pt::B002LJNKNM,0.7361,PASS
pt::B002MP5JX4,0.8523,PASS
pt::B002PX9BX2,0.8609,PASS
pt::B002QDJBBI,0.8343,PASS
pt::B0033HPYIA,0.4854,RETRY
pt::B0039L3P86,0.7231,PASS
pt::B003BKV44C,0.8746,PASS
pt::B003L1717K,0.7027,PASS
pt::B003MX0VJM,0.8421,PASS
pt::B003O1UYHG,0.7635,PASS
pt::B003QA5LA0,0.7794,PASS
pt::B003WFBFZY,0.6167,RETRY
pt::B003YDV6N0,0.7773,PASS
pt::B0045JTAC6,0.7605,PASS
pt::B004D5GXOA,0.8192,PASS
pt::B004GL4UZK,0.8703,PASS
pt::B004KN7PZG,0.8605,PASS
pt::B004Q7J1S0,0.8230,PASS
pt::B004QS0LB0,0.8521,PASS
pt::B004X90SE2,0.8162,PASS
pt::B0057Q4AGW,0.8472,PASS
pt::B00585CLR2,0.7213,PASS
pt::B005TX3M62,0.8072,PASS
pt::B00637X42A,0.7881,PASS
pt::B0069LR09I,0.7284,PASS
pt::B006JKNWLE,0.7143,PASS
pt::B006RBK9ZW,0.7991,PASS
pt::B007NG3WR2,0.7908,PASS
pt::B007S642BW,0.8316,PASS
pt::B009GUT3WQ,0.7707,PASS
pt::B009IM6RWQ,0.8380,PASS
pt::B009MML1UA,0.8053,PASS
pt::B00005LE74,0.8434,PASS
pt::B00005NPW8,0.7300,PASS
pt::B00005QIZ8,0.8066,PASS
pt::B0000ZJDXA,0.8557,PASS
pt::B00015QGM0,0.8357,PASS
pt::B0001YEOCU,0.7676,PASS
pt::B0006HU4DK,0.8714,PASS
pt::B0006HU4OO,0.8574,PASS
pt::B0009HN57E,0.7706,PASS
pt::B0009XQPJI,0.8543,PASS
pt::B000AYGD8E,0.8788,PASS
pt::B000CDA802,0.7971,PASS
pt::B000EI8X5M,0.8712,PASS
pt::B000EXV0QQ,0.8295,PASS
pt::B000FA348U,0.6721,RETRY
pt::B000FG6CO2,0.8685,PASS
pt::B000FW1X4K,0.7715,PASS
pt::B000K7UCME,0.7902,PASS
pt::B000N44XPG,0.8699,PASS
pt::B000RN2KRQ,0.8706,PASS
pt::B000V1VG2O,0.8695,PASS
pt::B000V1VG5G,0.8720,PASS
pt::B000V6MSRG,0.8223,PASS
pt::B000W8U3ZC,0.7008,PASS
pt::B0012OI6HW,0.8718,PASS
pt::B00176BDD4,0.8748,PASS
pt::B001BTG3BE,0.8449,PASS
pt::B001DYC0CS,0.8404,PASS
pt::B001JOI2WO,0.8453,PASS
pt::B001NEK2Q4,0.8415,PASS
pt::B0028YCR9I,0.8377,PASS
pt::B0029ZA78O,0.8601,PASS
pt::B003A6H1OY,0.7244,PASS
pt::B003CKAQ9U,0.8328,PASS
pt::B003O9EAUA,0.8387,PASS
pt::B004AHH6LU,0.8213,PASS
pt::B004CFBV52,0.8746,PASS
pt::B004FLJVXM,0.8145,PASS
pt::B004KKZ0HO,0.8764,PASS
pt::B004M18N2U,0.8506,PASS
pt::B004UHYUZU,0.8112,PASS
pt::B004W317ZI,0.8261,PASS
pt::B005AK2X8W,0.7028,PASS
pt::B005EN83A2,0.8618,PASS
pt::B007JIN6T8,0.8659,PASS
pt::B007O0IB6O,0.8541,PASS
pt::B0087TESSQ,0.8572,PASS
pt::B0089KJSKQ,0.8476,PASS
pt::B008FXYH3U,0.8304,PASS
pt::B001D8AGA2,0.7996,PASS
pt::B001SAEXHW,0.8589,PASS
pt::B002X2F2N8,0.8645,PASS
pt::B004HW7KBY,0.8806,PASS
pt::B005NJC9W0,0.8568,PASS
pt::B00006AE3K,0.8610,PASS
pt::B00006B8E3,0.8308,PASS
pt::B00019068G,0.8639,PASS
pt::B0007M2X9M,0.8139,PASS
pt::B000EPOPQG,0.8565,PASS
pt::B002DYIXN2,0.8808,PASS
pt::B002KL0VY2,0.8500,PASS
pt::B0033WSDUG,0.8773,PASS
pt::B004JJM2N6,0.7353,PASS
pt::B004ZMG55I,0.8206,PASS
pt::B0050M92CU,0.8106,PASS
pt::B005KWHJES,0.8530,PASS
pt::B005N7CQCK,0.8014,PASS
pt::B0000225BA,0.7023,PASS
pt::B000065Q6B,0.7986,PASS
pt::B0001G6U3Y,0.8721,PASS
pt::B000246ST6,0.7167,PASS
pt::B0002RBQO0,0.8565,PASS
pt::B00063ZVJQ,0.8310,PASS
pt::B0007WK8LC,0.8700,PASS
pt::B0007ZA15M,0.8109,PASS
pt::B000A1AQU8,0.8283,PASS
pt::B000EIXWPI,0.8209,PASS
pt::B000EXM060,0.5136,RETRY
pt::B000HGGA24,0.8613,PASS
pt::B000N1Q1Z4,0.8309,PASS
pt::B000NZKWXC,0.8108,PASS
pt::B000TQYZG0,0.8618,PASS
pt::B000UV4AIM,0.8329,PASS
pt::B000V04RQM,0.7796,PASS
pt::B000WBQOZW,0.8577,PASS
pt::B0015EMZU8,0.8479,PASS
pt::B0017JHU10,0.7934,PASS
pt::B001EO10IW,0.8644,PASS
pt::B001JT5PH4,0.8560,PASS
pt::B001LK8PUK,0.8790,PASS
pt::B001RF9PEE,0.8483,PASS
pt::B001T0HXRS,0.8825,PASS
pt::B001U2DPUE,0.8432,PASS
pt::B002ROIHPC,0.7654,PASS
pt::B002ROIJGY,0.8588,PASS
pt::B00316ZH5I,0.8101,PASS
pt::B0032I6RBI,0.8071,PASS
pt::B00425GCTC,0.8580,PASS
pt::B004PX56TI,0.8681,PASS
pt::B004W3B3C0,0.8639,PASS
pt::B0055I183U,0.6480,RETRY
pt::B005BI5WMW,0.6397,RETRY
pt::B005E7TE9W,0.7495,PASS
pt::B005HFYE1O,0.7020,PASS
pt::B005I03WOI,0.6268,RETRY
pt::B005N1QL54,0.8379,PASS
pt::B006UMM15O,0.8743,PASS
pt::B006ZNBILG,0.8648,PASS
pt::B008YQAFH0,0.7758,PASS
pt::B0095MFAFO,0.8395,PASS
pt::B0000511A8,0.6152,RETRY
pt::B000059MSI,0.8120,PASS
pt::B00009N6VK,0.8443,PASS
pt::B0001GRTK2,0.8602,PASS
pt::B00032AIGG,0.7235,PASS
pt::B000BFYPM8,0.8649,PASS
pt::B000PCVF3E,0.7993,PASS
pt::B001158BFE,0.8407,PASS
pt::B00123Q8VY,0.8464,PASS
pt::B00170H0O6,0.7947,PASS
pt::B001LK6ZAC,0.7507,PASS
pt::B002647HF4,0.8733,PASS
pt::B002TV5M5G,0.8237,PASS
pt::B002ZUX8RA,0.8181,PASS
pt::B002ZV6S7Q,0.8812,PASS
pt::B0056J7OIQ,0.8642,PASS
pt::B005ZNHOW4,0.8796,PASS
pt::B000001OL6,0.7928,PASS
pt::B00000J1EP,0.7769,PASS
pt::B00001ZT4H,0.8456,PASS
pt::B00003GO0E,0.8523,PASS
pt::B00004SU73,0.8789,PASS
pt::B00004SYKO,0.8511,PASS
pt::B00004TWVY,0.8626,PASS
pt::B00005AQ53,0.8663,PASS
pt::B00005NOHQ,0.8278,PASS
pt::B00005T3BP,0.8603,PASS
pt::B00005UKBG,0.8129,PASS
pt::B000067SQP,0.7142,PASS
pt::B000067VBM,0.8145,PASS
pt::B000067VC3,0.8601,PASS
pt::B000068CNT,0.6877,RETRY
pt::B00006HXLO,0.8510,PASS
pt::B00006IBLQ,0.8622,PASS
pt::B00006L43O,0.8497,PASS
pt::B00007E8AB,0.6086,RETRY
pt::B000087NBW,0.7838,PASS
pt::B0000CFYMB,0.8521,PASS
pt::B0000DC640,0.8051,PASS
pt::B00012YI9Q,0.8456,PASS
pt::B00012YIA0,0.8542,PASS
pt::B0001BVD1S,0.8628,PASS
pt::B0002375F8,0.7671,PASS
pt::B0002J5TGY,0.7564,PASS
pt::B0009RNYQG,0.8153,PASS
pt::B000ASGFRE,0.8737,PASS
pt::B000BSLTMY,0.8271,PASS
pt::B000CBB4N4,0.8680,PASS
pt::B000CQVX5I,0.8582,PASS
pt::B000E8P7Z6,0.8732,PASS
pt::B000EBRFDU,0.8609,PASS
pt::B000EUFJX4,0.7891,PASS
pt::B000EUFJXE,0.8558,PASS
pt::B000FCP4ZY,0.6765,RETRY
pt::B000RA7IZS,0.6987,RETRY
pt::B000UCS10Y,0.8746,PASS
pt::B000V4OSMQ,0.6980,RETRY
pt::B000V4URJ4,0.7676,PASS
pt::B000YD2DZS,0.8538,PASS
pt::B001407E86,0.7554,PASS
pt::B0014F9U6U,0.6280,RETRY
pt::B00195IURA,0.7595,PASS
pt::B001DJXNS8,0.7333,PASS
pt::B001ELJ9P6,0.8638,PASS
pt::B001IZGZVO,0.6382,RETRY
pt::B001O9ARD6,0.8783,PASS
pt::B001TP3CH8,0.8678,PASS
pt::B002C9RGV8,0.8566,PASS
pt::B002KKCNHG,0.8636,PASS
pt::B002S1CJ2Q,0.7756,PASS
pt::B0038L44EG,0.8558,PASS
pt::B0001YFZ46,0.8766,PASS
pt::B000B63KSM,0.8585,PASS
pt::B000W9T2M6,0.8219,PASS
pt::B0012PQ7C2,0.8033,PASS
pt::B0017U8FTU,0.8670,PASS
pt::B002DSHMA8,0.8807,PASS
pt::B003S68Q0Y,0.8538,PASS
pt::B00503EA80,0.8421,PASS
pt::B005MI8NQ8,0.8673,PASS
pt::B000MX07GC,0.8634,PASS
pt::B001ENOZY4,0.8207,PASS
pt::B002BGVSCK,0.8493,PASS
pt::B0035WTVZA,0.8729,PASS
pt::B00373LR68,0.8647,PASS
pt::B003IGNUL4,0.8086,PASS
pt::B003W5QCTI,0.8038,PASS
pt::B004QZ3EHQ,0.8611,PASS
pt::B0055QKA5O,0.8823,PASS
pt::B0057OX3JY,0.8482,PASS
pt::B007UT2LB0,0.8719,PASS
pt::B008KWG4UU,0.8231,PASS
pt::B00000J6WY,0.6501,RETRY
pt::B000FO1WCQ,0.7882,PASS
pt::B000JFQ3ZC,0.8491,PASS
pt::B000MVBV2S,0.8134,PASS
pt::B000N254LU,0.8302,PASS
pt::B000V7AF8E,0.8435,PASS
pt::B000VVXNZW,0.8628,PASS
pt::B000YA6JA6,0.8783,PASS
pt::B0013PSOT0,0.8600,PASS
pt::B001418W2C,0.8384,PASS
pt::B001AWTLPW,0.8523,PASS
pt::B001AXBGZO,0.7958,PASS
pt::B00462QNT0,0.7640,PASS
pt::B0051WAM1O,0.7503,PASS
pt::B00006I5TD,0.8716,PASS
pt::B0000BYDKO,0.6370,RETRY
pt::B00018U7J0,0.7972,PASS
pt::B000E8SWQM,0.8499,PASS
pt::B000KCSS34,0.8365,PASS
pt::B000NRRDFU,0.7602,PASS
pt::B0012OKPBM,0.8763,PASS
pt::B0017RXJSK,0.7647,PASS
pt::B0017YHCJA,0.7552,PASS
pt::B002P3KMLW,0.8777,PASS
pt::B002PY7MS2,0.8765,PASS
pt::B003Y3BJ9Q,0.8491,PASS
pt::B004460DIA,0.8654,PASS
pt::B004M8ST36,0.8332,PASS
pt::B004OA758M,0.8817,PASS
pt::B0054I54F4,0.8408,PASS
pt::B006JO1YGA,0.8276,PASS
pt::B00005A1KZ,0.8519,PASS
pt::B0002Y5WZC,0.7460,PASS
pt::B0002Z2416,0.7292,PASS
pt::B0016Q6BXC,0.8338,PASS
pt::B0018QNYSK,0.8235,PASS
pt::B001DGZ05A,0.8641,PASS
pt::B002A3MIZK,0.8497,PASS
pt::B002S9KTAW,0.7297,PASS
pt::B00377T284,0.8709,PASS
pt::B003D8CF90,0.7068,PASS
pt::B003TM600U,0.7776,PASS
pt::B003UAWD4I,0.6734,RETRY
pt::B003UDPU0Y,0.8039,PASS
pt::B0044WX0K2,0.7891,PASS
pt::B00456PGOA,0.5885,RETRY
pt::B004E2XC64,0.8302,PASS
pt::B004GAHXVO,0.8557,PASS
pt::B004JOQSEA,0.8259,PASS
pt::B004M8RPBI,0.8599,PASS
pt::B0054EGH9A,0.7751,PASS
pt::B006K556B2,0.6744,RETRY
pt::B0099SGFZI,0.8438,PASS
pt::B000HNHA12,0.8006,PASS
pt::B001VK18HC,0.8215,PASS
pt::B00368CIBC,0.7482,PASS
pt::B0036F2Z7W,0.7761,PASS
pt::B003Y4B4H2,0.8438,PASS
pt::B0044XIQIW,0.8035,PASS
pt::B0047EE0XS,0.7849,PASS
pt::B004MS8QQ6,0.8557,PASS
pt::B005GSYQ1A,0.8283,PASS
pt::B006GCYAOS,0.8524,PASS
pt::B008BF9B1A,0.8102,PASS
pt::B008ZB54P2,0.7848,PASS
pt::B009AU2ICY,0.8463,PASS
pt::B00028ONIA,0.8518,PASS
pt::B0002BEPU8,0.8265,PASS
pt::B0002BEQJ8,0.7334,PASS
pt::B0002VFWSW,0.8422,PASS
pt::B00092ZY0A,0.8066,PASS
pt::B000DZ9MYM,0.8125,PASS
pt::B000F49RAA,0.8786,PASS
pt::B000H94W4O,0.8533,PASS
pt::B000J45BK6,0.7474,PASS
pt::B000P0NJPS,0.8355,PASS
pt::B00284VD02,0.8630,PASS
pt::B002F9NBIM,0.6883,RETRY
pt::B002HIZQ0W,0.8747,PASS
pt::B002K8H7XS,0.6427,RETRY
pt::B003015IWG,0.8723,PASS
pt::B0042X96II,0.8201,PASS
pt::B004QR56R0,0.8728,PASS
pt::B004VRJ3EC,0.8377,PASS
pt::B005A9ZYI4,0.8127,PASS
pt::B00793MIJC,0.8847,PASS
pt::B007JCNOQO,0.8639,PASS
pt::B0082DCPQ4,0.8796,PASS
pt::B008KYY0WW,0.8115,PASS
pt::0594481813,0.8544,PASS
pt::B00005105L,0.8596,PASS
pt::B000068O1M,0.6237,RETRY
pt::B000068O4N,0.6450,RETRY
pt::B0009B0K2I,0.8380,PASS
pt::B0009YFS4A,0.8650,PASS
pt::B000J1H4VI,0.6056,RETRY
pt::B000ZJWZYU,0.8531,PASS
pt::B0011YZJPA,0.8634,PASS
pt::B0019NKGR4,0.7160,PASS
pt::B001JYVFLY,0.7011,PASS
pt::B001VL572I,0.7327,PASS
pt::B002DUKPN2,0.8317,PASS
pt::B002LU80QS,0.4724,RETRY
pt::B002OFP6QW,0.8151,PASS
pt::B002SAA42Y,0.8511,PASS
pt::B0036WTDHK,0.8660,PASS
pt::B003BFNYK4,0.8424,PASS
pt::B003TUMDWG,0.8560,PASS
pt::B003TXZCYE,0.8630,PASS
pt::B004SBYQE8,0.8469,PASS
pt::B0057GNDBA,0.8510,PASS
pt::B005E2XYA2,0.7933,PASS
pt::B005JHRRFK,0.8259,PASS
pt::B005LFYCM6,0.8522,PASS
pt::B005SZ6HS6,0.8455,PASS
pt::B00650P2ZC,0.8529,PASS
pt::B006H06TVG,0.8529,PASS
pt::B006L6ZL8I,0.8486,PASS
pt::B006TVQTHW,0.8661,PASS
pt::B007C2IKQU,0.8591,PASS
pt::B007PESCCC,0.8619,PASS
pt::B007XA969G,0.7186,PASS
pt::B007XACV8O,0.6867,RETRY
pt::B008A36R2Y,0.3771,RETRY
pt::B008ASF5MC,0.7441,PASS
pt::B008BFXOZE,0.8591,PASS
pt::B008TT7CXW,0.8317,PASS
pt::B008Y8PON8,0.8483,PASS
pt::B0090IA3AU,0.8471,PASS
pt::B00966IREK,0.8200,PASS
pt::B009L7E838,0.8434,PASS
pt::B00000J3UH,0.8669,PASS
pt::B00000JDF6,0.7974,PASS
pt::B00004YKDT,0.7870,PASS
pt::B000058TLP,0.8875,PASS
pt::B00006G2OJ,0.8058,PASS
pt::B00006JLOS,0.8752,PASS
pt::B000085BD8,0.7280,PASS
pt::B000087KYH,0.8899,PASS
pt::B0000DK39Z,0.8821,PASS
pt::B000GD3J3G,0.8684,PASS
pt::B000VXD2S8,0.8623,PASS
pt::B000XQONSG,0.8572,PASS
pt::B001E2T6Y4,0.8145,PASS
pt::B003ZUXVQM,0.8727,PASS
pt::B004QMA3U0,0.8694,PASS
pt::B0078GCLU6,0.7994,PASS
pt::B00005Y7DP,0.8464,PASS
pt::B0003NN80S,0.8025,PASS
pt::B0009RJNJ8,0.8731,PASS
pt::B000IF80ZE,0.8822,PASS
pt::B000JJLHIQ,0.7851,PASS
pt::B000RLBWJK,0.8582,PASS
pt::B000X1TS54,0.8491,PASS
pt::B0011E87QI,0.8806,PASS
pt::B00152RKK0,0.8538,PASS
pt::B0015V3P8W,0.7495,PASS
pt::B0018QNYIK,0.8264,PASS
pt::B001TCJFCM,0.8743,PASS
pt::B001UJMWZ6,0.8467,PASS
pt::B00295RBQ0,0.8512,PASS
pt::B002LZUY8A,0.8190,PASS
pt::B003DNSJPE,0.8391,PASS
pt::B003NG0BKM,0.8600,PASS
pt::B003O85DSE,0.8614,PASS
pt::B004ETIKH8,0.8086,PASS
pt::B004L9M0B8,0.8468,PASS
pt::B004NQYDKA,0.7889,PASS
pt::B004S22KFE,0.8703,PASS
pt::B00667F7OK,0.8759,PASS
pt::B00723PZ2G,0.8541,PASS
pt::B007CFRF72,0.7849,PASS
pt::B007N6N1NC,0.8555,PASS
pt::B00009R9CZ,0.6832,RETRY
pt::B0009QZDL6,0.8650,PASS
pt::B000EPRG6W,0.7400,PASS
pt::B000MSS5YS,0.8421,PASS
pt::B000VMXL12,0.8613,PASS
pt::B0010PASMY,0.8613,PASS
pt::B00111V2Y0,0.7885,PASS
pt::B0014D2WGW,0.5538,RETRY
pt::B00176UYKC,0.4582,RETRY
pt::B001DYLGM8,0.8558,PASS
pt::B001G2RAMW,0.8566,PASS
pt::B001G45VTE,0.8424,PASS
pt::B001HSXOZC,0.8677,PASS
pt::B001QNBUA4,0.8507,PASS
pt::B002EVPCSS,0.6311,RETRY
pt::B002HMC7A0,0.8511,PASS
pt::B002HZW6WQ,0.8655,PASS
pt::B002K42W4Q,0.7566,PASS
pt::B002SQKL7Q,0.7538,PASS
pt::B002YOVF90,0.8406,PASS
pt::B00322OP3Q,0.8751,PASS
pt::B003K0E6BG,0.7521,PASS
pt::B003LZ5SM6,0.8104,PASS
pt::B003SQEAY0,0.8495,PASS
pt::B0043QRFZA,0.8761,PASS
pt::B004GWY5UE,0.8074,PASS
pt::B004HD3G6Q,0.8501,PASS
pt::B00505EZZ6,0.8263,PASS
pt::B00558BXS0,0.7093,PASS
pt::B00558C1CC,0.6649,RETRY
pt::B005E65BK4,0.7978,PASS
pt::B005HQ5O8K,0.5453,RETRY
pt::B005OU4Q9W,0.3094,RETRY
pt::B005UUJZ2E,0.7775,PASS
pt::B005VS2Q5I,0.8707,PASS
pt::B006DNXE24,0.8560,PASS
pt::B007534LFK,0.8688,PASS
pt::B007FDE4Y8,0.8407,PASS
pt::B007PU2X6C,0.8770,PASS
pt::B009GGC4B2,0.8010,PASS
pt::B0006MOTRW,0.8737,PASS
pt::B000ZH7J9S,0.8371,PASS
pt::B0018UVQZE,0.8557,PASS
pt::B003TLSXMO,0.7699,PASS
pt::B003ZYDQVI,0.8821,PASS
pt::B00475K64E,0.8256,PASS
pt::B0049XV5LM,0.8472,PASS
pt::B004RSCL4E,0.8293,PASS
pt::B004TBBSNY,0.8230,PASS
pt::B004UK4EYE,0.7562,PASS
pt::B005LN51JG,0.7230,PASS
pt::B005MI8NQI,0.8673,PASS
pt::B006427IY4,0.8389,PASS
pt::B008R39DZK,0.7667,PASS
pt::B0009O6IXA,0.8285,PASS
pt::B000EVOP6A,0.8208,PASS
pt::B000J2GUS0,0.8113,PASS
pt::B000JLWFNA,0.6476,RETRY
pt::B000KOGIWA,0.8570,PASS
pt::B000NDBRJW,0.8606,PASS
pt::B000O0K678,0.8342,PASS
pt::B000QDNPVM,0.8640,PASS
pt::B000RZSHQM,0.8706,PASS
pt::B00139OIRI,0.8143,PASS
pt::B001MVL6C2,0.8436,PASS
pt::B001QLEW5Q,0.8427,PASS
pt::B001RHVS8I,0.8069,PASS
pt::B0039STTVQ,0.8793,PASS
pt::B004HFV5PS,0.6607,RETRY
pt::B004JPOIX2,0.5540,RETRY
pt::B004QGXOOI,0.8535,PASS
pt::B004UAWRCU,0.6393,RETRY
pt::B000167SXK,0.8678,PASS
pt::B0006L4Z7W,0.5249,RETRY
pt::B000E1FYRO,0.8300,PASS
pt::B000I3NUQ0,0.8165,PASS
pt::B000WL0I1I,0.7906,PASS
pt::B001QTXKCE,0.8254,PASS
pt::B002DW99O6,0.8675,PASS
pt::B0031ESKRM,0.8670,PASS
pt::B003H05UXM,0.8529,PASS
pt::B003YKG86S,0.8008,PASS
pt::B0046TUR3G,0.7365,PASS
pt::B004JMZZE6,0.8436,PASS
pt::B00793MIJM,0.8831,PASS
pt::B008D6YZXG,0.8592,PASS
pt::B000065CEV,0.8015,PASS
pt::B0001XGQSG,0.8642,PASS
pt::B00022OBO2,0.8314,PASS
pt::B0002EHOCQ,0.8532,PASS
pt::B0002GX0ZE,0.6869,RETRY
pt::B0002KR3X0,0.4702,RETRY
pt::B0002PUI82,0.7641,PASS
pt::B0002QPC28,0.5228,RETRY
pt::B0002ZPLHK,0.8282,PASS
pt::B0007LCLPE,0.7600,PASS
pt::B0009A4LU6,0.7985,PASS
pt::B000ES9J00,0.8351,PASS
pt::B000GAUZG8,0.7688,PASS
pt::B000O50VEQ,0.8349,PASS
pt::B000O8R466,0.8229,PASS
pt::B000RGR50U,0.8543,PASS
pt::B000V1JUJU,0.6999,RETRY
pt::B0014BOQ54,0.8469,PASS
pt::B0014YXM9M,0.7382,PASS
pt::B001JHXOTW,0.7720,PASS
pt::B001K38Z2G,0.6821,RETRY
pt::B001MPWMDA,0.8575,PASS
pt::B001UQ6E4E,0.8734,PASS
pt::B001WW0D98,0.8156,PASS
pt::B00273W0LU,0.8536,PASS
pt::B002C38OLA,0.7243,PASS
pt::B0032ANC8M,0.6927,RETRY
pt::B003ZDNXZS,0.7332,PASS
pt::B0046DYKVM,0.6343,RETRY
pt::B004OYP634,0.8309,PASS
pt::B004PFD0AS,0.8091,PASS
pt::B004T8KZCM,0.6002,RETRY
pt::B0050HH70E,0.6502,RETRY
pt::B0050NF926,0.5871,RETRY
pt::B0052OGTBS,0.7666,PASS
pt::B00553X96Y,0.8283,PASS
pt::B0056IB3DY,0.8675,PASS
pt::B005DJJGSK,0.6675,RETRY
pt::B006AR2SKW,0.7302,PASS
pt::B007XJIYI6,0.7691,PASS
pt::B00805VUD8,0.8362,PASS
pt::B0085MRFVW,0.8152,PASS
pt::B0085WN7YQ,0.8460,PASS
pt::B008LR35VK,0.7800,PASS
pt::B008NCD2EI,0.8487,PASS
pt::B009EIANT2,0.8270,PASS
pt::B001RQ1R8U,0.8680,PASS
pt::B0032UWTMM,0.8798,PASS
pt::B0044TXDSE,0.8252,PASS
pt::B005SN3I58,0.8440,PASS
pt::B006K552SE,0.8820,PASS
pt::B007SPM8ZA,0.7550,PASS
pt::B00005LEOI,0.8496,PASS
pt::B00006HUAS,0.8296,PASS
pt::B00007EDZ7,0.7224,PASS
pt::B0000E2Y7Q,0.8573,PASS
pt::B00020H1TG,0.8709,PASS
pt::B0007Q9PWQ,0.8666,PASS
pt::B0007R4LI8,0.8202,PASS
pt::B000BRJDB4,0.8542,PASS
pt::B000DZGA92,0.8633,PASS
pt::B000H7GFXM,0.8552,PASS
pt::B000XRRDWS,0.8704,PASS
pt::B00117G078,0.8236,PASS
pt::B0013L5INE,0.6691,RETRY
pt::B001AXKY70,0.8284,PASS
pt::B001CY0P7G,0.8216,PASS
pt::B001GCUXF8,0.6344,RETRY
pt::B001OOKFJM,0.8215,PASS
pt::B001TK3D4A,0.8577,PASS
pt::B002OL4EE6,0.8264,PASS
pt::B002OOWC8I,0.5972,RETRY
pt::B003E4792Q,0.7822,PASS
pt::B003Y2KCAY,0.8242,PASS
pt::B004060A0K,0.7635,PASS
pt::B0046HUK3K,0.8436,PASS
pt::B004G3PANY,0.8535,PASS
pt::B005BZNDCG,0.8628,PASS
pt::B005Y8BYOE,0.8445,PASS
pt::B0065DUJ0C,0.8470,PASS
pt::B00695LU5O,0.8589,PASS
pt::B006T4USAI,0.8175,PASS
pt::B0073K645A,0.8727,PASS
pt::B007VGGIRK,0.8525,PASS
pt::B008U2HTIQ,0.7274,PASS
pt::B009HU6RI8,0.8243,PASS
pt::B000816CEY,0.8741,PASS
pt::B000EDKO04,0.8500,PASS
pt::B000EUCMV6,0.8690,PASS
pt::B000ND93DE,0.8338,PASS
pt::B000PDR1LS,0.8674,PASS
pt::B00141AZR2,0.8734,PASS
pt::B001JE5N3A,0.8581,PASS
pt::B001R5FRMI,0.6985,RETRY
pt::B001SEL326,0.8411,PASS
pt::B001T9N9JU,0.8725,PASS
pt::B00307EL8M,0.8066,PASS
pt::B00318CGD2,0.8820,PASS
pt::B003KTN668,0.8651,PASS
pt::B003KTN672,0.8679,PASS
pt::B003X26VV4,0.7986,PASS
pt::B003X26VVO,0.8461,PASS
pt::B004PYDE1E,0.8639,PASS
pt::B00005LELD,0.8678,PASS
pt::B00012BYXO,0.8244,PASS
pt::B0009B0H08,0.5511,RETRY
pt::B000AQOD2U,0.8714,PASS
pt::B000BDDOP4,0.8667,PASS
pt::B000PALZE0,0.8733,PASS
pt::B000QFIS12,0.8210,PASS
pt::B000ROK6LC,0.8365,PASS
pt::B000V6WB3W,0.8451,PASS
pt::B000YNVSMW,0.8384,PASS
pt::B0012RX0OI,0.8395,PASS
pt::B001K9X78M,0.8239,PASS
pt::B001M5BIX0,0.8256,PASS
pt::B001O0DQXI,0.8414,PASS
pt::B002CSRFD8,0.8291,PASS
pt::B002LV7X1K,0.7343,PASS
pt::B003EHCBDA,0.5281,RETRY
pt::B003FGWKH2,0.8604,PASS
pt::B003YNB86K,0.8120,PASS
pt::B0044TVYWG,0.8142,PASS
pt::B0049IOPFK,0.8004,PASS
pt::B0049U477Y,0.8769,PASS
pt::B004JCUP6E,0.5955,RETRY
pt::B004SOT9GU,0.8277,PASS
pt::B004Z55VP0,0.8541,PASS
pt::B0055P56V8,0.6223,RETRY
pt::B0058OGZIY,0.8458,PASS
pt::B005DIBHA6,0.8598,PASS
pt::B005EDUQ1Q,0.8455,PASS
pt::B005TFU7X6,0.8753,PASS
pt::B0062WBQIK,0.7043,PASS
pt::B0064P5I1G,0.8196,PASS
pt::B006QV7WM6,0.8225,PASS
pt::B006TAO7CM,0.6744,RETRY
pt::B0073GJFAA,0.7824,PASS
pt::B007B5PPF2,0.8134,PASS
pt::B00893PX66,0.8072,PASS
pt::B008BBKARI,0.5805,RETRY
pt::B008FJJ66C,0.8577,PASS
pt::B008N6FM7E,0.7854,PASS
pt::B008V226YC,0.5741,RETRY
pt::B009FYHXX4,0.7193,PASS
pt::B009KUKZ3I,0.8125,PASS
pt::B00004RC2G,0.8688,PASS
pt::B00004UE2R,0.7434,PASS
pt::B0000514OG,0.7960,PASS
pt::B00006B828,0.7826,PASS
pt::B0000DZFVK,0.7208,PASS
pt::B0001G6U52,0.8709,PASS
pt::B0001WXTF0,0.8605,PASS
pt::B0008G1RSU,0.8820,PASS
pt::B000A4AVQO,0.8754,PASS
pt::B000EBBJ6Y,0.8837,PASS
pt::B000N53T0K,0.8156,PASS
pt::B000W3XJIA,0.8731,PASS
pt::B000YGNZN4,0.8563,PASS
pt::B0012ZQ0GA,0.7739,PASS
pt::B001AZUTCS,0.8270,PASS
pt::B001JTQUYG,0.8690,PASS
pt::B001PHLMAE,0.7725,PASS
pt::B002E3AIG2,0.8724,PASS
pt::B002W4M0DW,0.8173,PASS
pt::B0036VO4X4,0.8295,PASS
pt::B003ICWAUU,0.8250,PASS
pt::B003JNEVRI,0.7472,PASS
pt::B003NE5JCE,0.8439,PASS
pt::B003W22MOU,0.8067,PASS
pt::B004HO6HYS,0.8565,PASS
pt::B004S6315S,0.5763,RETRY
pt::B005G9C4K4,0.8555,PASS
pt::B005KJZGYQ,0.8382,PASS
pt::B006B7R4LY,0.6389,RETRY
pt::B006B7R9QE,0.8332,PASS
pt::B006XGCQ2U,0.8803,PASS
pt::B007JCNOY6,0.8504,PASS
pt::B007MHMNFE,0.8532,PASS
pt::B007R9M6PO,0.8423,PASS
pt::B008J127VC,0.7604,PASS
pt::B008L1OCF4,0.8462,PASS
pt::B008RI1YKC,0.8577,PASS
pt::B0091TA5EW,0.8712,PASS
pt::B000067RQ2,0.8278,PASS
pt::B00007ISWA,0.8558,PASS
pt::B00009QOU5,0.6469,RETRY
pt::B0001H29OW,0.7512,PASS
pt::B0007U9SOC,0.8267,PASS
pt::B0009K7CZC,0.8354,PASS
pt::B000CBLYVG,0.8652,PASS
pt::B000CLT67A,0.8407,PASS
pt::B000COZ45K,0.6694,RETRY
pt::B000EDNOFG,0.5692,RETRY
pt::B000F6K00O,0.8729,PASS
pt::B000FFQ1VM,0.6522,RETRY
pt::B000FI9VU2,0.8116,PASS
pt::B000LWJ1ES,0.7719,PASS
pt::B000M3GODW,0.8615,PASS
pt::B000U92DLA,0.8228,PASS
pt::B00123XZNI,0.8260,PASS
pt::B0012GBBQS,0.8580,PASS
pt::B00144PH1S,0.8665,PASS
pt::B0017P3BHG,0.7910,PASS
pt::B0018DQYQ2,0.8138,PASS
pt::B001A1RMXG,0.8111,PASS
pt::B001FA0BQM,0.8270,PASS
pt::B001HBIZQM,0.7174,PASS
pt::B001PA9GX6,0.7783,PASS
pt::B001SER4BU,0.8885,PASS
pt::B0026KW8SY,0.8440,PASS
pt::B002ROCSC0,0.6256,RETRY
pt::B0031RGKYE,0.8052,PASS
pt::B003I4BIJW,0.8311,PASS
pt::B003L62T7W,0.8553,PASS
pt::B003TOWNT0,0.8544,PASS
pt::B0040JHG86,0.7747,PASS
pt::B0042UBPRG,0.8398,PASS
pt::B0042XSJWM,0.8041,PASS
pt::B004ADFV5W,0.5646,RETRY
pt::B004H8FN6W,0.8163,PASS
pt::B004K1FTK6,0.8481,PASS
pt::B004N622H6,0.8302,PASS
pt::B004S7F2MW,0.8595,PASS
pt::B004VRQNS6,0.8404,PASS
pt::B0056XEFJ8,0.8073,PASS
pt::B005OOJPKS,0.8378,PASS
pt::B0061ZP01M,0.7958,PASS
pt::B006OAKM9E,0.8397,PASS
pt::B0074CISLK,0.8623,PASS
pt::B008N8GHEO,0.8619,PASS
pt::B00006JPF8,0.8397,PASS
pt::B000BYJFYW,0.7822,PASS
pt::B000K41PH8,0.8728,PASS
pt::B000VOE466,0.8750,PASS
pt::B000WINAGG,0.8740,PASS
pt::B00142OHAC,0.8752,PASS
pt::B001DKELYC,0.8417,PASS
pt::B003HIXP9K,0.8748,PASS
pt::B004O6MN7E,0.8470,PASS
pt::B005IVYZKC,0.8655,PASS
pt::B0013P3ZOE,0.8527,PASS
pt::B001RNO8ZC,0.8736,PASS
pt::B001S10DDO,0.8683,PASS
pt::B0026FCI2U,0.8704,PASS
pt::B0035WTD2G,0.8173,PASS
pt::B003AVMRQG,0.8206,PASS
pt::B003O520JC,0.6085,RETRY
pt::B003WE9WQO,0.8398,PASS
pt::B0045L4BJ6,0.8536,PASS
pt::B004CYZ7E4,0.8386,PASS
pt::B004FA8NOQ,0.8624,PASS
pt::B004GCIZ5A,0.8657,PASS
pt::B004GUT33A,0.7998,PASS
pt::B004I763AW,0.8226,PASS
pt::B004LB5AT0,0.8308,PASS
pt::B004NBZAES,0.8251,PASS
pt::B004PGAMJY,0.8350,PASS
pt::B004PIRAXI,0.8495,PASS
pt::B004RFBIUU,0.8139,PASS
pt::B004S5CCP4,0.7983,PASS
pt::B004TPTTS6,0.8417,PASS
pt::B004XUINGQ,0.7948,PASS
pt::B004ZCHV56,0.7719,PASS
pt::B004ZI8XI4,0.8484,PASS
pt::B0050119O0,0.8372,PASS
pt::B0050HZ7AQ,0.8368,PASS
pt::B0052TIRQI,0.8127,PASS
pt::B0056GJL26,0.7961,PASS
pt::B0056YNA2A,0.8614,PASS
pt::B005CGFU4I,0.8662,PASS
pt::B005FGQLLG,0.7942,PASS
pt::B005LJWB9I,0.8654,PASS
pt::B005SESO9M,0.6994,RETRY
pt::B005THXZDS,0.8244,PASS
pt::B005UBNKZG,0.8311,PASS
pt::B005UBNL0A,0.7584,PASS
pt::B005WUWJHK,0.7338,PASS
pt::B005X64OA8,0.8527,PASS
pt::B0064Z6YD2,0.8405,PASS
pt::B006EKJ8UI,0.8624,PASS
pt::B006ZAHMPA,0.8846,PASS
pt::B0073JYZ48,0.8172,PASS
pt::B00775OC28,0.6352,RETRY
pt::B0079XWPEK,0.8542,PASS
pt::B007BDJ58M,0.6584,RETRY
pt::B007G51UV0,0.7964,PASS
pt::B007R21JJA,0.7533,PASS
pt::B007R21K9E,0.7872,PASS
pt::B007ZUDOKG,0.8367,PASS
pt::B00834SK5W,0.8645,PASS
pt::B008AFZ0TS,0.7921,PASS
pt::B008D1JKF4,0.8145,PASS
pt::B008GPYT7Q,0.7721,PASS
pt::B009K1PY42,0.8147,PASS
pt::B000068O0U,0.6190,RETRY
pt::B000068O1J,0.6998,RETRY
pt::B00006L4F1,0.8258,PASS
pt::B00009YFTI,0.8081,PASS
pt::B000234TYI,0.7500,PASS
pt::B000GHXTBO,0.4827,RETRY
pt::B000V6T5HW,0.7501,PASS
pt::B00119NBEG,0.8146,PASS
pt::B0019EQ1RW,0.8590,PASS
pt::B0019W1LNS,0.7890,PASS
pt::B001HZI2ZC,0.8555,PASS
pt::B002XJ3JL8,0.8357,PASS
pt::B003MQ29B2,0.5682,RETRY
pt::B0046L1PC6,0.8549,PASS
pt::B004AB4YWA,0.7033,PASS
pt::B004E5OR74,0.7568,PASS
pt::B004P8J3U6,0.8551,PASS
pt::B00512HSGQ,0.8202,PASS
pt::B0056TYT66,0.7982,PASS
pt::B005BHIZ7M,0.8483,PASS
pt::B005HU0LX4,0.8783,PASS
pt::B005LIDU5S,0.8522,PASS
pt::B005VR1VQE,0.6048,RETRY
pt::B006YG9E7O,0.7853,PASS
pt::B007IMPMW4,0.8732,PASS
pt::B007KJ1TGS,0.6739,RETRY
pt::B007QXLIWI,0.7166,PASS
pt::B007RIFMQA,0.8519,PASS
pt::B0083U94D8,0.8594,PASS
pt::B0085IZNJW,0.7880,PASS
pt::B008LSK85K,0.6943,RETRY
pt::B008PO5CSI,0.8325,PASS
pt::B0090878BW,0.7952,PASS
pt::B0093LINT2,0.5229,RETRY
pt::B000MCXB7K,0.8724,PASS
pt::B000Z13844,0.6393,RETRY
pt::B001WHQ9C8,0.7534,PASS
pt::B002BSGUZ8,0.8456,PASS
pt::B002CGRR8I,0.8709,PASS
pt::B002MCZF2C,0.8320,PASS
pt::B00365GUZ0,0.8176,PASS
pt::B003ILYJVY,0.8474,PASS
pt::B003VIWK0G,0.8587,PASS
pt::B003WLY24O,0.7871,PASS
pt::B003X26T70,0.7614,PASS
pt::B0040L3DAO,0.8412,PASS
pt::B004ASY5ZY,0.8104,PASS
pt::B004BU6ITW,0.8058,PASS
pt::B005H3Q59U,0.8328,PASS
pt::B005HFJFHW,0.8329,PASS
pt::B005HSDL4M,0.8775,PASS
pt::B005N8A4Z0,0.8771,PASS
pt::B0075WEPJI,0.8314,PASS
pt::B007KZQM9Q,0.5278,RETRY
pt::B007M4XML6,0.8749,PASS
pt::B007M8SH4E,0.8205,PASS
pt::B007PV9WUQ,0.4110,RETRY
pt::B007R67FTY,0.8574,PASS
pt::B007RYL8FI,0.7286,PASS
pt::B008XG1MEG,0.8081,PASS
pt::B0099VXLCU,0.8516,PASS
pt::B00009R898,0.8697,PASS
pt::B00009XVDB,0.8415,PASS
pt::B0001TST6W,0.7833,PASS
pt::B0006I09LQ,0.8496,PASS
pt::B0009RORAI,0.7679,PASS
pt::B000B73O7I,0.6476,RETRY
pt::B000GTC04E,0.8594,PASS
pt::B000MF4I7O,0.8414,PASS
pt::B0013LOU10,0.8423,PASS
pt::B0018PS4O0,0.7924,PASS
pt::B001KNQ29E,0.8300,PASS
pt::B001QVY91S,0.7849,PASS
pt::B001UGNKQE,0.7467,PASS
pt::B002C6QG4O,0.8439,PASS
pt::B002SXMRRQ,0.8006,PASS
pt::B003D8EA7A,0.8370,PASS
pt::B003LY3IJC,0.5439,RETRY
pt::B003SX0O16,0.8548,PASS
pt::B004ATJDVY,0.8110,PASS
pt::B004N623UW,0.7850,PASS
pt::B00506QPDU,0.7769,PASS
pt::B005GMWKAU,0.8005,PASS
pt::B005OAU24K,0.8263,PASS
pt::B005OMOV6S,0.8345,PASS
pt::B006XE4SIW,0.8737,PASS
pt::B0074AWVPG,0.8560,PASS
pt::B007PZALFC,0.7666,PASS
pt::B0087QK9TG,0.7790,PASS
pt::B008DWGLLO,0.7980,PASS
pt::B008X6C4I4,0.6818,RETRY
pt::B009069SVC,0.8376,PASS
pt::B0096D83ZG,0.8398,PASS
pt::B009K6UWWQ,0.8097,PASS
pt::B00000J4DV,0.8305,PASS
pt::B00008ZPJU,0.7840,PASS
pt::B00013UXRQ,0.8521,PASS
pt::B000AMC5EC,0.8713,PASS
pt::B002N8087C,0.8022,PASS
pt::B00322ON1K,0.8739,PASS
pt::B0034JLTNG,0.8004,PASS
pt::B003CJTNLI,0.8556,PASS
pt::B003KGBCZS,0.8401,PASS
pt::B003MEBTLK,0.7972,PASS
pt::B004K9CL6S,0.6984,RETRY
pt::B004XFYGNK,0.8254,PASS
pt::B007KTQFOY,0.6509,RETRY
pt::B000981B10,0.8126,PASS
pt::B000NO6WOQ,0.8601,PASS
pt::B000VSHT3C,0.8433,PASS
pt::B0014DURIW,0.6276,RETRY
pt::B001EVL21A,0.7089,PASS
pt::B002HU5UR4,0.8784,PASS
pt::B002S9KDKS,0.7851,PASS
pt::B002ZFF3KU,0.8738,PASS
pt::B0033V4DJC,0.8168,PASS
pt::B0034JWXBI,0.6755,RETRY
pt::B003MG9F78,0.8440,PASS
pt::B003TLAMV4,0.6859,RETRY
pt::B003XN4XJU,0.8085,PASS
pt::B0048O33P8,0.7451,PASS
pt::B004A2RKB6,0.8500,PASS
pt::B004GGNBJ6,0.6513,RETRY
pt::B004H8FN8K,0.8233,PASS
pt::B004M5H660,0.8634,PASS
pt::B004OC579E,0.7486,PASS
pt::B004UQ05M8,0.8712,PASS
pt::B005GCB6CS,0.8017,PASS
pt::B005ZPEQZA,0.8327,PASS
pt::B0066WVFLO,0.8505,PASS
pt::B006CTYL1W,0.7653,PASS
pt::B006EWUO22,0.8521,PASS
pt::B0073HSH8U,0.8687,PASS
pt::B007R21KBM,0.7817,PASS
pt::B007SU0LBS,0.8702,PASS
pt::B0083I7Y8W,0.8689,PASS
pt::B00000J3UJ,0.8628,PASS
pt::B00006I5SQ,0.8358,PASS
pt::B0000AHO92,0.7924,PASS
pt::B0000AQNX2,0.8324,PASS
pt::B0000BYBVT,0.7245,PASS
pt::B0000XOB7U,0.8511,PASS
pt::B0002CWPS6,0.5134,RETRY
pt::B0002EOFFK,0.8012,PASS
pt::B0002F3G7M,0.8427,PASS
pt::B0002GRLL8,0.8319,PASS
pt::B0002J28N6,0.4637,RETRY
pt::B0002KR74A,0.7860,PASS
pt::B000A8DSY2,0.7537,PASS
pt::B000CO9NTI,0.8570,PASS
pt::B000MGH5W8,0.8571,PASS
pt::B00112BA78,0.8340,PASS
pt::B0013L2FEE,0.8522,PASS
pt::B0017TYGMG,0.8544,PASS
pt::B0018MJ9ZG,0.6993,RETRY
pt::B001H9O73O,0.8583,PASS
pt::B001L5SN70,0.8705,PASS
pt::B002E4UWWQ,0.8788,PASS
pt::B002GR1YZ0,0.8574,PASS
pt::B002GWJ8N0,0.8757,PASS
pt::B002ISZD2C,0.7900,PASS
pt::B002T3H49Q,0.8797,PASS
pt::B00354HS3A,0.8719,PASS
pt::B003K0ZPN4,0.7548,PASS
pt::B003M2YP6S,0.8361,PASS
pt::B003OGNXZQ,0.8375,PASS
pt::B003WW0ILO,0.7919,PASS
pt::B0049V0ZX8,0.8082,PASS
pt::B004TDEJEM,0.7893,PASS
pt::B0057BBFX8,0.8237,PASS
pt::B005H16S6M,0.8499,PASS
pt::B005JXH1E6,0.8732,PASS
pt::B005JXH1EG,0.8783,PASS
pt::B005XUOQF2,0.8804,PASS
pt::B007OQ2SXA,0.8505,PASS
pt::B008PEVH0K,0.8751,PASS
pt::B00945RAQY,0.8459,PASS
pt::B00004ZCA5,0.7642,PASS
pt::B0001VWIR6,0.8489,PASS
pt::B000SOFV1Q,0.7506,PASS
pt::B00181BHRK,0.8468,PASS
pt::B001AYCNIW,0.8548,PASS
pt::B001P23Z36,0.8825,PASS
pt::B0028Y4DCC,0.8641,PASS
pt::B002L6GDXO,0.8577,PASS
pt::B004FOW2VW,0.8085,PASS
pt::B004OVEUPW,0.8392,PASS
pt::B0050ZKEJM,0.6875,RETRY
pt::B0059M4G9K,0.8639,PASS
pt::B00698ZUHK,0.7675,PASS
pt::B006OBGEHW,0.8661,PASS
pt::B0077EVNY4,0.8384,PASS
pt::B008IDC3H4,0.6918,RETRY
pt::B008S94NVM,0.8182,PASS
pt::B0091PEC3Q,0.8573,PASS
pt::B0095TEL8Y,0.6756,RETRY
pt::B000001OM5,0.8642,PASS
pt::B0000DD7OH,0.6039,RETRY
pt::B000JJSQ3A,0.5199,RETRY
pt::B000YQUWWQ,0.8389,PASS
pt::B0018MCGVU,0.8679,PASS
pt::B001N9X4CS,0.7265,PASS
pt::B001PII7O2,0.8152,PASS
pt::B00291N83O,0.8452,PASS
pt::B002RO8JE6,0.8253,PASS
pt::B0032IBYXO,0.5201,RETRY
pt::B003CEJS36,0.8188,PASS
pt::B003MVZ8QU,0.8030,PASS
pt::B0042KYJ88,0.8672,PASS
pt::B0042X9656,0.8520,PASS
pt::B004Z57XFQ,0.8480,PASS
pt::B0055MXRTO,0.7351,PASS
pt::B005LW1AT2,0.8407,PASS
pt::B005SPQ8XK,0.8601,PASS
pt::B0063Q3G3I,0.8466,PASS
pt::B006PWGEVQ,0.8549,PASS
pt::B006Q6RAAA,0.8441,PASS
pt::B006UIFTTS,0.8500,PASS
pt::B00768SBAU,0.8372,PASS
pt::B0078XQI9Y,0.8085,PASS
pt::B007BCN2FU,0.8258,PASS
pt::B008MUDGBA,0.7730,PASS
pt::B008YQACQY,0.7569,PASS
pt::B008ZVQHD0,0.8016,PASS
pt::B00915OTZC,0.8361,PASS
pt::B00000JMO4,0.8366,PASS
pt::B00004X0ZI,0.8726,PASS
pt::B00004XRED,0.8364,PASS
pt::B000092YPR,0.8549,PASS
pt::B000E1FYQA,0.8839,PASS
pt::B000P0PF96,0.8452,PASS
pt::B000QAY00K,0.8674,PASS
pt::B000VZL9C2,0.8753,PASS
pt::B000WFZ1U2,0.8737,PASS
pt::B000Y3YUOA,0.8596,PASS
pt::B0013ZGOXS,0.8590,PASS
pt::B0015A5AAY,0.8388,PASS
pt::B0016J1EAY,0.5696,RETRY
pt::B0019WX7KI,0.8443,PASS
pt::B001BN3QRE,0.8424,PASS
pt::B001DFZ5HO,0.8693,PASS
pt::B001UE8KUW,0.8420,PASS
pt::B0023P7GSO,0.7653,PASS
pt::B00275G0LO,0.7777,PASS
pt::B002ZNJB2S,0.7728,PASS
pt::B003G2YZ5K,0.6086,RETRY
pt::B0040X4PQI,0.8343,PASS
pt::B004AB715W,0.7843,PASS
pt::B005N8W27I,0.8700,PASS
pt::B006ID4A0E,0.8765,PASS
pt::B0079BLTPS,0.7716,PASS
pt::B008BBR8CI,0.7844,PASS
pt::B008X1BV9M,0.8769,PASS
pt::B000050AOO,0.7997,PASS
pt::B000H11RUY,0.8252,PASS
pt::B000LO8Z48,0.8418,PASS
pt::B000N4WRFY,0.8639,PASS
pt::B000R3OR8Q,0.8634,PASS
pt::B000V1O1EE,0.7628,PASS
pt::B0010ZWYF8,0.8384,PASS
pt::B001NN5NSM,0.4968,RETRY
pt::B001OZOCHW,0.7967,PASS
pt::B003VX1EF8,0.8679,PASS
pt::B003WJ218U,0.8275,PASS
pt::B003WY6122,0.8516,PASS
pt::B0042RA8C2,0.8505,PASS
pt::B0049HAG4U,0.7127,PASS
pt::B0056C4WN8,0.8299,PASS
pt::B005OTPVMY,0.8430,PASS
pt::B0068YRPDC,0.8645,PASS
pt::B006SRYI9S,0.7958,PASS
pt::B00752QXZ2,0.7840,PASS
pt::B007RTACDM,0.8215,PASS
pt::B008Q7HUR0,0.8317,PASS
pt::B00005AY8R,0.8683,PASS
pt::B00006GJT4,0.6371,RETRY
pt::B00008XETK,0.8380,PASS
pt::B0000BVDG8,0.8537,PASS
pt::B0000BZM56,0.7768,PASS
pt::B0000C47QI,0.8601,PASS
pt::B0000CCY7A,0.8633,PASS
pt::B000167KPQ,0.8646,PASS
pt::B00061S2OO,0.8706,PASS
pt::B00068B9RE,0.8313,PASS
pt::B0007L29LK,0.7980,PASS
pt::B0009H9PZU,0.8832,PASS
pt::B0009XG8Y0,0.8721,PASS
pt::B000A6V7MY,0.7374,PASS
pt::B000A7V3HW,0.8587,PASS
pt::B000HJ7SM2,0.8636,PASS
pt::B000UN7JXS,0.8747,PASS
pt::B000V2BYJI,0.8419,PASS
pt::B000V2FJAS,0.8462,PASS
pt::B000W8SSXQ,0.8674,PASS
pt::B0013HD89E,0.8431,PASS
pt::B0014FO5CE,0.8420,PASS
pt::B001CBUTJS,0.8560,PASS
pt::B001F1ZRAQ,0.8661,PASS
pt::B001TDL3W6,0.8724,PASS
pt::B002Q609FW,0.8622,PASS
pt::B003C15798,0.5766,RETRY
pt::B00494XZ1Y,0.8597,PASS
pt::B004C1VX7W,0.7992,PASS
pt::B004YI9HG2,0.8525,PASS
pt::B005NN8V3M,0.7222,PASS
pt::B00752NJMC,0.8635,PASS
pt::B00761SWWY,0.8457,PASS
pt::B009E3VFF8,0.8701,PASS
pt::B000001OM4,0.8668,PASS
pt::B00004ZCC2,0.8331,PASS
pt::B00006I5RA,0.8214,PASS
pt::B00009X75L,0.8207,PASS
pt::B000RZ8WHG,0.7993,PASS
pt::B0012BDFQW,0.8820,PASS
pt::B0012Y6VQA,0.8369,PASS
pt::B001418XS0,0.8347,PASS
pt::B001B2I9L8,0.8419,PASS
pt::B001S2PVS0,0.8759,PASS
pt::B002FPLE3U,0.5525,RETRY
pt::B002OOWCA6,0.8648,PASS
pt::B002SKVYZA,0.8366,PASS
pt::B002SQKVE4,0.8435,PASS
pt::B002WB433U,0.8608,PASS
pt::B003E2VLYA,0.8699,PASS
pt::B003TJALAI,0.8604,PASS
pt::B004SY5O5K,0.8147,PASS
pt::B005IQGMXU,0.8441,PASS
pt::B0019MEIOM,0.8536,PASS
pt::B001B5Z67U,0.8562,PASS
pt::B001CXWWBE,0.8258,PASS
pt::B001WLTI7W,0.7981,PASS
pt::B002SD9BHK,0.6986,RETRY
pt::B0035548VY,0.8694,PASS
pt::B0052606II,0.8016,PASS
pt::B005CKQF3E,0.8235,PASS
pt::B007ZSYC72,0.8047,PASS
pt::B00834SJH6,0.7600,PASS
pt::B00006JPRM,0.8597,PASS
pt::B000VITZ98,0.8190,PASS
pt::B0014JFXSK,0.8446,PASS
pt::B0015MPJ6W,0.8355,PASS
pt::B001N44UCQ,0.8298,PASS
pt::B002MRS5BU,0.8873,PASS
pt::B002OGWKXS,0.8259,PASS
pt::B002PHM0FO,0.8543,PASS
pt::B002PK1COG,0.8637,PASS
pt::B002RMPHMU,0.7446,PASS
pt::B002SP2X5U,0.8393,PASS
pt::B002SW3MP8,0.8469,PASS
pt::B002YYUHIA,0.8713,PASS
pt::B002ZAU47M,0.8482,PASS
pt::B0030B6F1O,0.8226,PASS
pt::B0030NL6FW,0.8824,PASS
pt::B00318CGBO,0.8835,PASS
pt::B00322PYZO,0.8816,PASS
pt::B00372YKMM,0.8648,PASS
pt::B003CHMCXG,0.8827,PASS
pt::B003CP0K8C,0.8717,PASS
pt::B003SCAYIA,0.8709,PASS
pt::B003SX0O2K,0.7487,PASS
pt::B003T90WY8,0.7156,PASS
pt::B003TFDUJ6,0.8726,PASS
pt::B003U9PSIC,0.8336,PASS
pt::B0040702IE,0.8810,PASS
pt::B0041RSE6U,0.8673,PASS
pt::B0041SWQ7C,0.8759,PASS
pt::B0042DT89U,0.7867,PASS
pt::B0042X93DQ,0.8438,PASS
pt::B0043D2I3M,0.8710,PASS
pt::B00475XLCS,0.8110,PASS
pt::B0047T79M2,0.8392,PASS
pt::B004FEQV2S,0.8768,PASS
pt::B004TB70Y0,0.8562,PASS
pt::B004TF3Q0I,0.8664,PASS
pt::B005HP3PNM,0.8758,PASS
pt::B006ITJHVA,0.8599,PASS
pt::B006JG2IPY,0.8410,PASS
pt::B007YJIGPQ,0.8022,PASS
pt::B0083PR78C,0.8532,PASS
pt::B008D9HZ62,0.8599,PASS
pt::B00998P090,0.8534,PASS
pt::B0000E2RZN,0.6923,RETRY
pt::B0001656FW,0.8414,PASS
pt::B000165DRS,0.6466,RETRY
pt::B00075RAHE,0.8375,PASS
pt::B000BT2XDW,0.8502,PASS
pt::B000BYCU9O,0.8861,PASS
pt::B0012OV61K,0.8503,PASS
pt::B0018MEQAE,0.5621,RETRY
pt::B001DOQ3O4,0.8031,PASS
pt::B001FA1NW8,0.8712,PASS
pt::B001FO0V2M,0.8698,PASS
pt::B001RB24TG,0.8052,PASS
pt::B002R0JJYO,0.8616,PASS
pt::B002SQE1O0,0.8015,PASS
pt::B0036ORMXU,0.8401,PASS
pt::B00372561Q,0.8385,PASS
pt::B0038ND4A4,0.8459,PASS
pt::B003WM3X8O,0.8246,PASS
pt::B003Y5FRNS,0.8665,PASS
pt::B0040NPHLA,0.8328,PASS
pt::B00501VGAW,0.8100,PASS
pt::B005MI8NJA,0.8717,PASS
pt::B007MH75J8,0.8138,PASS
pt::B007R8U5QW,0.8321,PASS
pt::B000XQ8AHG,0.7900,PASS
pt::B0028MKGZ2,0.3886,RETRY
pt::B002KV6MLS,0.8515,PASS
pt::B003ICXCCK,0.8526,PASS
pt::B003K0QLY6,0.8867,PASS
pt::B003SE6I7O,0.8779,PASS
pt::B004IMF1IM,0.8627,PASS
pt::B004KA9VK6,0.8911,PASS
pt::B0051QQZGG,0.7169,PASS
pt::B00539LU3E,0.8380,PASS
pt::B0055CAR7Y,0.8115,PASS
pt::B007WO4KNA,0.8597,PASS
pt::B0082PRPIA,0.8702,PASS
pt::B000QS5MM2,0.8694,PASS
pt::B0029EBLMG,0.8413,PASS
pt::B00375JBL4,0.6910,RETRY
pt::B004A81PLG,0.8556,PASS
pt::B004C53YP2,0.7293,PASS
pt::B004I51X18,0.8522,PASS
pt::B004SGSHD4,0.8715,PASS
pt::B0080FF8K4,0.8251,PASS
pt::B009A8XMOY,0.7954,PASS
pt::B009DZIEBK,0.8262,PASS
pt::B00009WDU1,0.6990,RETRY
pt::B0002KR9GG,0.8436,PASS
pt::B000FKP7TY,0.8433,PASS
pt::B000MTXFXS,0.8728,PASS
pt::B000MX2LZ2,0.8024,PASS
pt::B0015MNNAQ,0.7335,PASS
pt::B00178HJ6C,0.8576,PASS
pt::B001BXS4LW,0.7954,PASS
pt::B001MRVFPY,0.7219,PASS
pt::B002ACP2FY,0.7322,PASS
pt::B002FA5WE2,0.8404,PASS
pt::B002KO5XVU,0.7426,PASS
pt::B002Q0W80C,0.8041,PASS
pt::B002WP2QGM,0.8237,PASS
pt::B0032F126G,0.8680,PASS
pt::B003E476C4,0.7673,PASS
pt::B003IFYPEQ,0.8235,PASS
pt::B003VY83HO,0.8496,PASS
pt::B003XDZKMO,0.8505,PASS
pt::B0043GWDYI,0.8373,PASS
pt::B0044ZC2IA,0.7700,PASS
pt::B004K2M0FM,0.8532,PASS
pt::B004REA7MG,0.7095,PASS
pt::B004UGPCMQ,0.8378,PASS
pt::B0056VP0KS,0.7698,PASS
pt::B005PYD2RE,0.8458,PASS
pt::B00651CIL2,0.8402,PASS
pt::B0067WL60I,0.8338,PASS
pt::B0068MSGZA,0.8350,PASS
pt::B006LFK16Q,0.8596,PASS
pt::B006MBP7UO,0.8442,PASS
pt::B006RG232O,0.8570,PASS
pt::B00760VRCM,0.8213,PASS
pt::B007T0NM2M,0.7634,PASS
pt::B0087G5C8Y,0.4327,RETRY
pt::B008D4X4GW,0.8513,PASS
pt::B008Q3CEJS,0.7993,PASS
pt::B00006I5L6,0.4845,RETRY
pt::B00009UT9B,0.8715,PASS
pt::B000CO77L4,0.8765,PASS
pt::B000CO77RI,0.8755,PASS
pt::B000EU02YK,0.7162,PASS
pt::B00178TVPY,0.8274,PASS
pt::B001F6TXME,0.8401,PASS
pt::B001I45BQK,0.8182,PASS
pt::B001PKEJZQ,0.8687,PASS
pt::B001SE3DSI,0.6364,RETRY
pt::B00205BYZ8,0.8558,PASS
pt::B002AUJHLG,0.8573,PASS
pt::B002C1SB0G,0.7174,PASS
pt::B002DMK1R0,0.8780,PASS
pt::B002IPHA1W,0.8757,PASS
pt::B002IPHA3U,0.8752,PASS
pt::B002IPHA5S,0.8612,PASS
pt::B002MXXFHI,0.8794,PASS
pt::B002NFW4XG,0.8049,PASS
pt::B002PAW6AU,0.8587,PASS
pt::B002SXMROY,0.8313,PASS
pt::B0037NZ67O,0.8532,PASS
pt::B00384SSLI,0.8529,PASS
pt::B003SRD60S,0.7815,PASS
pt::B006JP2UXA,0.8608,PASS
pt::B008CNX518,0.7758,PASS
pt::B00006FMPP,0.8819,PASS
pt::B000233XTA,0.8309,PASS
pt::B00066ISFM,0.8336,PASS
pt::B0007S7F80,0.8547,PASS
pt::B000F1TD2A,0.8727,PASS
pt::B000VE4MM2,0.8258,PASS
pt::B00160MV8W,0.8787,PASS
pt::B001K7I608,0.8727,PASS
pt::B001OOJL6A,0.8563,PASS
pt::B001VJ5W0C,0.6528,RETRY
pt::B0029U2XH2,0.8560,PASS
pt::B002DQW7BY,0.8567,PASS
pt::B002T45WXU,0.8304,PASS
pt::B003AVN6C0,0.8657,PASS
pt::B003XU76O2,0.8670,PASS
pt::B003YBPRHI,0.8156,PASS
pt::B004FLL53Q,0.8857,PASS
pt::B0051GXBTK,0.8226,PASS
pt::B005N3TPJQ,0.8394,PASS
pt::B005POOH6Y,0.8331,PASS
pt::B005TGKX9S,0.8809,PASS
pt::B00603RU8Q,0.8312,PASS
pt::B0078K16IK,0.6602,RETRY
pt::B007XOYBE2,0.8223,PASS
pt::B008G2GBN4,0.7587,PASS
pt::B0000AHO99,0.8263,PASS
pt::B000BFFXO2,0.8243,PASS
pt::B000BI1XNE,0.8532,PASS
pt::B000JO3N3S,0.8866,PASS
pt::B000JVFKH8,0.8552,PASS
pt::B000V5FE3W,0.6486,RETRY
pt::B0016ORQDI,0.8565,PASS
pt::B001CCJO8E,0.8709,PASS
pt::B001EWEIOW,0.8772,PASS
pt::B001F7HJL0,0.8551,PASS
pt::B001QVLD8A,0.8657,PASS
pt::B002HJ9Q66,0.8393,PASS
pt::B002L6GCP8,0.8717,PASS
pt::B003DNS88M,0.8677,PASS
pt::B003NREDHS,0.8546,PASS
pt::B004J6BIJ8,0.8670,PASS
pt::B005WXLA8G,0.6914,RETRY
pt::B00005853X,0.8386,PASS
pt::B000165AOY,0.8340,PASS
pt::B0007LBO7A,0.8131,PASS
pt::B000AKX10G,0.8506,PASS
pt::B000IMSK8Y,0.8727,PASS
pt::B000O8AHLA,0.7360,PASS
pt::B001AMSOYG,0.8685,PASS
pt::B001CROHX6,0.7607,PASS
pt::B002DS88QA,0.8755,PASS
pt::B0050CEA40,0.7387,PASS
pt::B0054CFKR2,0.7849,PASS
pt::B005OEIY8W,0.8521,PASS
pt::B0002YV8EG,0.8828,PASS
pt::B00032Q30Q,0.8089,PASS
pt::B000EVOOO8,0.8581,PASS
pt::B000JWXPPG,0.6099,RETRY
pt::B000O5TFRK,0.8737,PASS
pt::B000Q85WOK,0.8364,PASS
pt::B000QAVVAM,0.8421,PASS
pt::B000R3C328,0.8526,PASS
pt::B000T4MRF8,0.5672,RETRY
pt::B000UN44HW,0.8700,PASS
pt::B000VE7GQQ,0.8341,PASS
pt::B000YUA5UQ,0.8679,PASS
pt::B00181BHQ6,0.8471,PASS
pt::B001P9XHHI,0.8641,PASS
pt::B0029ILMTE,0.8342,PASS
pt::B002MAPS3K,0.8402,PASS
pt::B002TG3AB4,0.8430,PASS
pt::B002VKSXDI,0.8336,PASS
pt::B0031M9QZ4,0.8426,PASS
pt::B0037BQJPE,0.8845,PASS
pt::B0039RW9WS,0.8788,PASS
pt::B003AG5CN6,0.7681,PASS
pt::B003U6XZNU,0.8579,PASS
pt::B0041RSC94,0.8134,PASS
pt::B004BDORM4,0.8648,PASS
pt::B004JEVGMO,0.8524,PASS
pt::B004RQAT3G,0.8309,PASS
pt::B004SUO3SS,0.8446,PASS
pt::B004VF4R4U,0.8555,PASS
pt::B004ZMGVUM,0.8390,PASS
pt::B0050W1Z3E,0.8219,PASS
pt::B00578KYZG,0.8386,PASS
pt::B005JI5B9I,0.8273,PASS
pt::B005SCYHV8,0.8251,PASS
pt::B006V5SZMI,0.8322,PASS
pt::B00009R8NY,0.8676,PASS
pt::B0000AI0NO,0.8301,PASS
pt::B0000C16R5,0.8295,PASS
pt::B0007NIJBC,0.8128,PASS
pt::B000AAM1XO,0.5054,RETRY
pt::B000F9NXW8,0.8254,PASS
pt::B000GTBOR8,0.8454,PASS
pt::B000P0M9AO,0.7642,PASS
pt::B000XZCIX4,0.8627,PASS
pt::B0016JA2YS,0.7614,PASS
pt::B001G5ZTZO,0.8722,PASS
pt::B001R1ZQKU,0.8612,PASS
pt::B001T0HXA0,0.8703,PASS
pt::B002GEQDK4,0.8679,PASS
pt::B002K46DDC,0.8138,PASS
pt::B002K4GDGY,0.8083,PASS
pt::B002NEGTT2,0.8463,PASS
pt::B00344R250,0.7939,PASS
pt::B003HLSMNG,0.5190,RETRY
pt::B003HULYJQ,0.7509,PASS
pt::B003LD4T0K,0.7050,PASS
pt::B00449NU3W,0.8660,PASS
pt::B0049MY6B4,0.8099,PASS
pt::B0049WDMBO,0.7536,PASS
pt::B004ANHCFO,0.7506,PASS
pt::B004GITBSE,0.8674,PASS
pt::B004M8SU2Q,0.8603,PASS
pt::B005UA65YK,0.8840,PASS
pt::B006U0Z3BA,0.7677,PASS
pt::B007SXJ13E,0.8683,PASS
pt::B008H0AGEA,0.8147,PASS
pt::B008H4JLTC,0.8471,PASS
pt::B008TX0RC6,0.8506,PASS
pt::B0093H8K1C,0.8620,PASS
pt::B000165C10,0.8108,PASS
pt::B000EPNES6,0.8752,PASS
pt::B000O5MP4U,0.8409,PASS
pt::B000R7X80U,0.8547,PASS
pt::B000SXI5SI,0.8825,PASS
pt::B000TJV9KW,0.8447,PASS
pt::B0023APPCI,0.8555,PASS
pt::B002PY7P02,0.8769,PASS
pt::B002WC8862,0.8405,PASS
pt::B002ZDJSRQ,0.7802,PASS
pt::B003NF3KT2,0.8614,PASS
pt::B003QWXGVY,0.7807,PASS
pt::B003TO55BS,0.8807,PASS
pt::B004477D0K,0.8656,PASS
pt::B004GHMU5Q,0.8495,PASS
pt::B004LRO7FW,0.8763,PASS
pt::B005I7KIUW,0.8363,PASS
pt::B005JX4CTS,0.8559,PASS
pt::B009IF26Q4,0.8149,PASS
pt::B0000VYJRY,0.7537,PASS
pt::B00029IY8O,0.8228,PASS
pt::B0002BEPJY,0.7991,PASS
pt::B00030NR6Q,0.8782,PASS
pt::B00079PLQ2,0.8315,PASS
pt::B000CQ73PW,0.8462,PASS
pt::B000KQ3QQY,0.8398,PASS
pt::B000NWCIEG,0.8471,PASS
pt::B000OKH6ZI,0.8767,PASS
pt::B000OVAM1W,0.7879,PASS
pt::B000P6E4AG,0.8737,PASS
pt::B002UKOUTK,0.8427,PASS
pt::B002X91AHI,0.8619,PASS
pt::B003GSLDTA,0.8597,PASS
pt::B003LY36TO,0.8626,PASS
pt::B003O86GZS,0.7877,PASS
pt::B004C4ZNNO,0.8291,PASS
pt::B00515FRG6,0.7994,PASS
pt::B0056VMDGW,0.8546,PASS
pt::B0057DHMFG,0.6780,RETRY
pt::B005A2RLXC,0.8712,PASS
pt::B005PYZG6E,0.8383,PASS
pt::B00632U162,0.6741,RETRY
pt::B007ZD735U,0.8565,PASS
pt::B007ZREFCA,0.7774,PASS
pt::B0081HD3PI,0.8564,PASS
pt::B008IB8R5I,0.5576,RETRY
pt::B0002J2A48,0.8559,PASS
pt::B0002U1TJY,0.8324,PASS
pt::B000BMZHX2,0.8480,PASS
pt::B000GGKOG8,0.8300,PASS
pt::B000P6V8F0,0.5609,RETRY
pt::B000V0BV52,0.6608,RETRY
pt::B000WN00FK,0.8624,PASS
pt::B000XYYDYW,0.8495,PASS
pt::B0013BTLTG,0.8673,PASS
pt::B001702I16,0.7808,PASS
pt::B00190IX40,0.8301,PASS
pt::B001JYQ9TM,0.8617,PASS
pt::B001N2ELE0,0.8670,PASS
pt::B002453K5G,0.8565,PASS
pt::B002HU4AGG,0.8628,PASS
pt::B002HWJT1A,0.8148,PASS
pt::B002K3Y2MM,0.8590,PASS
pt::B002ONMCH0,0.8687,PASS
pt::B002P39DI0,0.7781,PASS
pt::B002Q0WN48,0.8426,PASS
pt::B002Q8IHEK,0.8324,PASS
pt::B002ZWU33U,0.8776,PASS
pt::B0035IV81E,0.7867,PASS
pt::B003VWZEBY,0.7927,PASS
pt::B00407237W,0.8701,PASS
pt::B004CL89D8,0.8486,PASS
pt::B004H38OU4,0.8304,PASS
pt::B004K32QEG,0.8137,PASS
pt::B004TAFJXK,0.8540,PASS
pt::B004W2JL2A,0.8490,PASS
pt::B004XUCCRM,0.7979,PASS
pt::B005BCAKO8,0.8252,PASS
pt::B005FEYKTI,0.8316,PASS
pt::B005UDITPK,0.7971,PASS
pt::B00629NHW6,0.8399,PASS
pt::B0083YF55U,0.7430,PASS
pt::B0087X7262,0.8112,PASS
pt::B008EQ6QI2,0.8295,PASS
pt::B009650Q40,0.8556,PASS
pt::B00005LE71,0.8591,PASS
pt::B00005LE75,0.8601,PASS
pt::B00006I5J4,0.8461,PASS
pt::B00006I5SI,0.8192,PASS
pt::B00009R6Q8,0.8036,PASS
pt::B00009R6TL,0.8396,PASS
pt::B00009R7RJ,0.8551,PASS
pt::B00009R8RS,0.8457,PASS
pt::B0000AE6AH,0.8450,PASS
pt::B0000ALKAN,0.7155,PASS
pt::B0000BVDZ9,0.8104,PASS
pt::B00017LTFC,0.8501,PASS
pt::B0002CPBX2,0.8922,PASS
pt::B0002HS1A2,0.8804,PASS
pt::B00092K2IO,0.8481,PASS
pt::B000A5T2XG,0.8723,PASS
pt::B000BWSQ2G,0.8698,PASS
pt::B000GVL34U,0.8596,PASS
pt::B000HI0R5S,0.8639,PASS
pt::B000IBI3YQ,0.8318,PASS
pt::B000J3L1T2,0.8624,PASS
pt::B000JYND7E,0.8512,PASS
pt::B000K5IZUW,0.6926,RETRY
pt::B000M4MLSS,0.8718,PASS
pt::B000MCWWL6,0.8185,PASS
pt::B000NZKX4K,0.8527,PASS
pt::B000P9ELC4,0.8541,PASS
pt::B000PC9OUU,0.8547,PASS
pt::B000REPUZO,0.8792,PASS
pt::B000TL3IPY,0.5341,RETRY
pt::B000VBMNVM,0.7361,PASS
pt::B000VE0ME4,0.8451,PASS
pt::B000VS8GSE,0.8720,PASS
pt::B000ZH6D9A,0.7616,PASS
pt::B0013WM0BQ,0.8774,PASS
pt::B001FA0BLW,0.8382,PASS
pt::B001GGBGNM,0.8018,PASS
pt::B001KT3KB6,0.8594,PASS
pt::B001LD8FUW,0.7178,PASS
pt::B001PKEJYM,0.8775,PASS
pt::B0022VDAOI,0.8590,PASS
pt::B002GENZXW,0.8714,PASS
pt::B002PY7OHQ,0.8780,PASS
pt::B0018MRK6Q,0.8368,PASS
pt::B001MU45FS,0.6311,RETRY
pt::B0035FCWBC,0.7926,PASS
pt::B003F5NS9W,0.8524,PASS
pt::B003Y5YMQ6,0.8671,PASS
pt::B004EBWJSM,0.8416,PASS
pt::B000A6PTHI,0.8775,PASS
pt::B000FIQC5E,0.8680,PASS
pt::B000WXQT9Q,0.6214,RETRY
pt::B0014L8AXS,0.8689,PASS
pt::B0015GDYI8,0.8502,PASS
pt::B001EJN9OA,0.8665,PASS
pt::B001GQ3DP6,0.8765,PASS
pt::B002LVUQYQ,0.8456,PASS
pt::B002PY7P2K,0.8529,PASS
pt::B003EYVHH4,0.8041,PASS
pt::B006C248BC,0.8603,PASS
pt::B00871F9E6,0.8481,PASS
pt::B003NZS37G,0.8312,PASS
pt::B004H1R6JQ,0.8610,PASS
pt::B0072LASLQ,0.8138,PASS
pt::B007CF13JS,0.8317,PASS
pt::B008Q7DDLM,0.8336,PASS
pt::B008TYKEWS,0.8807,PASS
pt::B009D7XPJY,0.8426,PASS
pt::B009N1RV9U,0.8399,PASS
pt::B0002RSPE4,0.7782,PASS
pt::B0006TIEX0,0.8553,PASS
pt::B000BP8QB4,0.8253,PASS
pt::B0012GWOFK,0.7687,PASS
pt::B0017UCTX8,0.7905,PASS
pt::B001RH82ZU,0.8617,PASS
pt::B002HJTGWU,0.7068,PASS
pt::B002TLT0BI,0.8250,PASS
pt::B002W0N7VA,0.7917,PASS
pt::B002ZV6U1A,0.8550,PASS
pt::B0039ZF742,0.7652,PASS
pt::B003DQ8SI4,0.7493,PASS
pt::B003MVZ8R4,0.8338,PASS
pt::B003VQHIEQ,0.8097,PASS
pt::B004FLESGW,0.5767,RETRY
pt::B004KJE8GO,0.8679,PASS
pt::B004SIMNF0,0.8043,PASS
pt::B004XY65WQ,0.8058,PASS
pt::B0054ENDO2,0.7420,PASS
pt::B0054EONVO,0.6017,RETRY
pt::B00554PCDG,0.6546,RETRY
pt::B0055YB5IC,0.8476,PASS
pt::B0056MPVZ6,0.8377,PASS
pt::B0057OVOR2,0.8331,PASS
pt::B005UEB6OK,0.8260,PASS
pt::B0069S2LPO,0.8051,PASS
pt::B0069S2NH0,0.7971,PASS
pt::B006JI1PBU,0.6868,RETRY
pt::B007BH9BJG,0.8731,PASS
pt::B007XKAF4Q,0.6698,RETRY
pt::B008K6GMF8,0.7261,PASS
pt::B008UOK4OU,0.8399,PASS
pt::B0006Q3B2W,0.8062,PASS
pt::B000H0QIRC,0.8669,PASS
pt::B000I5PGLU,0.7531,PASS
pt::B000I97HWC,0.7126,PASS
pt::B0010XTPXE,0.8670,PASS
pt::B0014YGAN2,0.7487,PASS
pt::B001RYECJ8,0.8441,PASS
pt::B002ONSRA6,0.7460,PASS
pt::B003DQPE40,0.8606,PASS
pt::B003JQLPYC,0.8703,PASS
pt::B0041PJAJC,0.8230,PASS
pt::B004NP1E9E,0.8465,PASS
pt::B004P15HD0,0.8633,PASS
pt::B004SBCF4Q,0.8274,PASS
pt::B004WAUX4W,0.8645,PASS
pt::B006WT2K8I,0.7806,PASS
pt::B000051189,0.6550,RETRY
pt::B0001LS0ZU,0.8736,PASS
pt::B0002J2ANE,0.8606,PASS
pt::B000KAADHA,0.7957,PASS
pt::B000P0R6KW,0.8145,PASS
pt::B000UEFVHS,0.8804,PASS
pt::B001B8G4R8,0.5418,RETRY
pt::B001C6SYR2,0.5158,RETRY
pt::B001C6WW84,0.6258,RETRY
pt::B002HVYVNC,0.7681,PASS
pt::B002IWP87S,0.7437,PASS
pt::B002MTU5C0,0.8445,PASS
pt::B002NUCJ5E,0.7853,PASS
pt::B0034JSYZ2,0.8426,PASS
pt::B0038FNIBW,0.8286,PASS
pt::B003G7UXFG,0.6015,RETRY
pt::B003GFZ6RI,0.8579,PASS
pt::B003LRY9Q0,0.8298,PASS
pt::B0049XGNKK,0.8624,PASS
pt::B004A7Z3BA,0.8608,PASS
pt::B004G3ZTU8,0.7816,PASS
pt::B004R6NSQG,0.6423,RETRY
pt::B004VBIEZW,0.7405,PASS
pt::B004XROPJ8,0.8645,PASS
pt::B004YDCWJQ,0.8420,PASS
pt::B005CM8V4I,0.8374,PASS
pt::B005FRCUHY,0.7015,PASS
pt::B0062W02C6,0.8144,PASS
pt::B006AZI5ME,0.8178,PASS
pt::B006BB076E,0.7688,PASS
pt::B007LS141S,0.8667,PASS
pt::B007R3YHVG,0.8464,PASS
pt::B0081EC08M,0.7917,PASS
pt::B0089Q1J5C,0.7426,PASS
pt::B008UGMLWQ,0.8537,PASS
pt::B009AEPQDI,0.8783,PASS
pt::B009F37CM2,0.7458,PASS
pt::B00004XRDM,0.8383,PASS
pt::B00009M6TG,0.8090,PASS
pt::B00067EBKW,0.4523,RETRY
pt::B0007YZTSM,0.7215,PASS
pt::B000B06PNK,0.8204,PASS
pt::B000FPKOV0,0.8128,PASS
pt::B000XXZQWQ,0.8024,PASS
pt::B0016ORQD8,0.8057,PASS
pt::B0057UAB2K,0.8300,PASS
pt::B005DIBH10,0.8631,PASS
pt::B005X4Q12E,0.8640,PASS
pt::B00005TQ08,0.8613,PASS
pt::B000JC5GSK,0.8399,PASS
pt::B000MANNJ8,0.8683,PASS
pt::B001GIPR5S,0.8464,PASS
pt::B002I7MHHW,0.8367,PASS
pt::B002PWHOYG,0.7572,PASS
pt::B003924U7A,0.8865,PASS
pt::B003924UBG,0.8765,PASS
pt::B003XREDVE,0.8873,PASS
pt::B007ILK234,0.7552,PASS
pt::B009HPC21O,0.8483,PASS
pt::B00004ZCAT,0.7359,PASS
pt::B000068ILF,0.7296,PASS
pt::B00006HOAQ,0.8407,PASS
pt::B000089GN4,0.8762,PASS
pt::B0000DZEZB,0.8584,PASS
pt::B0001VQEYY,0.8738,PASS
pt::B0002FGEAS,0.8130,PASS
pt::B00080O0UI,0.8429,PASS
pt::B000I3C6CE,0.8807,PASS
pt::B000JO1IPI,0.8854,PASS
pt::B0014II9F0,0.8725,PASS
pt::B0016GCI84,0.8736,PASS
pt::B001B11GTQ,0.8383,PASS
pt::B001CDYMM6,0.7708,PASS
pt::B001O6LR2Y,0.8083,PASS
pt::B001PNOH2I,0.8486,PASS
pt::B003EDDMVO,0.8189,PASS
pt::B003EM0RM2,0.8682,PASS
pt::B003VW20AW,0.8203,PASS
pt::B00407ZNE2,0.8430,PASS
pt::B0046UJFAG,0.7799,PASS
pt::B004CFHKPC,0.8041,PASS
pt::B006OS6UAG,0.8333,PASS
pt::B006P1811S,0.8693,PASS
pt::B0076BNK30,0.8467,PASS
pt::B0076KQRXG,0.7901,PASS
pt::B009EFY1BG,0.8436,PASS
pt::B009IV32AM,0.7532,PASS
pt::B00009UTQ8,0.6059,RETRY
pt::B0002IHHME,0.8292,PASS
pt::B0010HE2CY,0.7696,PASS
pt::B001D07YUK,0.6952,RETRY
pt::B001E3XLXU,0.7257,PASS
pt::B0029ZA49Q,0.8195,PASS
pt::B002KDS2BY,0.8317,PASS
pt::B002TI71HQ,0.7911,PASS
pt::B002WAZ0B0,0.8465,PASS
pt::B003MOU9SE,0.8140,PASS
pt::B003U7KXI4,0.8134,PASS
pt::B003UOIMBW,0.8487,PASS
pt::B0043D2L6Q,0.8502,PASS
pt::B0043D2LAC,0.4066,RETRY
pt::B0043WKRCW,0.7529,PASS
pt::B004RBX0GO,0.8167,PASS
pt::B004TGZ7WM,0.6834,RETRY
pt::B00589LQ10,0.8057,PASS
pt::B0058KJJ18,0.7575,PASS
pt::B005HTZJBY,0.4622,RETRY
pt::B005LT6UPY,0.6196,RETRY
pt::B005M3WLHA,0.5897,RETRY
pt::B00746O3X8,0.7631,PASS
pt::B007ZTNBBO,0.7836,PASS
pt::B00908A8PK,0.7992,PASS
pt::B0093OWIYA,0.7559,PASS
pt::B0097IPB8W,0.8184,PASS
pt::B00009R88K,0.5872,RETRY
pt::B00009UU2P,0.8430,PASS
pt::B0000BZL0G,0.7207,PASS
pt::B0002GRL7M,0.8091,PASS
pt::B0007WK8NA,0.8522,PASS
pt::B000BGZMSI,0.8003,PASS
pt::B000I4WHDQ,0.8418,PASS
pt::B000MHR9LY,0.8638,PASS
pt::B000OUA434,0.8176,PASS
pt::B000U92PHW,0.8490,PASS
pt::B000VUIXOE,0.8496,PASS
pt::B000XQILWK,0.6680,RETRY
pt::B0013LRSRS,0.8644,PASS
pt::B0014YZH9A,0.6708,RETRY
pt::B001542X5K,0.8469,PASS
pt::B001AKZX0G,0.7493,PASS
pt::B001G0DPMI,0.8460,PASS
pt::B001G7PMMW,0.8129,PASS
pt::B001G8DTN0,0.8319,PASS
pt::B001GPCBPU,0.8293,PASS
pt::B001U3ZVRI,0.7960,PASS
pt::B0024FB49U,0.8184,PASS
pt::B0027DPM1U,0.5739,RETRY
pt::B002BOYSPQ,0.7928,PASS
pt::B002K40R84,0.7734,PASS
pt::B002LZMY10,0.7563,PASS
pt::B002U5F56W,0.7609,PASS
pt::B002WUJ3QI,0.7804,PASS
pt::B0035548TQ,0.8434,PASS
pt::B0037ECAP4,0.8194,PASS
pt::B004AQ95A6,0.8010,PASS
pt::B004HO59VU,0.8822,PASS
pt::B004L0L37Y,0.8118,PASS
pt::B004QTAA6A,0.8202,PASS
pt::B004ZIMU7Y,0.8560,PASS
pt::B00531E08O,0.8446,PASS
pt::B006ZC5PDE,0.8671,PASS
pt::B0093HKFYW,0.7671,PASS
pt::B00006B8EC,0.8542,PASS
pt::B000BMXME8,0.8302,PASS
pt::B000E5BKQE,0.7041,PASS
pt::B000H97UC0,0.8654,PASS
pt::B000I5KSNQ,0.8543,PASS
pt::B000NJGT62,0.8607,PASS
pt::B001BTWSLI,0.8634,PASS
pt::B002Q887BS,0.8571,PASS
pt::B0036WT4C4,0.8591,PASS
pt::B0036WT4H4,0.8597,PASS
pt::B003WQ4U0A,0.8805,PASS
pt::B0052MNIAA,0.8537,PASS
pt::B005G3066Y,0.7724,PASS
pt::B005J145ZG,0.6954,RETRY
pt::B005LTBCKM,0.8812,PASS
pt::B006EWUOL8,0.8536,PASS
pt::B0077E47SI,0.7474,PASS
pt::B0079EVQ2Q,0.8227,PASS
pt::B007BJC7UO,0.6134,RETRY
pt::B007NKGA5Y,0.8585,PASS
pt::B007SZ0EOM,0.8492,PASS
pt::B007U5MGDC,0.8138,PASS
pt::B0085H63RE,0.8620,PASS
pt::B0085IZVKI,0.8515,PASS
pt::B008ES6I6A,0.8282,PASS
pt::B0090UEQ8I,0.8616,PASS
pt::B00969J3EU,0.7266,PASS
pt::B0000AI0N1,0.8283,PASS
pt::B00069R0LM,0.4999,RETRY
pt::B0007WTF02,0.7883,PASS
pt::B000FHAXPA,0.8320,PASS
pt::B000I2HAVW,0.8313,PASS
pt::B000KIV23Q,0.8027,PASS
pt::B000RN62GQ,0.6630,RETRY
pt::B000V0ETA6,0.8524,PASS
pt::B000XB5D4O,0.7905,PASS
pt::B001AO2T18,0.7420,PASS
pt::B001AV5ZHG,0.8195,PASS
pt::B001E4UQM8,0.6959,RETRY
pt::B001JT346I,0.7972,PASS
pt::B001W0Y44K,0.8688,PASS
pt::B0024G48MY,0.8279,PASS
pt::B002GNRZR0,0.8500,PASS
pt::B002N8A1GU,0.8631,PASS
pt::B002T4XR78,0.8019,PASS
pt::B003AP5JRQ,0.8063,PASS
pt::B004TO2IAI,0.7555,PASS
pt::B004V9GSTS,0.8477,PASS
pt::B005058B56,0.8756,PASS
pt::B005GU0BLC,0.8132,PASS
pt::B005HQFMK0,0.8256,PASS
pt::B005LUQD28,0.8607,PASS
pt::B005QVXXZC,0.6851,RETRY
pt::B006Y0YZZ6,0.8609,PASS
pt::B007FH1KX2,0.8675,PASS
pt::B008FO7PQA,0.8108,PASS
pt::B008LR284K,0.8281,PASS
pt::B000067V62,0.8678,PASS
pt::B00006B81I,0.7611,PASS
pt::B00006HOO1,0.8602,PASS
pt::B000092TT0,0.8214,PASS
pt::B0000BVV37,0.8764,PASS
pt::B0000V3OKM,0.8501,PASS
pt::B0007W1K8M,0.8129,PASS
pt::B000FHEM5M,0.8239,PASS
pt::B000FIH0ZA,0.8529,PASS
pt::B000J1HPJY,0.8443,PASS
pt::B000KZBRG6,0.8436,PASS
pt::B000PEF254,0.8418,PASS
pt::B000ZEPLV4,0.8204,PASS
pt::B00112BKT6,0.8552,PASS
pt::B0015AE4C4,0.8042,PASS
pt::B00171HK6S,0.8383,PASS
pt::B002MAWDRO,0.7529,PASS
pt::B003SNITOA,0.8784,PASS
pt::B0042WGO3Y,0.7681,PASS
pt::B0050AFFWI,0.7451,PASS
pt::B00564BG3U,0.8013,PASS
pt::B005GTO07O,0.7501,PASS
pt::B005P91CQM,0.8708,PASS
pt::B006B7R3Y2,0.8624,PASS
pt::B0078JFPVA,0.8731,PASS
pt::B0078JFQ0K,0.8734,PASS
pt::B0078JFQD2,0.8706,PASS
pt::B000BPGZOY,0.8675,PASS
pt::B000E8BGCE,0.8364,PASS
pt::B000F9LRZI,0.8467,PASS
pt::B000V1R96G,0.8637,PASS
pt::B00183I7EE,0.8110,PASS
pt::B0018NEQFI,0.8627,PASS
pt::B001DZLLH2,0.8671,PASS
pt::B001L45O6O,0.8111,PASS
pt::B001S0I1Z2,0.8121,PASS
pt::B0028Y4F4S,0.8646,PASS
pt::B002NLR1H4,0.8500,PASS
pt::B003307BYW,0.8804,PASS
pt::B00333F2YU,0.8135,PASS
pt::B00352LSYW,0.7448,PASS
pt::B0037FS8WM,0.8247,PASS
pt::B003ZYUCDS,0.8639,PASS
pt::B00630J2CI,0.8721,PASS
pt::B006HDAAC2,0.8073,PASS
pt::B000B75RDW,0.7857,PASS
pt::B0013L28YQ,0.8505,PASS
pt::B00180TDLI,0.5689,RETRY
pt::B002DGM8U4,0.8414,PASS
pt::B00365EVXI,0.8474,PASS
pt::B003C2XSO8,0.8308,PASS
pt::B004CADY9I,0.8284,PASS
pt::B004GCPJDQ,0.8682,PASS
pt::B004I8LOOQ,0.7855,PASS
pt::B004N7146U,0.8680,PASS
pt::B004O7WF12,0.8307,PASS
pt::B00556O4YC,0.8553,PASS
pt::B005COF1BM,0.8355,PASS
pt::B00632RJJY,0.8368,PASS
pt::B008I662U0,0.4969,RETRY
pt::B0099XBO5E,0.8345,PASS
pt::B009A136T2,0.8702,PASS
pt::B009A5204K,0.8603,PASS
pt::B009FD4UDG,0.8708,PASS
pt::B000067SLZ,0.7171,PASS
pt::B00016W6ZK,0.8284,PASS
pt::B000F4CUWW,0.8288,PASS
pt::B000HGMMH6,0.8580,PASS
pt::B000HRX0NA,0.8513,PASS
pt::B000TYN2PC,0.8454,PASS
pt::B000VS4HDM,0.8393,PASS
pt::B00164822W,0.8737,PASS
pt::B0019HLE7Q,0.8540,PASS
pt::B001E0JH5E,0.8709,PASS
pt::B001K56XW8,0.8605,PASS
pt::B001M0JAVC,0.7099,PASS
pt::B0028LGEYU,0.8528,PASS
pt::B002EAAS8S,0.7621,PASS
pt::B002QRPY3I,0.8539,PASS
pt::B003490AQ8,0.8373,PASS
pt::B0039825LM,0.8236,PASS
pt::B003I4TGDC,0.8653,PASS
pt::B003YVJJ5Y,0.6120,RETRY
pt::B0042AU0D6,0.8368,PASS
pt::B004C8BUAK,0.7985,PASS
pt::B004GVKNRE,0.7646,PASS
pt::B004MU8VCS,0.8281,PASS
pt::B0051B4FP4,0.8270,PASS
pt::B00555QY7I,0.8472,PASS
pt::B005587N48,0.8243,PASS
pt::B0055EIIXW,0.8385,PASS
pt::B0057Q4ADU,0.8437,PASS
pt::B005D6P0N8,0.8100,PASS
pt::B005MEDD80,0.8475,PASS
pt::B005NIXQYG,0.8562,PASS
pt::B005VAOSES,0.8463,PASS
pt::B006DUDWXI,0.8201,PASS
pt::B006L6ZM14,0.7186,PASS
pt::B00763WKZW,0.8389,PASS
pt::B0077VC0P8,0.8470,PASS
pt::B007FTAYIC,0.7643,PASS
pt::B007JGBSCC,0.8233,PASS
pt::B007PODQTQ,0.7823,PASS
pt::B007TTEHUY,0.6893,RETRY
pt::B007VXJ9IS,0.7540,PASS
pt::B0081H7E4E,0.8507,PASS
pt::B008RWT2IY,0.8430,PASS
pt::B009FC3YJ8,0.8240,PASS
pt::B00000J1QR,0.4854,RETRY
pt::B000A0QIEC,0.8704,PASS
pt::B000AOTLP6,0.6504,RETRY
pt::B000BSJFJS,0.8393,PASS
pt::B000PBSOP2,0.8265,PASS
pt::B000TDEME8,0.8472,PASS
pt::B000VQW63W,0.7648,PASS
pt::B00167ZYMK,0.8594,PASS
pt::B001CHM3VO,0.8653,PASS
pt::B001GT185K,0.6448,RETRY
pt::B001O43V3E,0.8318,PASS
pt::B001OCY3RY,0.7867,PASS
pt::B001SJLLTQ,0.8055,PASS
pt::B002EL4M98,0.7869,PASS
pt::B0030CE7EK,0.8312,PASS
pt::B0037KLEWS,0.7712,PASS
pt::B0037XM974,0.8643,PASS
pt::B003B8YGYY,0.8722,PASS
pt::B003CP0K96,0.8600,PASS
pt::B003G3X8BG,0.8045,PASS
pt::B003JUBQE2,0.7958,PASS
pt::B0041RSDWK,0.8638,PASS
pt::B004E0ZLZQ,0.8712,PASS
pt::B004H1S30C,0.8730,PASS
pt::B004HC5IPE,0.7911,PASS
pt::B004JKH4FQ,0.8185,PASS
pt::B006FKPLFS,0.8527,PASS
pt::B007PAHHWM,0.7055,PASS
pt::B007POCVQK,0.5954,RETRY
pt::B0082PVK8Q,0.8240,PASS
pt::B0089MTORG,0.8657,PASS
pt::B00005Q5ZC,0.8805,PASS
pt::B00009R6JP,0.8326,PASS
pt::B00009R86Q,0.7402,PASS
pt::B00009UTDL,0.8355,PASS
pt::B00009W3U2,0.8504,PASS
pt::B000292DNQ,0.7897,PASS
pt::B0009S7YJS,0.8591,PASS
pt::B000I4WHD6,0.8482,PASS
pt::B000MTUQM6,0.8640,PASS
pt::B000NEI1VS,0.8709,PASS
pt::B000OSZA44,0.7888,PASS
pt::B000R3BTDC,0.8594,PASS
pt::B0014LA4NM,0.8771,PASS
pt::B001ANXRQA,0.7849,PASS
pt::B001BS8O6W,0.8203,PASS
pt::B001EMUE6I,0.8242,PASS
pt::B001EPWML0,0.8486,PASS
pt::B001G8D6M4,0.8076,PASS
pt::B001GXR03U,0.8760,PASS
pt::B001IBHF62,0.8445,PASS
pt::B001KUV2KQ,0.8570,PASS
pt::B001KUYF5K,0.7865,PASS
pt::B001MG8QH0,0.8821,PASS
pt::B001OI2YTC,0.8732,PASS
pt::B001QIVUSG,0.7859,PASS
pt::B001R4BBL0,0.6956,RETRY
pt::B001SV571M,0.8612,PASS
pt::B0028RXI6G,0.8647,PASS
pt::B0029PQFT4,0.8784,PASS
pt::B002ISSD9M,0.8549,PASS
pt::B002L0VNXK,0.8264,PASS
pt::B002LZURVO,0.8221,PASS
pt::B002MPPRNQ,0.8499,PASS
pt::B002PAQXAE,0.8886,PASS
pt::B00395WI58,0.8803,PASS
pt::B003OC9LZG,0.7928,PASS
pt::B003TIJUOW,0.8359,PASS
pt::B003V8ATWC,0.8068,PASS
pt::B004EHZD5W,0.8346,PASS
pt::B004FPYJFI,0.8200,PASS
pt::B004FQUWKS,0.8589,PASS
pt::B004GV0IOW,0.8362,PASS
pt::B0050QJUP0,0.8061,PASS
pt::B005LLS1UO,0.8783,PASS
pt::B007BWWVAC,0.6241,RETRY
pt::B00989QKA8,0.8588,PASS
pt::B00004Y7TD,0.5525,RETRY
pt::B0000511GQ,0.4151,RETRY
pt::B00005T3Y4,0.8782,PASS
pt::B00005UK8V,0.8525,PASS
pt::B00006I5BQ,0.8596,PASS
pt::B000EPTA0C,0.8454,PASS
pt::B000HKJKBS,0.8675,PASS
pt::B000J0AON4,0.8106,PASS
pt::B000JIOHDE,0.8312,PASS
pt::B000MCVQ90,0.8187,PASS
pt::B000OYHU1Y,0.7931,PASS
pt::B00111CU8C,0.8576,PASS
pt::B001A5LXNM,0.8490,PASS
pt::B001GC9C9Q,0.8609,PASS
pt::B001IEXU68,0.7695,PASS
pt::B001NCTEC4,0.8664,PASS
pt::B001RB21J4,0.7717,PASS
pt::B001UQ6F5M,0.8825,PASS
pt::B0021ZUMPK,0.8620,PASS
pt::B002EOVDII,0.8796,PASS
pt::B002EQ6E9E,0.8428,PASS
pt::B002VY6NRM,0.8397,PASS
pt::B003E2YYCG,0.7762,PASS
pt::B003OINA0W,0.8185,PASS
pt::B003PHJJV6,0.8697,PASS
pt::B004BJLXAM,0.8630,PASS
pt::B004OF9XMI,0.8785,PASS
pt::B004PKGL0Y,0.8258,PASS
pt::B004QNHNUM,0.8178,PASS
pt::B004VBMNA4,0.6864,RETRY
pt::B005B0CSFE,0.7511,PASS
pt::B005RF2VP0,0.8656,PASS
pt::B005V22R0S,0.8698,PASS
pt::B00759H7AA,0.8024,PASS
pt::B007LGD6HA,0.8495,PASS
pt::B007POCI5E,0.6772,RETRY
pt::B007RG2QNY,0.8440,PASS
pt::B008DCBS94,0.7939,PASS
pt::B008DWISF6,0.8205,PASS
pt::B008S7AVTC,0.7961,PASS
pt::B00005105N,0.8677,PASS
pt::B00076RJV0,0.8603,PASS
pt::B0007ZFLYI,0.5498,RETRY
pt::B0009JRTT2,0.8446,PASS
pt::B000EFHPKO,0.5949,RETRY
pt::B000I991LM,0.6507,RETRY
pt::B000IMK9FG,0.8462,PASS
pt::B000J13TEE,0.8662,PASS
pt::B000NVVDKC,0.7766,PASS
pt::B000PDGJXY,0.8224,PASS
pt::B00139WVZE,0.8810,PASS
pt::B0015GPWMY,0.5834,RETRY
pt::B00178PKVS,0.8667,PASS
pt::B001B15S5E,0.8636,PASS
pt::B001L7IVCK,0.8742,PASS
pt::B001NG24GI,0.8680,PASS
pt::B001UDVUNW,0.8384,PASS
pt::B002UI2Y8Q,0.7574,PASS
pt::B003CJQ69A,0.8453,PASS
pt::B003VAZ6OG,0.8576,PASS
pt::B003WVML9M,0.7582,PASS
pt::B0041R8ODI,0.8421,PASS
pt::B0042I7AUE,0.8565,PASS
pt::B0042L47PW,0.8558,PASS
pt::B004LNMAAA,0.8599,PASS
pt::B005GGTTZ0,0.7239,PASS
pt::B006OOKT3Y,0.8778,PASS
pt::B007XZLPCC,0.7931,PASS
pt::B008BDHXO4,0.8403,PASS
pt::B000EDIA0K,0.7988,PASS
pt::B00125XA36,0.8232,PASS
pt::B001FAACHK,0.7986,PASS
pt::B001TOD5B2,0.8357,PASS
pt::B002NU5RZS,0.5416,RETRY
pt::B002RWJF8C,0.8639,PASS
pt::B003ATZBWA,0.7136,PASS
pt::B0041RRRUE,0.8092,PASS
pt::B00724X77A,0.8794,PASS
pt::B008COJXHC,0.7523,PASS
pt::B000067RRX,0.8177,PASS
pt::B000068O44,0.5783,RETRY
pt::B0000AZK3Z,0.8040,PASS
pt::B0001DBEKG,0.7257,PASS
pt::B000RZUUWG,0.8583,PASS
pt::B0012TOG08,0.8081,PASS
pt::B0019BGDJG,0.6893,RETRY
pt::B001C6N6AC,0.6247,RETRY
pt::B001DUOW5U,0.7501,PASS
pt::B001LXMXU0,0.6810,RETRY
pt::B0031RFVJ4,0.7151,PASS
pt::B003DKL57G,0.8734,PASS
pt::B003LRN53I,0.8256,PASS
pt::B003VCW6G0,0.6484,RETRY
pt::B003WV5DME,0.8155,PASS
pt::B003XDCDCY,0.8628,PASS
pt::B0047PC476,0.6437,RETRY
pt::B004LGNB0A,0.7432,PASS
pt::B004SUELLC,0.8237,PASS
pt::B005OK7P3G,0.7983,PASS
pt::B007R6HTTA,0.7625,PASS
pt::B009GXEF8A,0.7595,PASS
pt::B00005LE72,0.7909,PASS
pt::B00005LE77,0.8528,PASS
pt::B00005LEOC,0.8598,PASS
pt::B00005LEOM,0.8394,PASS
pt::B00006B938,0.7849,PASS
pt::B00009XVBU,0.8445,PASS
pt::B000182FHW,0.8864,PASS
pt::B0002R281K,0.8697,PASS
pt::B0002R283S,0.8817,PASS
pt::B000673Z4A,0.8750,PASS
pt::B0007M3PKS,0.8065,PASS
pt::B0007OV46S,0.8814,PASS
pt::B0009HN57Y,0.7149,PASS
pt::B000A7XXUW,0.8809,PASS
pt::B000B68I2K,0.8799,PASS
pt::B000BTFZZA,0.8602,PASS
pt::B000CMNL52,0.8392,PASS
pt::B000DZFWL4,0.8461,PASS
pt::B000EBK3FW,0.8796,PASS
pt::B000ENTFDG,0.8681,PASS
pt::B000J6E1LY,0.8696,PASS
pt::B000J6FTVK,0.8450,PASS
pt::B000JE5CIC,0.8534,PASS
pt::B000JE5CKA,0.8352,PASS
pt::B000JE5CQO,0.8458,PASS
pt::B000VPNYSO,0.8460,PASS
pt::B002PAR0AQ,0.8292,PASS
pt::B0041O5XU8,0.8148,PASS
pt::B005DHC16G,0.7976,PASS
pt::B009LTUB14,0.8611,PASS
pt::B0007IQWM0,0.8624,PASS
pt::B00083PGFS,0.8540,PASS
pt::B000EVQ0PO,0.8703,PASS
pt::B000F6570C,0.8076,PASS
pt::B002WJ9S6Y,0.7034,PASS
pt::B0043M66X6,0.8260,PASS
pt::B00518QSRU,0.8549,PASS
pt::B005VONPNO,0.8197,PASS
pt::B005VONPT8,0.8611,PASS
pt::B009EPSJXM,0.8255,PASS
pt::B009EPSK1I,0.8313,PASS
pt::B000ME8R22,0.8426,PASS
pt::B000NGKEH0,0.6811,RETRY
pt::B001UH4VFW,0.8467,PASS
pt::B001XW4TMO,0.8518,PASS
pt::B001XWTTOC,0.8663,PASS
pt::B002ABX29I,0.8445,PASS
pt::B002I9S9PE,0.8393,PASS
pt::B0030D3T16,0.6561,RETRY
pt::B00365F6EQ,0.8821,PASS
pt::B003A31BDY,0.8367,PASS
pt::B003E16ODE,0.8651,PASS
pt::B003L89LJO,0.8776,PASS
pt::B003SF3OKC,0.8340,PASS
pt::B003URJP5Q,0.4922,RETRY
pt::B003UT6476,0.8400,PASS
pt::B0045XX12C,0.8553,PASS
pt::B004AA0U56,0.8267,PASS
pt::B004FD1D2C,0.8008,PASS
pt::B004H8FND0,0.8554,PASS
pt::B004I43MJ0,0.8811,PASS
pt::B0054X8C1M,0.8037,PASS
pt::B0059GFQPO,0.7569,PASS
pt::B006L6ZU84,0.8096,PASS
pt::B006R3231I,0.8524,PASS
pt::B006T60QNK,0.8303,PASS
pt::B006T7QUA2,0.8876,PASS
pt::B0072B5CNU,0.8670,PASS
pt::B0072B5E2Y,0.8730,PASS
pt::B0072B5E7Y,0.8799,PASS
pt::B007BD0HK2,0.8625,PASS
pt::B0083F7VEC,0.7468,PASS
pt::B00871PHES,0.8510,PASS
pt::B00895FCLK,0.8548,PASS
pt::B008LT3TYG,0.8736,PASS
pt::B0092W8C1G,0.8780,PASS
pt::B00005Y7DQ,0.8503,PASS
pt::B000066AX5,0.8644,PASS
pt::B000093US1,0.8608,PASS
pt::B000093US3,0.8596,PASS
pt::B00009APTK,0.8531,PASS
pt::B0000AOWXO,0.8511,PASS
pt::B0001CVBRI,0.8687,PASS
pt::B0002I7288,0.8478,PASS
pt::B0002V8KWM,0.8709,PASS
pt::B0007QKXYU,0.8831,PASS
pt::B0008G1RWG,0.8828,PASS
pt::B000A1AQOO,0.8534,PASS
pt::B000FKP55U,0.8669,PASS
pt::B000FL9E6K,0.6859,RETRY
pt::B000H5E6D0,0.8648,PASS
pt::B002AKKFPS,0.8671,PASS
pt::B002WBV2T8,0.8572,PASS
pt::B003N3GRCQ,0.8317,PASS
pt::B003TSZ3IY,0.7729,PASS
pt::B004EFLMAE,0.6711,RETRY
pt::B004EGI3CI,0.8105,PASS
pt::B004EUZ4H6,0.6148,RETRY
pt::B004XXMUCQ,0.8664,PASS
pt::B005NCNDNQ,0.8377,PASS
pt::B00026HZ1E,0.8103,PASS
pt::B00067R3NE,0.8471,PASS
pt::B000NW0Y9W,0.8664,PASS
pt::B000Q30420,0.8671,PASS
pt::B000V1VG2E,0.8705,PASS
pt::B001E25LSO,0.8506,PASS
pt::B001RCTATM,0.8044,PASS
pt::B003HLVW9M,0.8607,PASS
pt::B0040X4OZU,0.8202,PASS
pt::B0054YV934,0.8571,PASS
pt::B006K5536K,0.8818,PASS
pt::B0076BNKU8,0.8566,PASS
pt::B009M3UUNI,0.8114,PASS
pt::B00004LC7Z,0.8768,PASS
pt::B000068U1L,0.8371,PASS
pt::B00007GPI1,0.8744,PASS
pt::B0000APONO,0.8821,PASS
pt::B0000ET7U6,0.8369,PASS
pt::B00012T47C,0.8516,PASS
pt::B0007UPMJ2,0.8479,PASS
pt::B0009WDM2W,0.7891,PASS
pt::B000EMUM2U,0.8625,PASS
pt::B000FVVKQM,0.8423,PASS
pt::B000IM5GBS,0.8866,PASS
pt::B000WG6XW6,0.8919,PASS
pt::B0031CN3QC,0.8834,PASS
pt::B0036WT1WC,0.8829,PASS
pt::B003UT2E8E,0.8841,PASS
pt::B0042PJ8NY,0.7500,PASS
pt::B00439G3XC,0.8772,PASS
pt::B004JKSA6S,0.8759,PASS
pt::B0050F3R3M,0.7919,PASS
pt::B005GS60DM,0.8621,PASS
pt::B0093W1LDG,0.8634,PASS
pt::B00004Z668,0.7451,PASS
pt::B0002HLY8S,0.8328,PASS
pt::B000A3XRSO,0.8550,PASS
pt::B000EN8A7S,0.8765,PASS
pt::B000IJ9O8W,0.6953,RETRY
pt::B0016HZSJO,0.8812,PASS
pt::B002XDRWZS,0.8816,PASS
pt::B003TJ25IY,0.8699,PASS
pt::B003VWW3Q8,0.6807,RETRY
pt::B004I8U2D0,0.8544,PASS
pt::B00549HZ7S,0.8317,PASS
pt::B00004ZCPH,0.8527,PASS
pt::B00009R89T,0.7291,PASS
pt::B0009K3PFS,0.8315,PASS
pt::B000A0UHXU,0.8487,PASS
pt::B000ALLMI8,0.8409,PASS
pt::B000RFPBQQ,0.8464,PASS
pt::B000UMX7FI,0.7791,PASS
pt::B0011U64YE,0.8752,PASS
pt::B001EQ4BVI,0.7582,PASS
pt::B002A17OG0,0.8516,PASS
pt::B002KEA8OM,0.8490,PASS
pt::B002N694A6,0.8598,PASS
pt::B002PIPPUK,0.8592,PASS
pt::B002T1OJZU,0.7420,PASS
pt::B00387G6R8,0.8539,PASS
pt::B0039TQH4M,0.8720,PASS
pt::B0042TYNJ4,0.8494,PASS
pt::B0044UF0PM,0.8742,PASS
pt::B004B8VIRG,0.8300,PASS
pt::B004K9PH1O,0.8450,PASS
pt::B005I9IM4E,0.8348,PASS
pt::B00653OOPS,0.8471,PASS
pt::B006BCKDGW,0.8620,PASS
pt::B006NTM5H8,0.8524,PASS
pt::B007474Y04,0.8671,PASS
pt::B007B5Q5HY,0.8529,PASS
pt::B007SZ0EHE,0.8273,PASS
pt::B007ZW0T3Y,0.8438,PASS
pt::B008HD3CTI,0.8420,PASS
pt::B008XEYT5M,0.8441,PASS
pt::B0090I9VVC,0.8303,PASS
pt::B000KIPGGK,0.8667,PASS
pt::B000N81C6U,0.8292,PASS
pt::B000PHW1UK,0.8707,PASS
pt::B0013JT3XC,0.8798,PASS
pt::B0017T2HWC,0.8553,PASS
pt::B001EZ0K5K,0.8237,PASS
pt::B001IWOBLI,0.7651,PASS
pt::B001L4RLHY,0.8453,PASS
pt::B002PU9PY0,0.8658,PASS
pt::B0036E8V08,0.8603,PASS
pt::B0036QF0BE,0.7755,PASS
pt::B003ZSCOVM,0.8310,PASS
pt::B004I8W558,0.8555,PASS
pt::B004N85YAQ,0.7749,PASS
pt::B004N85YB0,0.8848,PASS
pt::B004VD79O2,0.7923,PASS
pt::B004VS325W,0.8030,PASS
pt::B004X355Y6,0.8511,PASS
pt::B004YQZKBU,0.8487,PASS
pt::B007JGB6X8,0.8714,PASS
pt::B007KXBTNW,0.8729,PASS
pt::B007PA1K84,0.8552,PASS
pt::B00846V35I,0.8640,PASS
pt::B009MPBJKY,0.8790,PASS
pt::B000HWTZVG,0.8537,PASS
pt::B000NAXC6G,0.8596,PASS
pt::B000RH2M7U,0.8461,PASS
pt::B002RZQQTU,0.8220,PASS
pt::B00378KLYC,0.8710,PASS
pt::B003AHID7M,0.8394,PASS
pt::B0045HE5DM,0.8058,PASS
pt::B004BLIQ5K,0.8681,PASS
pt::B004G1AOSM,0.7622,PASS
pt::B005E5TRIW,0.8582,PASS
pt::B005HMBQR2,0.8513,PASS
pt::B006BUN5YQ,0.8343,PASS
pt::B00721TUNS,0.8324,PASS
pt::B00006HOKR,0.7108,PASS
pt::B00009MJK7,0.7731,PASS
pt::B0002E3WIQ,0.7899,PASS
pt::B0002MQGKE,0.8020,PASS
pt::B000EXT5AY,0.8434,PASS
pt::B001D4FZWA,0.7413,PASS
pt::B001FR8POU,0.8566,PASS
pt::B001G403CE,0.8243,PASS
pt::B002DYQTXS,0.8425,PASS
pt::B002N69J7E,0.8643,PASS
pt::B0035JD0C8,0.8830,PASS
pt::B003KN3IXU,0.8675,PASS
pt::B003ZA5M96,0.8291,PASS
pt::B00427Z7NM,0.8641,PASS
pt::B0043VE28S,0.8438,PASS
pt::B0054RJ66I,0.8180,PASS
pt::B0058PZFVG,0.7308,PASS
pt::B0065MMK8W,0.8294,PASS
pt::B0069JKHMM,0.8602,PASS
pt::B006JPGM48,0.8280,PASS
pt::B00795K7J8,0.8499,PASS
pt::B007TEE966,0.8185,PASS
pt::B007YDAARE,0.7560,PASS
pt::B008WXKYX0,0.8741,PASS
pt::B009614ANM,0.8352,PASS
pt::B0000513FN,0.8545,PASS
pt::B00009XFVK,0.7223,PASS
pt::B0002AFTD6,0.7912,PASS
pt::B0002KR7FY,0.7233,PASS
pt::B00032Q1J4,0.6535,RETRY
pt::B000BGZMY2,0.8689,PASS
pt::B000FAKUE6,0.8283,PASS
pt::B000HVHYJW,0.8007,PASS
pt::B000JK7FMW,0.7198,PASS
pt::B000JQ17WK,0.8509,PASS
pt::B000NPZ4D0,0.7500,PASS
pt::B000P6R4BM,0.8365,PASS
pt::B000PLTX9S,0.8102,PASS
pt::B000Q6REMK,0.6252,RETRY
pt::B000T5GE3S,0.7385,PASS
pt::B000WUKQBG,0.8315,PASS
pt::B001BJH5ZM,0.5690,RETRY
pt::B001LF40KE,0.6491,RETRY
pt::B00213KDQK,0.7244,PASS
pt::B002AJ5QVW,0.8454,PASS
pt::B002BWPWXK,0.7777,PASS
pt::B002EOD52A,0.8383,PASS
pt::B002G1YPHA,0.8713,PASS
pt::B002GK5WDM,0.8556,PASS
pt::B002U0KE8Q,0.8502,PASS
pt::B003E2VUTQ,0.7937,PASS
pt::B003RAMKNU,0.8321,PASS
pt::B003WLZNH4,0.8367,PASS
pt::B0040BPHJO,0.8318,PASS
pt::B0040JHMHQ,0.8628,PASS
pt::B0043SIX4A,0.8422,PASS
pt::B004713JLU,0.7793,PASS
pt::B004716NFE,0.8692,PASS
pt::B004CUI0GU,0.8450,PASS
pt::B004JXVLQ6,0.8135,PASS
pt::B004S5B7FU,0.7480,PASS
pt::B0051SVVX6,0.8535,PASS
pt::B0055EXMII,0.7690,PASS
pt::B00574OH30,0.8332,PASS
pt::B0058XSZGU,0.8277,PASS
pt::B005FPT5YW,0.7757,PASS
pt::B005LL9VYO,0.8650,PASS
pt::B005LTU6VI,0.5531,RETRY
pt::B0064R391U,0.7836,PASS
pt::B006GEPUYA,0.8260,PASS
pt::B006RBODUO,0.7594,PASS
pt::B006VAD2C6,0.7963,PASS
pt::B007D6UT7I,0.8146,PASS
pt::B007EHKXRW,0.8429,PASS
pt::B007EVKIXW,0.8648,PASS
pt::B0091158A6,0.7444,PASS
pt::B0098FSJ92,0.8419,PASS
pt::B009F1DYF8,0.8012,PASS
pt::B009GD9K1C,0.6038,RETRY
pt::B0002P19PS,0.8535,PASS
pt::B0009KVUIC,0.8381,PASS
pt::B000G3KLPA,0.6626,RETRY
pt::B000I6QWP8,0.8560,PASS
pt::B001954DPI,0.8610,PASS
pt::B001967Q2E,0.8564,PASS
pt::B001J5X42G,0.8311,PASS
pt::B001K5R38Q,0.8113,PASS
pt::B001K5UQX0,0.7595,PASS
pt::B001VNH9YA,0.8724,PASS
pt::B0021AEM1U,0.8306,PASS
pt::B00281T8HK,0.7617,PASS
pt::B002B9J3R4,0.8703,PASS
pt::B002EOUUAK,0.7792,PASS
pt::B002FJQFIK,0.8701,PASS
pt::B002FP0PO4,0.8265,PASS
pt::B002GIAUDG,0.8006,PASS
pt::B002JPPY78,0.8360,PASS
pt::B002P5DNY8,0.7685,PASS
pt::B002QWKSX4,0.7020,PASS
pt::B002WG6P90,0.8534,PASS
pt::B003Q1FQA4,0.6362,RETRY
pt::B003YNRWQA,0.8153,PASS
pt::B0047CING0,0.3255,RETRY
pt::B004KV4DNK,0.7683,PASS
pt::B0050DAJF8,0.8088,PASS
pt::B005DPOTXG,0.8171,PASS
pt::B005L968D8,0.8649,PASS
pt::B005LJKEXS,0.7734,PASS
pt::B005LT05Q4,0.8569,PASS
pt::B006BD074O,0.8447,PASS
pt::B006IBP38E,0.8527,PASS
pt::B0078PY0E2,0.8197,PASS
pt::B0092OCKAI,0.8674,PASS
pt::B009ETQ7BO,0.8030,PASS
pt::B0014LC9S0,0.8832,PASS
pt::B00000J3Q7,0.8799,PASS
pt::B0007NP8Q6,0.7227,PASS
pt::B000EWI8IK,0.8597,PASS
pt::B000MVGBFA,0.8567,PASS
pt::B000O2KIMO,0.8458,PASS
pt::B001EYU3LM,0.8807,PASS
pt::B002XVYZ82,0.7275,PASS
pt::B0051ZQ7JM,0.8284,PASS
pt::B005I59102,0.8455,PASS
pt::B005X64O7Q,0.8716,PASS
pt::B006J1ZAR2,0.7962,PASS
pt::B009DXVUY0,0.8479,PASS
pt::B000X4PJP4,0.6913,RETRY
pt::B000Y4AH3C,0.8832,PASS
pt::B00006IJX7,0.8647,PASS
pt::B00019LWRA,0.8554,PASS
pt::B0007GIXS8,0.8758,PASS
pt::B000A2BH0K,0.8800,PASS
pt::B000BONMMI,0.8519,PASS
pt::B000VEJEMK,0.8617,PASS
pt::B0018LQVIA,0.7868,PASS
pt::B001DJ64CA,0.8804,PASS
pt::B001EJ52KY,0.8709,PASS
pt::B001JEPBTQ,0.7280,PASS
pt::B00257KBZ0,0.8791,PASS
pt::B0027JM3B6,0.7503,PASS
pt::B003BEDPHM,0.8789,PASS
pt::B003BEDRJI,0.8025,PASS
pt::B003CYKYVQ,0.8513,PASS
pt::B003E2PQVY,0.7047,PASS
pt::B003PTLIEU,0.8594,PASS
pt::B003WGOOYM,0.8540,PASS
pt::B004QEV50A,0.6176,RETRY
pt::B004U8ZHY2,0.8725,PASS
pt::B0056VOM2U,0.8262,PASS
pt::B006S8DS4I,0.8765,PASS
pt::B007B61ITI,0.8635,PASS
pt::B008OCF8BW,0.8705,PASS
pt::B000067SBL,0.6767,RETRY
pt::B000068IFM,0.8761,PASS
pt::B00008VIX2,0.8592,PASS
pt::B000099SGU,0.8777,PASS
pt::B0000DCRHA,0.8674,PASS
pt::B0002SQ3Z6,0.8727,PASS
pt::B0002Z45DQ,0.8279,PASS
pt::B0006FS1Z0,0.8701,PASS
pt::B0006TIF2K,0.8720,PASS
pt::B000BT2PZS,0.8641,PASS
pt::B000BYVA8Q,0.8700,PASS
pt::B000C6SP4K,0.8662,PASS
pt::B000FFEP92,0.8524,PASS
pt::B000GWLL0K,0.7913,PASS
pt::B000KU5CN0,0.8264,PASS
pt::B000NOR7PY,0.8637,PASS
pt::B0021AFZOI,0.7937,PASS
pt::B002EL0A6C,0.8243,PASS
pt::B00361ERPE,0.7478,PASS
pt::B003DKL56W,0.8657,PASS
pt::B004CAJU8W,0.8293,PASS
pt::B004KJE8FA,0.8650,PASS
pt::B004MME6SE,0.8768,PASS
pt::B004NSULR2,0.8103,PASS
pt::B004X6AJV2,0.8468,PASS
pt::B0057AVXP4,0.8306,PASS
pt::B007PM8AFS,0.8443,PASS
pt::B00861DI4U,0.8462,PASS
pt::B0087NB1IW,0.7176,PASS
pt::B000RE7RS2,0.8738,PASS
pt::B001EUE6AK,0.8832,PASS
pt::B001UE6I0G,0.8720,PASS
pt::B002DP1FTU,0.8843,PASS
pt::B002DP8IEK,0.8814,PASS
pt::B002NX13QC,0.8690,PASS
pt::B002VPDOH8,0.8660,PASS
pt::B002VPDOHS,0.8690,PASS
pt::B0030XNBHS,0.8565,PASS
pt::B0031RD3YY,0.8566,PASS
pt::B003A7BBRQ,0.8596,PASS
pt::B004H5UYLO,0.6471,RETRY
pt::B004MTE7EK,0.8770,PASS
pt::B004QMH8KI,0.8312,PASS
pt::B0058M3RXW,0.8208,PASS
pt::B00591GIQK,0.8556,PASS
pt::B005W1BXC6,0.8816,PASS
pt::B0067Z6BNC,0.6279,RETRY
pt::B006RUIWC0,0.8750,PASS
pt::B0070U6N6I,0.8821,PASS
pt::B0070UFMOW,0.8477,PASS
pt::B007GC4L7S,0.8190,PASS
pt::B007RRTO2Y,0.7888,PASS
pt::B0082471N0,0.8881,PASS
pt::B00890YNBK,0.8743,PASS
pt::B008EQ1ZQK,0.8662,PASS
pt::B00005T3H5,0.8663,PASS
pt::B000ERG62A,0.8639,PASS
pt::B000LIJ4ZS,0.8569,PASS
pt::B000UHXHSK,0.7907,PASS
pt::B00102ZOQC,0.7931,PASS
pt::B00128TA78,0.7888,PASS
pt::B00154QAXQ,0.8591,PASS
pt::B0018EFGTM,0.8302,PASS
pt::B001CSO34S,0.8614,PASS
pt::B001IT4BWA,0.7016,PASS
pt::B001KX8VES,0.7965,PASS
pt::B001MS6NO6,0.8729,PASS
pt::B0029F21LA,0.8729,PASS
pt::B0029XW5JA,0.6566,RETRY
pt::B002FYJQB8,0.8021,PASS
pt::B002GQ2SI8,0.7889,PASS
pt::B002LZ1FPG,0.8548,PASS
pt::B002UVME88,0.8209,PASS
pt::B002WB2LV6,0.8527,PASS
pt::B002ZLOR56,0.8790,PASS
pt::B00336EM0W,0.8388,PASS
pt::B0036ECGS6,0.8833,PASS
pt::B0038A9HSK,0.7810,PASS
pt::B00007JO2V,0.8607,PASS
pt::B00029U13A,0.8647,PASS
pt::B0002Z82XA,0.8770,PASS
pt::B000BSY3UY,0.8632,PASS
pt::B000EGQS5G,0.8576,PASS
pt::B000REECKS,0.8489,PASS
pt::B001E5CDSW,0.8814,PASS
pt::B001LRKB78,0.8580,PASS
pt::B001TVAU0E,0.7926,PASS
pt::B002LM0U2S,0.7532,PASS
pt::B002W7CW32,0.8723,PASS
pt::B003F43C1M,0.8576,PASS
pt::B00664KC2K,0.7757,PASS
pt::B006T7QRN2,0.8403,PASS
pt::B00718X2TU,0.8642,PASS
pt::B007TWK8AE,0.4901,RETRY
pt::B0018KSPDK,0.8073,PASS
pt::B001GKK14I,0.8332,PASS
pt::B002LF19KM,0.8754,PASS
pt::B003XMAD22,0.8603,PASS
pt::B005INAIQ0,0.8742,PASS
pt::B009GF6F9U,0.8553,PASS
pt::B00005854E,0.7880,PASS
pt::B000068UY7,0.8742,PASS
pt::B000068UY8,0.8500,PASS
pt::B000085OXN,0.8524,PASS
pt::B0000DC69T,0.7322,PASS
pt::B0000ZQTCS,0.8559,PASS
pt::B0006HQ1B4,0.6537,RETRY
pt::B0007Z6RGO,0.8379,PASS
pt::B000ADKTRG,0.8422,PASS
pt::B000NDA5CM,0.8595,PASS
pt::B000WGJX5A,0.8607,PASS
pt::B001CBUY2U,0.7962,PASS
pt::B001IZZ7M2,0.8514,PASS
pt::B001TKJ7XQ,0.8555,PASS
pt::B001U3Y8MC,0.8329,PASS
pt::B001VHO5LQ,0.7676,PASS
pt::B002AKKFQ2,0.8704,PASS
pt::B002WWRC7I,0.8699,PASS
pt::B0034HIB0W,0.8542,PASS
pt::B0038LWTUW,0.8500,PASS
pt::B001TK3EJE,0.8328,PASS
pt::B001WAKSCW,0.8552,PASS
pt::B00203W468,0.7411,PASS
pt::B0028Y5GKK,0.8490,PASS
pt::B002CGSYKS,0.8630,PASS
pt::B002EGDFD2,0.8731,PASS
pt::B002IKLJUK,0.8380,PASS
pt::B002OT93M6,0.8061,PASS
pt::B002RJFD7C,0.8185,PASS
pt::B003G90XTA,0.8344,PASS
pt::B003O868UG,0.8612,PASS
pt::B0046EC1OE,0.6311,RETRY
pt::B004NROYUS,0.7217,PASS
pt::B0055N2L22,0.8121,PASS
pt::B0058PL9R0,0.8600,PASS
pt::B0073A1EBE,0.8546,PASS
pt::B0074WDGAI,0.8645,PASS
pt::B0019N4RUQ,0.8218,PASS
pt::B001AZV2WY,0.8553,PASS
pt::B003JME1CO,0.7369,PASS
pt::B003PJ6QVU,0.8342,PASS
pt::B004DBA2O6,0.8456,PASS
pt::B004UE1W9K,0.8509,PASS
pt::B0053YM70Y,0.8448,PASS
pt::B0055QYKQE,0.8513,PASS
pt::B00607JLWU,0.8455,PASS
pt::B0065SFEE8,0.8209,PASS
pt::B007ZZE63A,0.7888,PASS
pt::B008PQAE98,0.8275,PASS
pt::B008WJ6FQO,0.8490,PASS
pt::B008YDJHWM,0.7718,PASS
pt::B0098HW0H2,0.7919,PASS
pt::B009F1DUAM,0.8166,PASS
pt::B000ELSZBQ,0.8635,PASS
pt::B000LFF0FE,0.8711,PASS
pt::B000VRRPSC,0.8797,PASS
pt::B002SOZWMC,0.8650,PASS
pt::B00573S3RC,0.7504,PASS
pt::B005CNR7B0,0.8181,PASS
pt::B006CVBHUI,0.8685,PASS
pt::B0081R7XR2,0.8795,PASS
pt::B0000UV0JA,0.7505,PASS
pt::B00069ECUY,0.8576,PASS
pt::B000A3N78Y,0.8703,PASS
pt::B000B85AGU,0.8794,PASS
pt::B000FSAADE,0.7835,PASS
pt::B000NEJYVO,0.8742,PASS
pt::B0030BZ7HM,0.7431,PASS
pt::B007E8TWPU,0.8757,PASS
pt::B007OWZRC8,0.8557,PASS
pt::B0081B64T6,0.8436,PASS
pt::B0083PR7N2,0.8633,PASS
pt::B0085B772A,0.8289,PASS
pt::B001FVLTNA,0.8455,PASS
pt::B001H4B0AC,0.6790,RETRY
pt::B00385YE5G,0.8756,PASS
pt::B004BLIQEG,0.8712,PASS
pt::B0052D5BY0,0.8770,PASS
pt::B0076HMDQO,0.7932,PASS
pt::B007WLP0BY,0.7980,PASS
pt::B009AU2JT6,0.8579,PASS
pt::B0000X0VU6,0.8366,PASS
pt::B001URY8CI,0.8459,PASS
pt::B002DMZZQM,0.8630,PASS
pt::B003JTHW6E,0.7814,PASS
pt::B0041OSWUG,0.7854,PASS
pt::B0042X96KG,0.8735,PASS
pt::B004SCRC98,0.8568,PASS
pt::B0051A8T52,0.8581,PASS
pt::B005FO3EN6,0.8323,PASS
pt::B007EM7NES,0.8713,PASS
pt::B0000UI304,0.8815,PASS
pt::B000BUDHNQ,0.6976,RETRY
pt::B0049MV5OK,0.8083,PASS
pt::B008LTBINU,0.8358,PASS
pt::B008VD4TLY,0.8440,PASS
pt::B00004T1XE,0.8815,PASS
pt::B00006JPRP,0.8539,PASS
pt::B00061IYJC,0.8724,PASS
pt::B000W8SSDG,0.7011,PASS
pt::B000WKV1XS,0.8742,PASS
pt::B00134VVKU,0.8751,PASS
pt::B0015AFVBC,0.8601,PASS
pt::B001911ZRQ,0.8354,PASS
pt::B001911ZZS,0.7996,PASS
pt::B001WAK6HO,0.8667,PASS
pt::B0028IIWN4,0.7771,PASS
pt::B002N2EL6C,0.7644,PASS
pt::B003B4D5TU,0.8730,PASS
pt::B003D8K2ZY,0.8657,PASS
pt::B003EAS5SW,0.8028,PASS
pt::B003XSMAGS,0.8655,PASS
pt::B00408K36Y,0.8716,PASS
pt::B0042RUSY0,0.8792,PASS
pt::B0048AG03Y,0.7808,PASS
pt::B004CN91Q0,0.7945,PASS
pt::B004N85YBA,0.8737,PASS
pt::B004N866SA,0.8510,PASS
pt::B004T0B8QM,0.8751,PASS
pt::B0054I5EGI,0.8660,PASS
pt::B005F77Z9C,0.6424,RETRY
pt::B005IGVXMA,0.8711,PASS
pt::B006K0Z1LW,0.8752,PASS
pt::B007NE0OLG,0.8593,PASS
pt::B00006JI5H,0.7885,PASS
pt::B000076WEX,0.8711,PASS
pt::B00009W8XH,0.8488,PASS
pt::B000BVIZGE,0.8631,PASS
pt::B000EM6NNW,0.7287,PASS
pt::B000FCNG18,0.8539,PASS
pt::B000MXLCM0,0.8593,PASS
pt::B000Q6JMB6,0.7773,PASS
pt::B000UVNIA8,0.8659,PASS
pt::B000VI363Y,0.8312,PASS
pt::B0012ANFQS,0.8634,PASS
pt::B001EO6QR2,0.7637,PASS
pt::B00519ASQG,0.8559,PASS
pt::B0011UB9CQ,0.8609,PASS
pt::B009ES68P0,0.8766,PASS
pt::B009NE7B06,0.8411,PASS
pt::B00005U7RW,0.7160,PASS
pt::B00067PS7W,0.8319,PASS
pt::B0009F4OR6,0.8864,PASS
pt::B0009F4OS0,0.8716,PASS
pt::B000AY5YI4,0.8797,PASS
pt::B000CCS440,0.8642,PASS
pt::B000JI6IZO,0.6691,RETRY
pt::B000M5VXVS,0.8513,PASS
pt::B000V1PB2K,0.8393,PASS
pt::B001MIB0SU,0.7534,PASS
pt::B001QJGYZO,0.8156,PASS
pt::B001QWLTYM,0.8753,PASS
pt::B001QWOXZE,0.8748,PASS
pt::B003MTT0ZW,0.7758,PASS
pt::B003TTK2X4,0.8527,PASS
pt::B003VTZ0AC,0.6855,RETRY
pt::B0046TX0VC,0.8086,PASS
pt::B004CLYJ14,0.7805,PASS
pt::B004G2KTU4,0.8587,PASS
pt::B004V4HLCG,0.8004,PASS
pt::B005M21TBA,0.8292,PASS
pt::B006W494ZA,0.8472,PASS
pt::B0091UHMHO,0.8253,PASS
pt::B001QLFNCC,0.8338,PASS
pt::B002P8M6DE,0.8389,PASS
pt::B002R5ABIW,0.8141,PASS
pt::B0036ZHNJW,0.8398,PASS
pt::B003FPNDPG,0.6166,RETRY
pt::B0045JHJSS,0.8625,PASS
pt::B005FE7URM,0.8696,PASS
pt::B00004T1XK,0.8638,PASS
pt::B0001V3AVY,0.7069,PASS
pt::B0009GI7NC,0.8517,PASS
pt::B000CSWW92,0.8651,PASS
pt::B000EISIQQ,0.8620,PASS
pt::B000LSZ2D6,0.8531,PASS
pt::B001JG4NFM,0.7626,PASS
pt::B001JPQXHE,0.7946,PASS
pt::B002NFVE8W,0.8703,PASS
pt::B003LLEG00,0.7640,PASS
pt::B003NVMDYY,0.8710,PASS
pt::B00467PGL6,0.8466,PASS
pt::B004AFCVDA,0.6991,RETRY
pt::B005996B50,0.8654,PASS
pt::B005LKO230,0.7989,PASS
pt::B005V232E8,0.7860,PASS
pt::B005VULWEC,0.7532,PASS
pt::B005XJOB30,0.8300,PASS
pt::B0071O4EZK,0.8519,PASS
pt::B007C861WO,0.8645,PASS
pt::B007F9XHCM,0.8771,PASS
pt::B007F9XJW0,0.8621,PASS
pt::B0081IFO2C,0.7733,PASS
pt::B0000DK7AI,0.5442,RETRY
pt::B000196C2U,0.8471,PASS
pt::B0002ZQG24,0.7972,PASS
pt::B00073MP9O,0.8436,PASS
pt::B0007OWNYA,0.8219,PASS
pt::B000B65GCA,0.8750,PASS
pt::B000CSWHCY,0.8609,PASS
pt::B000EGHU9O,0.8128,PASS
pt::B000MUV6BA,0.8268,PASS
pt::B000O2BOFY,0.8106,PASS
pt::B000V6R4DY,0.7965,PASS
pt::B000Y25ZFY,0.6448,RETRY
pt::B000YIYQWQ,0.8796,PASS
pt::B0018SHJPM,0.5975,RETRY
pt::B001AKC2YG,0.8662,PASS
pt::B001C36QCU,0.8728,PASS
pt::B001G4LOCC,0.8154,PASS
pt::B001UE6N6A,0.8502,PASS
pt::B001UJ2HVK,0.6079,RETRY
pt::B004CS0I8K,0.7721,PASS
pt::B004H2VUUQ,0.8550,PASS
pt::B004JRYLG4,0.8449,PASS
pt::B005AY9278,0.8453,PASS
pt::B00192KF12,0.8439,PASS
pt::B002RJLHB8,0.8463,PASS
pt::B0036BEU8S,0.8280,PASS
pt::B004FSXON8,0.8573,PASS
pt::B004RPUK0Y,0.8586,PASS
pt::B0050K6GH6,0.8562,PASS
pt::B005KJH8WO,0.8516,PASS
pt::B00659JCC2,0.8699,PASS
pt::B007R7DTRK,0.8496,PASS
pt::B000234I6C,0.7868,PASS
pt::B000EZYGTM,0.8489,PASS
pt::B000NOSUAU,0.8812,PASS
pt::B001D8NMJ4,0.8418,PASS
pt::B002FOH5AM,0.8757,PASS
pt::B00065W74Q,0.8812,PASS
pt::B000AO5OMA,0.8742,PASS
pt::B000C81ZWC,0.8596,PASS
pt::B000E9ZKG6,0.6725,RETRY
pt::B000FL5Y2S,0.8498,PASS
pt::B000M51NOU,0.8700,PASS
pt::B001415ENM,0.8310,PASS
pt::B001B1R0PU,0.8325,PASS
pt::B001DKO7R8,0.8068,PASS
pt::B001EM9JXC,0.8419,PASS
pt::B001GIPSAW,0.8238,PASS
pt::B0044UHJWY,0.8514,PASS
pt::B004RIE8TA,0.8414,PASS
pt::B004VJFN0S,0.8223,PASS
pt::B005EVN2XC,0.8567,PASS
pt::B0068RKK18,0.8597,PASS
pt::B008HY8XTG,0.8044,PASS
pt::B0098EYM3A,0.8319,PASS
pt::B00005LE7M,0.8494,PASS
pt::B00008V6NI,0.8702,PASS
pt::B00008XY4E,0.8106,PASS
pt::B00009R9EO,0.8117,PASS
pt::B0000WKYU4,0.8728,PASS
pt::B00030BDWQ,0.8184,PASS
pt::B0008ESGAY,0.8646,PASS
pt::B000JLU2A8,0.8350,PASS
pt::B000MVBHRW,0.8855,PASS
pt::B000RZ8WIK,0.8361,PASS
pt::B001T9CTS2,0.8153,PASS
pt::B001U3YK52,0.8362,PASS
pt::B002LEY28O,0.8030,PASS
pt::B0034XIMG4,0.8758,PASS
pt::B003TXYUOC,0.8261,PASS
pt::B003V57TBY,0.8761,PASS
pt::B004SP0EY0,0.8647,PASS
pt::B00008ZGSQ,0.8572,PASS
pt::B00063E98U,0.7968,PASS
pt::B000S95RWE,0.8372,PASS
pt::B0012DHL10,0.8029,PASS
pt::B0019UEY66,0.8523,PASS
pt::B001F50UJU,0.8567,PASS
pt::B001MXLD4G,0.7582,PASS
pt::B001RB24KK,0.8629,PASS
pt::B001TKYMTA,0.8739,PASS
pt::B002IPH9ZY,0.8847,PASS
pt::B002KGV3C6,0.8599,PASS
pt::B002L0LC8G,0.8517,PASS
pt::B0042GHI8U,0.8033,PASS
pt::B0045HKJZU,0.7904,PASS
pt::B004P0ZEYS,0.8738,PASS
pt::B004RE012C,0.8563,PASS
pt::B004RE5ZCI,0.8488,PASS
pt::B004SC4V3I,0.8186,PASS
pt::B004UJPP20,0.8579,PASS
pt::B005E8MVDC,0.8548,PASS
pt::B005EQS9KS,0.8751,PASS
pt::B005TUQU00,0.8544,PASS
pt::B007TMZW2S,0.8395,PASS
pt::B007TNFT5M,0.8483,PASS
pt::B0007U0IRS,0.8799,PASS
pt::B000P6H90I,0.8675,PASS
pt::B000V0BIWI,0.8586,PASS
pt::B001XUY05M,0.8770,PASS
pt::B004PADOPO,0.8830,PASS
pt::B0056CW7PS,0.8187,PASS
pt::B008V63D4U,0.7664,PASS
pt::B009KPMPRW,0.8729,PASS
pt::B000EOOQUW,0.8721,PASS
pt::B000FFRZ1W,0.8220,PASS
pt::B000P3Q0YW,0.8166,PASS
pt::B000WLZJEO,0.8022,PASS
pt::B0016BVDIK,0.8618,PASS
pt::B001IBHF5S,0.8471,PASS
pt::B004WB7I3K,0.7944,PASS
pt::B006IYWXW0,0.8598,PASS
pt::B0079XKYP2,0.8723,PASS
pt::B0091T97J6,0.8920,PASS
pt::B00004X0ZH,0.8653,PASS
pt::B0000AZK27,0.8554,PASS
pt::B0000C0COS,0.8506,PASS
pt::B0006GWY4I,0.8644,PASS
pt::B000NVX7EC,0.8477,PASS
pt::B002HU39BS,0.8391,PASS
pt::B004065DAC,0.7186,PASS
pt::B0041OMIV0,0.8126,PASS
pt::B0042IHG58,0.8063,PASS
pt::B004IEALCQ,0.8425,PASS
pt::B0050051QI,0.7921,PASS
pt::B007581HIO,0.8386,PASS
pt::B00004SYNX,0.8569,PASS
pt::B00004TZE5,0.8483,PASS
pt::B000INF2NY,0.8838,PASS
pt::B000NWT7JK,0.8342,PASS
pt::B000O5WRQG,0.7457,PASS
pt::B000RWG2JY,0.8797,PASS
pt::B0029SXJMW,0.8854,PASS
pt::B0032MVQJM,0.6252,RETRY
pt::B004444O4G,0.8603,PASS
pt::B005MECHLY,0.8539,PASS
pt::B008MPCSCS,0.8476,PASS
pt::B008O63MXO,0.8573,PASS
pt::B000BI2162,0.8285,PASS
pt::B000BI3NWI,0.8716,PASS
pt::B000BI7NGU,0.8337,PASS
pt::B000EVOANS,0.8779,PASS
pt::B000FH9UOK,0.8323,PASS
pt::B000RNG3WO,0.8445,PASS
pt::B000WW3TLI,0.7018,PASS
pt::B000XVNJRM,0.8368,PASS
pt::B0011FKI3M,0.8530,PASS
pt::B001NGPAN2,0.8703,PASS
pt::B001QLFQOM,0.8698,PASS
pt::B002F6RYKQ,0.8521,PASS
pt::B002GCXCZA,0.7604,PASS
pt::B003Q21W10,0.8403,PASS
pt::B004AWE4D8,0.7187,PASS
pt::B008EPGWCI,0.8633,PASS
pt::B0096FB61W,0.8523,PASS
pt::B00006I53R,0.8425,PASS
pt::B0000A0AEM,0.8176,PASS
pt::B0000DZ5OE,0.8744,PASS
pt::B00021EE7W,0.8460,PASS
pt::B00064V6R6,0.8574,PASS
pt::B000E65DG6,0.8399,PASS
pt::B000EGAMBW,0.8480,PASS
pt::B000LJAQ3Q,0.8250,PASS
pt::B000NVU0C4,0.8159,PASS
pt::B00132CJR6,0.8528,PASS
pt::B0016LPPHU,0.6252,RETRY
pt::B001FFYVQS,0.8279,PASS
pt::B000XQTDR2,0.8044,PASS
pt::B0044DE7XK,0.7824,PASS
pt::B009I9MXLS,0.8722,PASS
pt::B00001P4XH,0.8398,PASS
pt::B0000A576D,0.8049,PASS
pt::B0000AZK0D,0.8560,PASS
pt::B0001RM9GA,0.8772,PASS
pt::B0007RPW36,0.8707,PASS
pt::B0015UY1IG,0.8414,PASS
pt::B00198MYB0,0.8506,PASS
pt::B0094S37GS,0.8844,PASS
pt::B000FTLOL0,0.6903,RETRY
pt::B003YGMECE,0.8447,PASS
pt::B0009ON12G,0.7346,PASS
pt::B000GISJOU,0.8774,PASS
pt::B000HWVOFQ,0.8762,PASS
pt::B000IELOY4,0.8751,PASS
pt::B001C0QUW4,0.8142,PASS
pt::B001GBDDJM,0.8731,PASS
pt::B001VEI290,0.8597,PASS
pt::B00391XGDA,0.8543,PASS
pt::B006MX0WHU,0.8628,PASS
pt::B0098O6CMO,0.8683,PASS
pt::B00005S8KY,0.8778,PASS
pt::B00008KIVO,0.8812,PASS
pt::B0000A602S,0.8839,PASS
pt::B0007MGEQ0,0.8713,PASS
pt::B0009IPTJU,0.8412,PASS
pt::B000ENQT1W,0.8589,PASS
pt::B000FFTVSC,0.8199,PASS
pt::B000NONIM0,0.8334,PASS
pt::B000PCVIEU,0.8706,PASS
pt::B0012RZK7S,0.8787,PASS
pt::B0013WHDKY,0.8588,PASS
pt::B0014IUVQA,0.8696,PASS
pt::B0014J1P5K,0.8608,PASS
pt::B0015ADWMW,0.8585,PASS
pt::B0015E2PQM,0.5890,RETRY
pt::B0019U680G,0.8587,PASS
pt::B001AD0QPA,0.8462,PASS
pt::B001B3A6DQ,0.8811,PASS
pt::B001MTE32Y,0.8467,PASS
pt::B001OI2VAY,0.8680,PASS
pt::B002PAQY76,0.8725,PASS
pt::B0036B4KT2,0.8579,PASS
pt::B003DRCVS6,0.8610,PASS
pt::B003GZ828I,0.8084,PASS
pt::B003RIPMZU,0.8581,PASS
pt::B004C0EGEK,0.8513,PASS
pt::B0080K2KUK,0.8617,PASS
pt::B00005BAUL,0.8336,PASS
pt::B000NOQVQK,0.8690,PASS
pt::B00186YU4W,0.8591,PASS
pt::B00279V1KK,0.8725,PASS
pt::B003B48UNG,0.8510,PASS
pt::B00526TV2U,0.8561,PASS
pt::B007IS3EMI,0.8500,PASS
pt::B00000JDGQ,0.7888,PASS
pt::B000SP6LD2,0.7982,PASS
pt::B000VEMNQO,0.8321,PASS
pt::B001AK7IQI,0.8435,PASS
pt::B001TH7GVY,0.8412,PASS
pt::B007PJ4PLO,0.8698,PASS
pt::B00005NPWI,0.7721,PASS
pt::B0000ALLYO,0.8279,PASS
pt::B0009JB7GI,0.8150,PASS
pt::B000BGZMTC,0.7906,PASS
pt::B000JG88JU,0.8410,PASS
pt::B000M5Y3G0,0.8525,PASS
pt::B001G70M6S,0.8516,PASS
pt::B001GIOKPQ,0.8465,PASS
pt::B001JHWMQ8,0.8679,PASS
pt::B001QUDIE8,0.8715,PASS
pt::B001QUIEIS,0.7591,PASS
pt::B0026RHRFQ,0.8416,PASS
pt::B0028R3NCU,0.8607,PASS
pt::B002C76W4C,0.4144,RETRY
pt::B002G3O5IM,0.8570,PASS
pt::B002HFER6O,0.8574,PASS
pt::B002TG3XXY,0.6498,RETRY
pt::B003WGM7FU,0.8379,PASS
pt::B004IWPX76,0.8755,PASS
pt::B004J48GN6,0.7080,PASS
pt::B005GSNLBQ,0.8396,PASS
pt::B005GTR0R6,0.8173,PASS
pt::B005INJ4ZG,0.8724,PASS
pt::B005ODJ522,0.8054,PASS
pt::B006JJFP56,0.8020,PASS
pt::B0032UXYA8,0.7603,PASS
pt::B000MAXYHY,0.8541,PASS
pt::B000WCQYU6,0.8150,PASS
pt::B002BA5IHM,0.8506,PASS
pt::B002QQ3VE8,0.6562,RETRY
pt::B002TKVK1M,0.7934,PASS
pt::B002YPH5AW,0.7440,PASS
pt::B0030L3ASU,0.8762,PASS
pt::B00400OT2G,0.8789,PASS
pt::B0000EI9VU,0.8753,PASS
pt::B001KI04MK,0.7828,PASS
pt::B0038KP3JW,0.8404,PASS
pt::B003SX0OR0,0.8400,PASS
pt::B0041A1Y7S,0.8454,PASS
pt::B0057XC2X8,0.7963,PASS
pt::B005TDWSJ4,0.8754,PASS
pt::B005TDWUHO,0.8106,PASS
pt::B005XOE7OI,0.7946,PASS
pt::B0089LR6U4,0.8085,PASS
pt::B0096R5V0M,0.7981,PASS
pt::B000IS1ZYY,0.8761,PASS
pt::B001AH8BGW,0.7503,PASS
pt::B001RB24MI,0.8652,PASS
pt::B003CQB35A,0.8772,PASS
pt::B003JOETX8,0.8633,PASS
pt::B003Y5T46Y,0.7543,PASS
pt::B00413RLLS,0.8664,PASS
pt::B004UM7124,0.8225,PASS
pt::B005CPGHAA,0.8574,PASS
pt::B00006B80W,0.8567,PASS
pt::B00091S0SO,0.8594,PASS
pt::B000DZKR1E,0.8407,PASS
pt::B000ENRFNS,0.8830,PASS
pt::B000JI3H08,0.8598,PASS
pt::B001G0MPBK,0.8587,PASS
pt::B00260GL7I,0.7280,PASS
pt::B002C1BB8K,0.8650,PASS
pt::B002CVTU0Q,0.8753,PASS
pt::B002MPPRMW,0.8522,PASS
pt::B0048CE3VS,0.8088,PASS
pt::B004OPXIWY,0.6774,RETRY
pt::B004XFGSTA,0.8369,PASS
pt::B0060KKWAW,0.7718,PASS
pt::B00824948U,0.8500,PASS
pt::B0097DFR8G,0.8567,PASS
pt::B000JQ3A7A,0.7730,PASS
pt::B0017PG8KS,0.8138,PASS
pt::B0052XN17Y,0.8121,PASS
pt::B005LAIFE2,0.8292,PASS
pt::B007IXY472,0.8751,PASS
pt::B0002ZSFTQ,0.7509,PASS
pt::B0006N41B0,0.6914,RETRY
pt::B0007V43M8,0.8556,PASS
pt::B0009JR3RA,0.8575,PASS
pt::B000BQU1F2,0.7287,PASS
pt::B000TD6REQ,0.8423,PASS
pt::B000TD8XCU,0.8324,PASS
pt::B001JT33F0,0.8322,PASS
pt::B002JTV7UM,0.6980,RETRY
pt::B003CP0K8W,0.8633,PASS
pt::B003EGIE2S,0.8695,PASS
pt::B004CM4A58,0.8677,PASS
pt::B004Q9YPYI,0.7940,PASS
pt::B004UR487A,0.8873,PASS
pt::B0058RECNG,0.8633,PASS
pt::B005GWAWZA,0.6596,RETRY
pt::B0063NU3AA,0.8497,PASS
pt::B00669L3HS,0.8687,PASS
pt::B0076SIARO,0.5869,RETRY
pt::B000067G0J,0.8631,PASS
pt::B0000789GC,0.8780,PASS
pt::B0000DD7P2,0.8778,PASS
pt::B000AYKP6U,0.8417,PASS
pt::B000LP9RQC,0.8683,PASS
pt::B0012N9ROE,0.8298,PASS
pt::B001P4UTLK,0.8566,PASS
pt::B001PA974Y,0.8229,PASS
pt::B0028407WW,0.8168,PASS
pt::B003O5LLFG,0.8621,PASS
pt::B005QRA5IY,0.7925,PASS
pt::B000050XL7,0.8594,PASS
pt::B00006JKW5,0.6841,RETRY
pt::B0011ULQNI,0.8687,PASS
pt::B001NLX1LK,0.7763,PASS
pt::B007L8ZAWC,0.8246,PASS
pt::B00005OTG6,0.8620,PASS
pt::B00008DHSN,0.8715,PASS
pt::B0001BXCFS,0.8396,PASS
pt::B0001G0FGM,0.8788,PASS
pt::B000220DCG,0.8628,PASS
pt::B000IVDIL4,0.8459,PASS
pt::B000NAY1CU,0.8454,PASS
pt::B0032ANC5U,0.6516,RETRY
pt::B0039YXNVC,0.8577,PASS
pt::B003A4H2LI,0.8779,PASS
pt::B003UNP0OK,0.8499,PASS
pt::B004GAR91S,0.8784,PASS
pt::B004Z6NWAU,0.8717,PASS
pt::B005VP9MO4,0.7670,PASS
pt::B007IFAP6Y,0.8553,PASS
pt::B00004Z5KH,0.8030,PASS
pt::B0000AI1HP,0.8732,PASS
pt::B0001DKLHS,0.8749,PASS
pt::B0001DQ5YG,0.8075,PASS
pt::B0001PNLIW,0.7765,PASS
pt::B0007CZ70Y,0.8761,PASS
pt::B000I4UI82,0.8154,PASS
pt::B000P9CWTI,0.8496,PASS
pt::B000UF72E2,0.8637,PASS
pt::B001YIJB84,0.8098,PASS
pt::B002ONCDSI,0.8790,PASS
pt::B002YECKCQ,0.7021,PASS
pt::B002YT8B7E,0.7401,PASS
pt::B00318CG8C,0.8707,PASS
pt::B0053XG1AW,0.6677,RETRY
pt::B00747WW9E,0.8630,PASS
pt::B007Z92RGE,0.8436,PASS
pt::B000FJELQA,0.8673,PASS
pt::B000UV8CTU,0.8751,PASS
pt::B003LTM9W4,0.8159,PASS
pt::B003R7KMS8,0.8802,PASS
pt::B004UAG3QG,0.7176,PASS
pt::B006WHPQDG,0.8695,PASS
pt::B007ADFRS0,0.8477,PASS
pt::B000LEFKXC,0.8738,PASS
pt::B000WGJUD0,0.8701,PASS
pt::B002TOJXMQ,0.7653,PASS
pt::B0006HU4NK,0.8731,PASS
pt::B000UC3CN0,0.8097,PASS
pt::B000067R8G,0.8831,PASS
pt::B0001F1ZY4,0.8505,PASS
pt::B0002SQEWS,0.8878,PASS
pt::B00076FVP6,0.8674,PASS
pt::B000EGLXTW,0.8802,PASS
pt::B001GI39IK,0.8421,PASS
pt::B002EC92KG,0.7310,PASS
pt::B00492BTXM,0.8665,PASS
pt::B004D4917W,0.8535,PASS
pt::B005BGK9JA,0.8698,PASS
pt::B007BDJ81Q,0.8800,PASS
pt::B009GPY97A,0.8222,PASS
pt::B0000AKABI,0.8722,PASS
pt::B0009JR41U,0.7994,PASS
pt::B000IDC0K2,0.8419,PASS
pt::B000SAD4HI,0.8665,PASS
pt::B000WPGRKK,0.7945,PASS
pt::B00122FCRG,0.7859,PASS
pt::B0017I1PVC,0.7867,PASS
pt::B001MA2AYG,0.8382,PASS
pt::B001TK3D4K,0.8531,PASS
pt::B001U3Y5TI,0.8744,PASS
pt::B001XCX9TI,0.8722,PASS
pt::B002DTWEPU,0.8846,PASS
pt::B002JPEWOO,0.7949,PASS
pt::B0033TJPJW,0.8792,PASS
pt::B0036WT4KG,0.8523,PASS
pt::B0038KLM9W,0.8638,PASS
pt::B0038WJTF4,0.8651,PASS
pt::B003960FH0,0.8800,PASS
pt::B003ZXE87A,0.8629,PASS
pt::B00006J07K,0.8694,PASS
pt::B00009R89L,0.5077,RETRY
pt::B0001FI49I,0.8694,PASS
pt::B0007W4IW2,0.8613,PASS
pt::B000EPJNHW,0.8744,PASS
pt::B000TMI07O,0.8497,PASS
pt::B001940S1C,0.8527,PASS
pt::B001G7PMMC,0.8101,PASS
pt::B002WPUC5Y,0.7908,PASS
pt::B003MPSHP0,0.8860,PASS
pt::B003XCVQ3C,0.8588,PASS
pt::B006UV6YMQ,0.8547,PASS
pt::B0092MD5UY,0.8681,PASS
pt::B00937CTQO,0.8126,PASS
pt::B0096W1ONK,0.8623,PASS
pt::B0097DFRMC,0.8687,PASS
pt::B0019FW54Y,0.8378,PASS
pt::B001NFT2RI,0.8496,PASS
pt::B004LRO9B4,0.8151,PASS
pt::B005HY4UH8,0.8637,PASS
pt::B000FUO1BY,0.8732,PASS
pt::B00395YA6S,0.8807,PASS
pt::B003Y5H17I,0.8439,PASS
pt::B004FG7WY2,0.8415,PASS
pt::B005V7K214,0.8526,PASS
pt::B006T7QSV8,0.8783,PASS
pt::B008MB6YX6,0.8813,PASS
pt::B008MB6ZX0,0.8830,PASS
pt::B0007WZLDC,0.8713,PASS
pt::B000CDHQK2,0.4374,RETRY
pt::B000F2BLTC,0.8691,PASS
pt::B00846Z4YY,0.8203,PASS
pt::B000EE9D00,0.8338,PASS
pt::B001F7BFM4,0.6945,RETRY
pt::B004F38Y7Y,0.8408,PASS
pt::B004QC3CMG,0.8123,PASS
pt::B005FIBBWI,0.7847,PASS
pt::B005ODJ5YU,0.8135,PASS
pt::B006TZE0UQ,0.8089,PASS
pt::B00844N5OC,0.6768,RETRY
pt::B0087W8QP4,0.8385,PASS
pt::B0006OQY2S,0.8304,PASS
pt::B000MVEC0Q,0.8768,PASS
pt::B003AIL2F6,0.8670,PASS
pt::B0045EJY90,0.8817,PASS
pt::B007DCCK60,0.8662,PASS
pt::B00024ENES,0.7371,PASS
pt::B000EA6WOO,0.7990,PASS
pt::B000S6MD6K,0.8392,PASS
pt::B001RZAXYA,0.8004,PASS
pt::B002TKS0S8,0.7821,PASS
pt::B0037NYQ5C,0.8685,PASS
pt::B0050YG3CU,0.8423,PASS
pt::B00752VKTG,0.8830,PASS
pt::B007BIUKLI,0.8066,PASS
pt::B009AEYDZA,0.8557,PASS
pt::B000KZALSG,0.8508,PASS
pt::B001E71O3K,0.8660,PASS
pt::B000NX1UNU,0.8734,PASS
pt::B000RGG5EC,0.8817,PASS
pt::B000VZRPF2,0.8404,PASS
pt::B001AEDJY4,0.8361,PASS
pt::B00281FXFQ,0.8785,PASS
pt::B004813AXG,0.8770,PASS
pt::B004CRSM4I,0.8453,PASS
pt::B004EBUXIA,0.8558,PASS
pt::B004KZDV8E,0.8549,PASS
pt::B0058DQASK,0.8363,PASS
pt::B007OCJWTM,0.8336,PASS
pt::B007Q7EG7I,0.8525,PASS
pt::B007RQ0MDA,0.8119,PASS
pt::B0087EVHVW,0.8307,PASS
pt::B009L946II,0.8111,PASS
pt::B0001VNN6Q,0.8691,PASS
pt::B0006LSIIE,0.5590,RETRY
pt::B0009O1F06,0.8535,PASS
pt::B000BP2YLC,0.8098,PASS
pt::B000BYU62M,0.7730,PASS
pt::B000FFF4NS,0.8579,PASS
pt::B000H7MHFC,0.8500,PASS
pt::B000KBNNAS,0.8661,PASS
pt::B000KKKDAC,0.7829,PASS
pt::B000N8QZ5I,0.8165,PASS
pt::B000OORHI0,0.8520,PASS
pt::B000RYN1MS,0.8034,PASS
pt::B000TVSYMQ,0.8535,PASS
pt::B000W0OVV2,0.8816,PASS
pt::B000YA0A0Q,0.8568,PASS
pt::B00104XCWS,0.7103,PASS
pt::B0011RJ04I,0.7250,PASS
pt::B001B96HLU,0.8463,PASS
pt::B001P61O4Y,0.8173,PASS
pt::B002M78J70,0.7956,PASS
pt::B002PY7H7I,0.8240,PASS
pt::B002URJ6UG,0.7681,PASS
pt::B00355IJU0,0.7294,PASS
pt::B0049SCB2Y,0.8599,PASS
pt::B004GGUASG,0.8197,PASS
pt::B004ZBAPA0,0.8566,PASS
pt::B0053KWDES,0.8547,PASS
pt::B0056HNTAU,0.8503,PASS
pt::B005M1QP7O,0.8590,PASS
pt::B005UKHFBM,0.8640,PASS
pt::B006MHLYQO,0.8635,PASS
pt::B0080H7UZS,0.7795,PASS
pt::B008N8GENI,0.8555,PASS
pt::B00028OP2Y,0.8672,PASS
pt::B000GABVOS,0.8762,PASS
pt::B006WYVJ6W,0.8268,PASS
pt::B008PYOMG6,0.8066,PASS
pt::B009HPGC9C,0.8673,PASS
pt::B000VKUZDG,0.8788,PASS
pt::B000Y9KLTW,0.8164,PASS
pt::B001HH2C4C,0.8470,PASS
pt::B00518M77U,0.8372,PASS
pt::B007ZT4N5C,0.8331,PASS
pt::B0040UBU3W,0.7755,PASS
pt::B0043M66XG,0.8742,PASS
pt::B000I5LACO,0.6770,RETRY
pt::B001068T5Q,0.8591,PASS
pt::B001MQ8BL6,0.8613,PASS
pt::B003UCESP8,0.8360,PASS
pt::B003UFO2GU,0.8050,PASS
pt::B004OBZ2UE,0.8703,PASS
pt::B004OBZ2XQ,0.7530,PASS
pt::B0050F152M,0.7864,PASS
pt::B005HJ38OO,0.8128,PASS
pt::B005IF3CE8,0.7705,PASS
pt::B005OEN3EM,0.8415,PASS
pt::B0068Z8JBS,0.7595,PASS
pt::B007AH7YFU,0.8607,PASS
pt::B00000JDEL,0.8901,PASS
pt::B000056SJT,0.3765,RETRY
pt::B00007KVHZ,0.8664,PASS
pt::B00008ZPJP,0.8448,PASS
pt::B0001PFQ08,0.8806,PASS
pt::B0006PRM8C,0.8452,PASS
pt::B000FKKO74,0.8646,PASS
pt::B000XQ50PQ,0.8637,PASS
pt::B004M8SVDE,0.8510,PASS
pt::B008UC69J6,0.8720,PASS
pt::B000VI2HT8,0.8540,PASS
pt::B001UHOR7O,0.7776,PASS
pt::B0040YFPSO,0.8663,PASS
pt::B0045BLP1S,0.8623,PASS
pt::B006GTDPYM,0.8801,PASS
pt::B007G92MG8,0.8775,PASS
pt::B00000J434,0.8508,PASS
pt::B00000JBUI,0.5820,RETRY
pt::B00001QEMF,0.8257,PASS
pt::B00004SYVH,0.8170,PASS
pt::B00004T0RC,0.8385,PASS
pt::B00004TWM3,0.7291,PASS
pt::B00004YZLV,0.8411,PASS
pt::B00004ZCDD,0.7944,PASS
pt::B000058E2B,0.7845,PASS
pt::B00005NHH8,0.8625,PASS
pt::B00005Y3V5,0.8299,PASS
pt::B00005Y3V6,0.8239,PASS
pt::B000069AT6,0.5766,RETRY
pt::B00006B9Q7,0.8215,PASS
pt::B00006I5BN,0.8681,PASS
pt::B00006JNCM,0.8083,PASS
pt::B00006RSIZ,0.7871,PASS
pt::B00008K4BD,0.6817,RETRY
pt::B000799LQS,0.8467,PASS
pt::B000BYB4PK,0.7452,PASS
pt::B000E5CYSM,0.7055,PASS
pt::B000H4FO9G,0.8578,PASS
pt::B000M12014,0.6285,RETRY
pt::B006U0Z72U,0.8613,PASS
pt::B007ATHRJG,0.8496,PASS
pt::B009HL556M,0.8497,PASS
pt::B00004Z5VS,0.8628,PASS
pt::B0001Y7Z4Y,0.5613,RETRY
pt::B0009VU7BM,0.7499,PASS
pt::B000GUNDIA,0.8437,PASS
pt::B000H312RK,0.8419,PASS
pt::B000LIDLV6,0.8498,PASS
pt::B000OG6I8S,0.7608,PASS
pt::B000WLWBI6,0.8523,PASS
pt::B001J6FS3I,0.8020,PASS
pt::B001QJ7656,0.8601,PASS
pt::B00358RFJ8,0.8330,PASS
pt::B003Z6Q8Y8,0.8648,PASS
pt::B007R3Z44U,0.8531,PASS
pt::B0000226IH,0.8744,PASS
pt::B0000228GG,0.8270,PASS
pt::B00006BXBS,0.8347,PASS
pt::B00008W7LS,0.8149,PASS
pt::B00008Y1VU,0.8662,PASS
pt::B0002AHS12,0.8237,PASS
pt::B000669GA8,0.7658,PASS
pt::B00066D1GI,0.8307,PASS
pt::B00066Z9XG,0.8656,PASS
pt::B0006G0IHS,0.8586,PASS
pt::B0009H62Q0,0.8456,PASS
pt::B000BC98H8,0.8540,PASS
pt::B000JLTVZA,0.7077,PASS
pt::B000N5PYQM,0.8248,PASS
pt::B000PCF7A6,0.7096,PASS
pt::B000QAUGO4,0.7700,PASS
pt::B000VINPCQ,0.8214,PASS
pt::B0012R8O1M,0.7453,PASS
pt::B0012YHQVE,0.8706,PASS
pt::B0013HHDH2,0.6652,RETRY
pt::B0014T5UM4,0.8536,PASS
pt::B0018QQDII,0.8279,PASS
pt::B001QTXKF6,0.8518,PASS
pt::B001TC0NRS,0.8617,PASS
pt::B002G1YP3O,0.8309,PASS
pt::B002N66G0C,0.8252,PASS
pt::B002UV90LM,0.8469,PASS
pt::B0035X1EC2,0.7871,PASS
pt::B000MKKTJK,0.7443,PASS
pt::B000SXWGDI,0.7548,PASS
pt::B00170IBF8,0.8814,PASS
pt::B0029L817W,0.8641,PASS
pt::B00391Z89K,0.8787,PASS
pt::B003Y3BFB8,0.8803,PASS
pt::B005D1Q6J0,0.8307,PASS
pt::1400501466,0.8678,PASS
pt::B0000AI0N2,0.7558,PASS
pt::B0001PFO1O,0.7902,PASS
pt::B000EVSXMC,0.8617,PASS
pt::B002ONCCLQ,0.8856,PASS
pt::B0090A8TWW,0.8532,PASS
pt::B00005KB2N,0.8559,PASS
pt::B00009WBYI,0.7986,PASS
pt::B0002UB2K0,0.8068,PASS
pt::B0006G0II2,0.8403,PASS
pt::B000EH4Y3S,0.8595,PASS
pt::B000EHYMIA,0.8414,PASS
pt::B000MWHA9A,0.8727,PASS
pt::B000U1YBNQ,0.7436,PASS
pt::B001UALXG4,0.8834,PASS
pt::B002C00G32,0.8485,PASS
pt::B0036EH186,0.8608,PASS
pt::B003QHXZM4,0.7602,PASS
pt::B0056VMBOG,0.8730,PASS
pt::B005OU6D3Y,0.6506,RETRY
pt::B0071CVTAK,0.8033,PASS
pt::B007UE2SPE,0.8564,PASS
pt::B008R79VMQ,0.8323,PASS
pt::B000HI9O5W,0.8786,PASS
pt::B000O7LEG8,0.8509,PASS
pt::B000ZKUIJS,0.8550,PASS
pt::B002VJJKVI,0.8829,PASS
pt::B00689F764,0.8548,PASS
pt::B00826L4G8,0.8668,PASS
pt::B00005T3BD,0.8371,PASS
pt::B000CQGMRC,0.5849,RETRY
pt::B000EUJ1PQ,0.8412,PASS
pt::B000UW270Y,0.8377,PASS
pt::B000VXED54,0.6993,RETRY
pt::B000ZEVNYS,0.8413,PASS
pt::B001AZP6O4,0.8134,PASS
pt::B001RB1U14,0.7182,PASS
pt::B001TJK5QK,0.6965,RETRY
pt::B002778F88,0.8720,PASS
pt::B002778FAQ,0.8706,PASS
pt::B002LIU42S,0.8451,PASS
pt::B002TZ4CRG,0.8135,PASS
pt::B0034CSTFY,0.8178,PASS
pt::B003N3HDAQ,0.8600,PASS
pt::B003VOW5WI,0.7238,PASS
pt::B004UR486G,0.8714,PASS
pt::B004XUJYAA,0.7841,PASS
pt::B0089MVZDW,0.7476,PASS
pt::B008CWW6VY,0.8501,PASS
pt::B008O6KES0,0.8371,PASS
pt::B0009NMQ2I,0.8590,PASS
pt::B000AMO2H0,0.8521,PASS
pt::B000M9OVZY,0.7334,PASS
pt::B000ORJFVE,0.8312,PASS
pt::B0098QDBYO,0.8479,PASS
pt::B00006JBJY,0.8630,PASS
pt::B000EDK8XC,0.8396,PASS
pt::B000OGA802,0.7202,PASS
pt::B000WOWUKM,0.8691,PASS
pt::B001T57PD0,0.8572,PASS
pt::B002JPITZ2,0.8471,PASS
pt::B0035JKKYY,0.8379,PASS
pt::B00361EZXS,0.8687,PASS
pt::B0069RXK9G,0.8613,PASS
pt::B00008VGRC,0.8727,PASS
pt::B000BD1ADC,0.8375,PASS
pt::B000EPLPPU,0.8732,PASS
pt::B000MXJDMG,0.8675,PASS
pt::B000W6EUOE,0.8834,PASS
pt::B001FC0BWE,0.8837,PASS
pt::B0041DZTWG,0.8780,PASS
pt::B00472DQTO,0.8481,PASS
pt::B0067XG1T8,0.7939,PASS
pt::B0001D3K3A,0.8460,PASS
pt::B0001PFQ7G,0.8701,PASS
pt::B00404H6DQ,0.8763,PASS
pt::B0044T2Q9Q,0.8749,PASS
pt::B00452V1U2,0.8722,PASS
pt::B00004Z7G9,0.8684,PASS
pt::B00006B9QG,0.8212,PASS
pt::B0006U3A1U,0.8752,PASS
pt::B000A2EXI8,0.8737,PASS
pt::B000JU0NK8,0.8405,PASS
pt::B00191PKJK,0.8689,PASS
pt::B001M53FX6,0.8530,PASS
pt::B001R1T962,0.8632,PASS
pt::B003LZ7KBI,0.7876,PASS
pt::B0062X9OCE,0.7903,PASS
pt::B0087Y1XS4,0.8371,PASS
pt::B0002Q7VO0,0.8657,PASS
pt::B00083Y4B0,0.7460,PASS
pt::B000O0E6H4,0.7674,PASS
pt::B001NW57NE,0.8676,PASS
pt::B001QIRYPO,0.8609,PASS
pt::B001RAW0UU,0.8581,PASS
pt::B002LVUN6M,0.8641,PASS
pt::B004071ZX0,0.8095,PASS
pt::B004CG11SS,0.8794,PASS
pt::B004YB60KA,0.8515,PASS
pt::B005YXD4I8,0.8638,PASS
pt::B006V9AUMC,0.8233,PASS
pt::B006ZW4HY2,0.8726,PASS
pt::B0077E48TG,0.8739,PASS
pt::B007UR1PIC,0.8351,PASS
pt::B00006B7DB,0.8745,PASS
pt::B00006L7TT,0.8630,PASS
pt::B00006YZ3Y,0.7325,PASS
pt::B0000ACOBL,0.6958,RETRY
pt::B000AYDQB6,0.6977,RETRY
pt::B000M0FWM4,0.8480,PASS
pt::B000TQU352,0.8560,PASS
pt::B000V4PZCI,0.8840,PASS
pt::B0031U1AU0,0.8722,PASS
pt::B003BVK7NU,0.8585,PASS
pt::B0023B138W,0.4829,RETRY
pt::B002L6HDRE,0.8741,PASS
pt::B0075Z2SMG,0.8675,PASS
pt::B0078GCLRY,0.8468,PASS
pt::B007FPISLG,0.8697,PASS
pt::B0087ND9WS,0.8580,PASS
pt::B009GXZ63S,0.8681,PASS
pt::B00006ELLL,0.8402,PASS
pt::B003DNYW5A,0.8704,PASS
pt::B004WI3G3O,0.7430,PASS
pt::B007MX9XU6,0.8092,PASS
pt::B000JGD9JY,0.8114,PASS
pt::B00125MHVM,0.8561,PASS
pt::B0037YVZXW,0.6833,RETRY
pt::B0000AIS1V,0.7596,PASS
pt::B000BFGB6G,0.8796,PASS
pt::B000BKBZGC,0.8734,PASS
pt::B000BKE8QQ,0.8506,PASS
pt::B000JC3NOY,0.8522,PASS
pt::B00102T3VY,0.8759,PASS
pt::B0015PKGH6,0.8374,PASS
pt::B001GD3Z02,0.7882,PASS
pt::B001KB6P16,0.8742,PASS
pt::B001UN6ES8,0.8765,PASS
pt::B001XUR5H2,0.7851,PASS
pt::B002AK6SS6,0.8542,PASS
pt::B002I529AY,0.8813,PASS
pt::B003AIL2HY,0.8618,PASS
pt::B003M6A27A,0.8618,PASS
pt::B003VNKKT4,0.8462,PASS
pt::B003XQNVXQ,0.8614,PASS
pt::B0041RRVOG,0.8727,PASS
pt::B0041RSPSW,0.8670,PASS
pt::B00817UWQ6,0.8750,PASS
pt::B00005QEYI,0.8485,PASS
pt::B001DW6Q8E,0.8553,PASS
pt::B002S4027C,0.7824,PASS
pt::B0032ALW5C,0.8635,PASS
pt::B0032ANCCI,0.8533,PASS
pt::B004G77W4A,0.8515,PASS
pt::B0054RJ77Q,0.8475,PASS
pt::B0054RJ9EW,0.8237,PASS
pt::B001IE5NCC,0.8641,PASS
pt::B0029F1XNW,0.8789,PASS
pt::B003WVA6M6,0.8756,PASS
pt::B00487UR3Q,0.8506,PASS
pt::B004R6J2V6,0.8833,PASS
pt::B0052V6VAU,0.8714,PASS
pt::B005HARR2W,0.8681,PASS
pt::B005T4HT24,0.8757,PASS
pt::B008U6PQA0,0.8489,PASS
pt::B008VGQ4VO,0.8812,PASS
pt::B000ROE0SW,0.8697,PASS
pt::B0031AY1O2,0.8730,PASS
pt::B0000512QS,0.8116,PASS
pt::B00005RKSS,0.8324,PASS
pt::B00006I548,0.7809,PASS
pt::B000GPHQWO,0.8576,PASS
pt::B000Q9ON9Y,0.8420,PASS
pt::B0017NIKTM,0.8441,PASS
pt::B001GNCWCE,0.8430,PASS
pt::B001P06Q66,0.8715,PASS
pt::B002C6QC3E,0.8542,PASS
pt::B002UBPWAK,0.8498,PASS
pt::B0030FJK80,0.8396,PASS
pt::B003DX3O6I,0.8013,PASS
pt::B004M18N1G,0.8321,PASS
pt::B004X1SFTA,0.8500,PASS
pt::B0099HBYT6,0.7966,PASS
pt::B009B0WREM,0.8774,PASS
pt::B00001P505,0.8613,PASS
pt::B0002CE0XO,0.8673,PASS
pt::B000R23ER2,0.8553,PASS
pt::B002G1Y7LO,0.8639,PASS
pt::B004T0EQP2,0.8622,PASS
pt::B0057D51ZY,0.8181,PASS
pt::B006JO1YCY,0.8557,PASS
pt::B006KYY0CY,0.8606,PASS
pt::B006OEL86Q,0.8782,PASS
pt::B0088LYCZC,0.8664,PASS
pt::B009BKVYZK,0.8402,PASS
pt::B009KNO1IU,0.8736,PASS
pt::B00009EFQT,0.7988,PASS
pt::B00030DEOQ,0.8506,PASS
pt::B000F9NXT6,0.8360,PASS
pt::B000J56K1O,0.8792,PASS
pt::B001OV789U,0.8332,PASS
pt::B001QTXKEW,0.8739,PASS
pt::B003KGBBRM,0.8572,PASS
pt::B004O21PPE,0.7571,PASS
pt::B0068ZWZY0,0.8514,PASS
pt::B007G51UWY,0.8075,PASS
pt::B007YWMCA8,0.7267,PASS
pt::B00834SING,0.7873,PASS
pt::B0083Y6MV6,0.7073,PASS
pt::B008X0UKV8,0.8675,PASS
pt::B0004HQQSE,0.8803,PASS
pt::B000A3PL2Y,0.7648,PASS
pt::B000EMXB82,0.8561,PASS
pt::B000FAJQHS,0.8100,PASS
pt::B000MUK81E,0.8278,PASS
pt::B000MULXPO,0.8279,PASS
pt::B000TXHE20,0.8157,PASS
pt::B000X93ORO,0.8689,PASS
pt::B0019QZPGS,0.7642,PASS
pt::B0019UX796,0.8752,PASS
pt::B001HLMWT8,0.8663,PASS
pt::B001TKRLRU,0.8539,PASS
pt::B001Y15JPA,0.8089,PASS
pt::B002KG0JO4,0.8645,PASS
pt::B002PU9UNG,0.8506,PASS
pt::B0035LBRM6,0.8389,PASS
pt::B0035LBRMQ,0.8273,PASS
pt::B0038BZ8W8,0.7523,PASS
pt::B003G2YVN6,0.7584,PASS
pt::B003OALACA,0.8707,PASS
pt::B0042X9MNM,0.8658,PASS
pt::B0044EFIHI,0.7775,PASS
pt::B004E51ZLU,0.7871,PASS
pt::B004M8ST54,0.7932,PASS
pt::B005FDJC6K,0.8371,PASS
pt::B0064YWOQY,0.8416,PASS
pt::B006PWGEQQ,0.8252,PASS
pt::B0072LATE2,0.8250,PASS
pt::B0074WDDN8,0.8618,PASS
pt::B008D9AIMA,0.8382,PASS
pt::B000OE1RGI,0.8498,PASS
pt::B001HXCOOO,0.8209,PASS
pt::B004YIZXEC,0.8851,PASS
pt::B005MKH1XC,0.7660,PASS
pt::B000063Y73,0.8467,PASS
pt::B000AMCM2C,0.8060,PASS
pt::B000GZ6ZQC,0.5765,RETRY
pt::B000JJKX4K,0.8610,PASS
pt::B000M127PI,0.6767,RETRY
pt::B00171BFVO,0.7615,PASS
pt::B001GR1C3A,0.7504,PASS
pt::B001IMPVEE,0.8615,PASS
pt::B0023FDJ0S,0.5502,RETRY
pt::B0028LZEQO,0.8524,PASS
pt::B0032GVDB4,0.8369,PASS
pt::B0033WSDNI,0.8428,PASS
pt::B003RRFWRY,0.8156,PASS
pt::B003Y0CXX0,0.7840,PASS
pt::B003YEVD32,0.7640,PASS
pt::B00427TAIK,0.7824,PASS
pt::B0046HCSG2,0.8655,PASS
pt::B004G7H1UU,0.8550,PASS
pt::B004QF0VE0,0.8111,PASS
pt::B004XT6ZJ4,0.6447,RETRY
pt::B005DL2OVE,0.7351,PASS
pt::B0090BSSZO,0.7843,PASS
pt::B00005T3W4,0.8553,PASS
pt::B00006B753,0.8677,PASS
pt::B00083XXTY,0.8632,PASS
pt::B0008IVGFC,0.8614,PASS
pt::B000HAOVC6,0.8792,PASS
pt::B000NZORB0,0.8786,PASS
pt::B000VWOKQM,0.8600,PASS
pt::B000XPG2YU,0.8730,PASS
pt::B001666GLE,0.8619,PASS
pt::B001BHUJ5M,0.8574,PASS
pt::B0029L6GY2,0.7837,PASS
pt::B002L16KS2,0.8343,PASS
pt::B0042FZ92S,0.8392,PASS
pt::B004OMD4Y4,0.8740,PASS
pt::B0085RUZFA,0.8733,PASS
pt::B0085RZPP0,0.8756,PASS
pt::B00007LI9D,0.8707,PASS
pt::B00009R996,0.7903,PASS
pt::B0007WK8MQ,0.8312,PASS
pt::B0009XQPK2,0.8301,PASS
pt::B001H3KJNC,0.8533,PASS
pt::B0029U0WWU,0.8534,PASS
pt::B00427Z7OG,0.8614,PASS
pt::B004BFC260,0.8316,PASS
pt::B004P616OY,0.8498,PASS
pt::B004X4DRZO,0.7633,PASS
pt::B006889MIO,0.8647,PASS
pt::B00803WNOK,0.8843,PASS
pt::B009A1785K,0.8644,PASS
pt::B000TD6RDC,0.8275,PASS
pt::B001GNC7RE,0.8426,PASS
pt::B001U3YK48,0.8675,PASS
pt::B0054EFKHA,0.8395,PASS
pt::B007FZN53W,0.8608,PASS
pt::B008OQLM18,0.8650,PASS
pt::B009DXVUGS,0.8779,PASS
pt::B003NVMHM2,0.8652,PASS
pt::B003WIRFDW,0.8569,PASS
pt::B004NZBAF2,0.8511,PASS
pt::B004O9A8FU,0.8525,PASS
pt::B004PYEBY8,0.8809,PASS
pt::B00003CWDQ,0.8004,PASS
pt::B000EXP7Q0,0.8238,PASS
pt::B000P8X65S,0.8262,PASS
pt::B000UZVPOA,0.8417,PASS
pt::B000UZXT4E,0.8521,PASS
pt::B000VKCIJU,0.7997,PASS
pt::B001CHTJ8O,0.8295,PASS
pt::B002AULMFA,0.7412,PASS
pt::B003AMGHLQ,0.8123,PASS
pt::B003DSQMQC,0.8663,PASS
pt::B003DV71DW,0.8473,PASS
pt::B003KQMBU8,0.8652,PASS
pt::B003WD2SLQ,0.8182,PASS
pt::B004AA4E8K,0.8136,PASS
pt::B004FDZ3ZU,0.7505,PASS
pt::B004VFGJQ4,0.8580,PASS
pt::B0058W5RC6,0.8045,PASS
pt::B005OFK89E,0.8623,PASS
pt::B007BYLMB4,0.8040,PASS
pt::B007JPCL88,0.8749,PASS
pt::B007OWQGTG,0.7501,PASS
pt::B000HWS0OY,0.8441,PASS
pt::B000LB41BM,0.8622,PASS
pt::B0015G58WS,0.8400,PASS
pt::B001U3Y5T8,0.8781,PASS
pt::B0000AERK6,0.8050,PASS
pt::B000RQ9TVI,0.8343,PASS
pt::B000TDEM5C,0.8450,PASS
pt::B000WXAX6G,0.7366,PASS
pt::B00108UNDK,0.7827,PASS
pt::B00276D13I,0.8675,PASS
pt::B0035ER1I2,0.8690,PASS
pt::B0036WT3PW,0.8638,PASS
pt::B003JTGMKQ,0.8658,PASS
pt::B004N85YDI,0.8646,PASS
pt::B0051UY168,0.8424,PASS
pt::B0056GJLJY,0.8673,PASS
pt::B006TZGCDE,0.8836,PASS
pt::B007TMYTK4,0.8302,PASS
pt::B007V5CD0W,0.8586,PASS
pt::B008CG12WE,0.8676,PASS
pt::B000BBE9DM,0.8678,PASS
pt::B000O5TH14,0.8484,PASS
pt::B001GGK8OA,0.6266,RETRY
pt::B001TOD5AS,0.8328,PASS
pt::B002V1APJ2,0.8713,PASS
pt::B006FTDP3O,0.8453,PASS
pt::B008EPJZC2,0.8392,PASS
pt::B0093W2W7U,0.7388,PASS
pt::B0097JLQVC,0.7846,PASS
pt::B0007LBPBA,0.7275,PASS
pt::B00139XOCI,0.7155,PASS
pt::B001NDYTKA,0.7575,PASS
pt::B001P7CAZ0,0.8218,PASS
pt::B001T9AGLE,0.6685,RETRY
pt::B002IFPY2O,0.7600,PASS
pt::B00305E3T6,0.7968,PASS
pt::B0036NSF7I,0.8433,PASS
pt::B004AZ38Z0,0.8199,PASS
pt::B004KDVNZO,0.8777,PASS
pt::B004LOFJPW,0.8585,PASS
pt::B0081TSZ18,0.7948,PASS
pt::B000063S4I,0.8098,PASS
pt::B0001G6UBG,0.8774,PASS
pt::B0007WTHLY,0.8648,PASS
pt::B002HEWA1E,0.8812,PASS
pt::B0042X8NT6,0.8827,PASS
pt::B004A91D94,0.8590,PASS
pt::B006P18W58,0.8467,PASS
pt::B00006HOL6,0.8528,PASS
pt::B0000AB4NV,0.7629,PASS
pt::B0000BZLK9,0.7774,PASS
pt::B0000XK46M,0.8863,PASS
pt::B0001TSSNQ,0.8254,PASS
pt::B0007WQ5NM,0.7679,PASS
pt::B000C0QGB0,0.8359,PASS
pt::B000FW60FW,0.8593,PASS
pt::B000N7KTBU,0.8122,PASS
pt::B000P6K450,0.8780,PASS
pt::B000WDSFPM,0.8689,PASS
pt::B000YZGCIU,0.8705,PASS
pt::B0017JA59E,0.8382,PASS
pt::B001H98V90,0.6820,RETRY
pt::B001KZTSOI,0.7827,PASS
pt::B001PNJM8C,0.8435,PASS
pt::B001V2PGX2,0.8348,PASS
pt::B001XCWLQK,0.7964,PASS
pt::B0022Q02B2,0.8257,PASS
pt::B0029N19KQ,0.8652,PASS
pt::B002U03KQO,0.6858,RETRY
pt::B002XQ3C0E,0.7631,PASS
pt::B0031R2WQO,0.8521,PASS
pt::B0035HKA46,0.7995,PASS
pt::B00367AJ0U,0.8719,PASS
pt::B003CYL50A,0.8201,PASS
pt::B003D5MZUW,0.7388,PASS
pt::B00407JUKA,0.8199,PASS
pt::B0044EFJ9K,0.8186,PASS
pt::B0044EH2VI,0.8472,PASS
pt::B00454YCWY,0.8620,PASS
pt::B004G8CBFY,0.8133,PASS
pt::B004H4H1CU,0.8438,PASS
pt::B004ICOA0C,0.7483,PASS
pt::B004QVH1N8,0.7960,PASS
pt::B0059H616G,0.8249,PASS
pt::B005GXUMP4,0.7237,PASS
pt::B0075AKKEE,0.6206,RETRY
pt::B00007L6I5,0.8428,PASS
pt::B00020M1U0,0.8600,PASS
pt::B0007N55L4,0.8729,PASS
pt::B000E1FYS8,0.8085,PASS
pt::B000GFJMS0,0.8010,PASS
pt::B000O3OEGE,0.8689,PASS
pt::B000V06UHQ,0.7290,PASS
pt::B0012XZAXG,0.8816,PASS
pt::B0014TXMOC,0.7921,PASS
pt::B001AJHQD4,0.6518,RETRY
pt::B001HQ9A7A,0.7617,PASS
pt::B0039XQQXA,0.8670,PASS
pt::B003B4VLJQ,0.8323,PASS
pt::B003HC85D2,0.7492,PASS
pt::B003YNQ6DK,0.7493,PASS
pt::B003ZDEHXA,0.8250,PASS
pt::B004J57R0I,0.8556,PASS
pt::B004PFI2Z6,0.8019,PASS
pt::B005039I0K,0.8240,PASS
pt::B005LHN2UC,0.8744,PASS
pt::B005LSOPN4,0.8429,PASS
pt::B007BPQJSY,0.7627,PASS
pt::B0083JE5Q0,0.8262,PASS
pt::B009LENJ90,0.8551,PASS
pt::B002EVPBH0,0.8451,PASS
pt::B00004Z0BO,0.8744,PASS
pt::B00007LTB6,0.8367,PASS
pt::B00008VSLB,0.8178,PASS
pt::B0000AZJVP,0.8702,PASS
pt::B00067KZBQ,0.8832,PASS
pt::B000L9N2VO,0.8473,PASS
pt::B00142HLV4,0.8848,PASS
pt::B003VNKKRG,0.8431,PASS
pt::B004JU0E3A,0.8780,PASS
pt::B00006686A,0.8762,PASS
pt::B000A4AWE0,0.8684,PASS
pt::B000A4AWEK,0.8512,PASS
pt::B000FAQ6S0,0.8740,PASS
pt::B000I5JHB0,0.7739,PASS
pt::B000NDZ0O0,0.8554,PASS
pt::B000VM16UU,0.8268,PASS
pt::B000X8AK8Q,0.8557,PASS
pt::B00126V3EI,0.8271,PASS
pt::B003283M6Q,0.8410,PASS
pt::B005FXYJZY,0.7869,PASS
pt::B00005RI9I,0.8745,PASS
pt::B000069E2V,0.8495,PASS
pt::B0001EMLXE,0.8555,PASS
pt::B0009VKJH4,0.8728,PASS
pt::B000EMU4HS,0.8791,PASS
pt::B000JDHS5I,0.8396,PASS
pt::B000X18Y7C,0.8645,PASS
pt::B00171MWUM,0.8298,PASS
pt::B00267S7UK,0.8316,PASS
pt::B003JV3XZ6,0.7282,PASS
pt::B0007UVYOY,0.6556,RETRY
pt::B000EP4TWQ,0.8823,PASS
pt::B000OU8224,0.8535,PASS
pt::B00142MUDI,0.8746,PASS
pt::B001T6O0ZK,0.8819,PASS
pt::B0021L9BMO,0.8670,PASS
pt::B0021L9BPG,0.8682,PASS
pt::B0038W0IZO,0.8718,PASS
pt::B003ZYF3MI,0.8722,PASS
pt::B004ZZOMZ0,0.8245,PASS
pt::B008OCF8BM,0.8342,PASS
pt::B008S94NTE,0.8562,PASS
pt::B007FPIRSU,0.8680,PASS
pt::B00004YNWQ,0.8614,PASS
pt::B00005B9AC,0.8774,PASS
pt::B00005KK2Q,0.8444,PASS
pt::B00005M011,0.8749,PASS
pt::B00005MIUN,0.8781,PASS
pt::B00005N5XO,0.8695,PASS
pt::B00005T3DP,0.8669,PASS
pt::B0000635UX,0.8889,PASS
pt::B000065V15,0.8712,PASS
pt::B000067BEG,0.8834,PASS
pt::B0000696HN,0.8577,PASS
pt::B00006F2MW,0.8835,PASS
pt::B0015DMV80,0.8687,PASS
pt::B0017XEIJS,0.8585,PASS
pt::B001FSLYLU,0.8638,PASS
pt::B001IB2120,0.7662,PASS
pt::B001XCX9V6,0.8537,PASS
pt::B0036EH16S,0.8818,PASS
pt::B003B20FG8,0.8775,PASS
pt::B004S50WPG,0.8079,PASS
pt::B005JDTD3I,0.8745,PASS
pt::B007MAIN5A,0.8054,PASS
pt::B008E9T3V6,0.8728,PASS
pt::B000CD8BGU,0.8213,PASS
pt::B000Y0ZGS2,0.8336,PASS
pt::B001044RIQ,0.8422,PASS
pt::B0018ZDGAC,0.8557,PASS
pt::B001OOEWLO,0.8520,PASS
pt::B002OEBTC8,0.8615,PASS
pt::B003AMMZRG,0.8673,PASS
pt::B003AOAXL4,0.8355,PASS
pt::B0007KQWDW,0.8843,PASS
pt::B000XQRAI6,0.8824,PASS
pt::B00284ALEQ,0.8651,PASS
pt::B00395Y9OQ,0.8780,PASS
pt::B003LX8DYI,0.8567,PASS
pt::B0042EU1A4,0.8353,PASS
pt::B0061GS1OO,0.8232,PASS
pt::B007PZBGKQ,0.6821,RETRY
pt::B007Y4NWTQ,0.7898,PASS
pt::B0090CFY1E,0.8337,PASS
pt::B00005NVPW,0.8846,PASS
pt::B00006HXOG,0.8730,PASS
pt::B00007F8UQ,0.8881,PASS
pt::B00028CAXA,0.8674,PASS
pt::B0009PLO0Q,0.8158,PASS
pt::B000EP35US,0.8836,PASS
pt::B000IVDTSG,0.8442,PASS
pt::B000O9GGLY,0.8677,PASS
pt::B00141AYIC,0.8325,PASS
pt::B001E91OCO,0.8572,PASS
pt::B001GEDVLO,0.8664,PASS
pt::B001I45TA8,0.8898,PASS
pt::B001R4CJRU,0.4993,RETRY
pt::B001U3S5S0,0.8131,PASS
pt::B002J9G5XG,0.8660,PASS
pt::B003FSTBDQ,0.8405,PASS
pt::B005HGBDBC,0.7227,PASS
pt::B007EV9GSA,0.8231,PASS
pt::B00006HMD8,0.8570,PASS
pt::B0000VYJQU,0.8546,PASS
pt::B000AXQSVC,0.8882,PASS
pt::B000AYKV4G,0.8835,PASS
pt::B000DZH9H4,0.8375,PASS
pt::B000EDK8V4,0.8008,PASS
pt::B000IM9542,0.8697,PASS
pt::B000U7GDMC,0.8705,PASS
pt::B000Y8Y8FG,0.8763,PASS
pt::B00111NUM2,0.8780,PASS
pt::B00160TYR8,0.8799,PASS
pt::B001BY97JO,0.8561,PASS
pt::B001ECP666,0.7225,PASS
pt::B001RB1TIS,0.8354,PASS
pt::B002KO6PQ2,0.8500,PASS
pt::B002P8M6I4,0.8836,PASS
pt::B0036ORMR6,0.8379,PASS
pt::B0040JBU7E,0.8511,PASS
pt::B004LB5ARW,0.8631,PASS
pt::B00539IGTU,0.8605,PASS
pt::B005GRO2MO,0.8723,PASS
pt::B005POHB4O,0.8371,PASS
pt::B000MX625M,0.8643,PASS
pt::B001G6QDLM,0.8137,PASS
pt::B0029LDDPM,0.8727,PASS
pt::B003AOAXKK,0.8355,PASS
pt::B003B5NO5E,0.8219,PASS
pt::B003EAVULQ,0.8181,PASS
pt::B003L1AFC8,0.5730,RETRY
pt::B004XZ8ZQE,0.7766,PASS
pt::B0052LAVPG,0.5971,RETRY
pt::B0056QHJ8E,0.5808,RETRY
pt::B007019HJW,0.7905,PASS
pt::B0081TQ83K,0.7912,PASS
pt::B0095VPAVE,0.7905,PASS
pt::B0002YE35M,0.8720,PASS
pt::B0006J1EUA,0.8467,PASS
pt::B000LB7G00,0.7229,PASS
pt::B001D08A0S,0.8403,PASS
pt::B001UADEPC,0.8739,PASS
pt::B001UHMVEU,0.8561,PASS
pt::B002YGYB1C,0.8770,PASS
pt::B003B4BDXU,0.8714,PASS
pt::B003VWZE7S,0.8593,PASS
pt::B004EYH5WY,0.8659,PASS
pt::B004LT1TO2,0.6029,RETRY
pt::B004V93M1A,0.8678,PASS
pt::B000CCXCYC,0.8672,PASS
pt::B0015AV3XM,0.8824,PASS
pt::B005DKZTKS,0.8592,PASS
pt::B00000JGN9,0.8384,PASS
pt::B0000SY4TA,0.8269,PASS
pt::B000T5NH8S,0.8468,PASS
pt::B0013MV7EM,0.7595,PASS
pt::B003B3P2CE,0.8588,PASS
pt::B004CW9KEO,0.8385,PASS
pt::B0069J1RLC,0.7568,PASS
pt::B008E3DHF0,0.8379,PASS
pt::B001U3Y8L8,0.8588,PASS
pt::B007G94EW8,0.8809,PASS
pt::B004SH5S1W,0.8751,PASS
pt::B000063VY6,0.7848,PASS
pt::B000M6QAUG,0.8530,PASS
pt::B00200K9NQ,0.8410,PASS
pt::B0024NKHAE,0.8486,PASS
pt::B0031U1ATQ,0.8248,PASS
pt::B00494HZJ2,0.8052,PASS
pt::B0057ZEH2U,0.8693,PASS
pt::B0062TVHBE,0.7476,PASS
pt::B006NY99GS,0.8199,PASS
pt::B006WSUGDU,0.8551,PASS
pt::B008JGR44W,0.8583,PASS
pt::B009MXSOHM,0.8222,PASS
pt::B00073MP94,0.8507,PASS
pt::B0016P2L2I,0.8505,PASS
pt::B001BQHUQO,0.8292,PASS
pt::B002YC3K9A,0.7675,PASS
pt::B0001F347K,0.7835,PASS
pt::B000IV6S9S,0.7591,PASS
pt::B000SMZDIY,0.8356,PASS
pt::B00142DV5Y,0.8220,PASS
pt::B0016SN89A,0.6224,RETRY
pt::B001FO4QHI,0.8397,PASS
pt::B002ONCBVC,0.8833,PASS
pt::B002POMXZY,0.8742,PASS
pt::B003ANVQWU,0.7291,PASS
pt::B0047PB0Z8,0.8597,PASS
pt::B005NKKGXI,0.8320,PASS
pt::B005P2JAGS,0.8474,PASS
pt::B0064PKG3Q,0.6932,RETRY
pt::B0077QHF1C,0.8852,PASS
pt::B008BFJWTQ,0.8740,PASS
pt::B008FKDK2M,0.7488,PASS
pt::B008H3B736,0.8726,PASS
pt::B009GHYMB6,0.8203,PASS
pt::B000067SPL,0.7898,PASS
pt::B000EHLIHS,0.8672,PASS
pt::B000FVTPX2,0.7904,PASS
pt::B000MBUSD6,0.8360,PASS
pt::B000MKWDJE,0.8259,PASS
pt::B000NK78KW,0.8668,PASS
pt::B000UMXABE,0.6579,RETRY
pt::B002HKCVVW,0.7480,PASS
pt::B004VFJRLI,0.8813,PASS
pt::B0001D3JXG,0.7992,PASS
pt::B0002XZQAE,0.8400,PASS
pt::B003BIFJTA,0.8714,PASS
pt::B004H8FNBC,0.8703,PASS
pt::B007XJ7E5K,0.8170,PASS
pt::B00005LENU,0.8413,PASS
pt::B00007E7C8,0.8047,PASS
pt::B0009M1O9A,0.8715,PASS
pt::B000A2TEWS,0.6976,RETRY
pt::B000OZNKXA,0.8821,PASS
pt::B000WZV5FW,0.8610,PASS
pt::B001042Q4S,0.8433,PASS
pt::B0012OGF6Q,0.8453,PASS
pt::B002USMTWC,0.6678,RETRY
pt::B0034XIL60,0.8476,PASS
pt::B0039LBL2I,0.8368,PASS
pt::B004YIFOZK,0.8239,PASS
pt::B005TLTOLG,0.8798,PASS
pt::B006TZB0T0,0.8755,PASS
pt::B007B4THOI,0.8665,PASS
pt::B007REQU9W,0.7550,PASS
pt::B0081X1R8C,0.8636,PASS
pt::B008HO7LLC,0.8243,PASS
pt::B008V0H284,0.8925,PASS
pt::B0097WNYDM,0.8242,PASS
pt::B00005N6KG,0.8536,PASS
pt::B000095S9V,0.8737,PASS
pt::B000N433W0,0.8597,PASS
pt::B006DUOMAK,0.8348,PASS
pt::B000ECB4EK,0.8595,PASS
pt::B000ES8EG0,0.8619,PASS
pt::B000FGNM6I,0.8678,PASS
pt::B000ME1GUW,0.8138,PASS
pt::B000MEDWJA,0.8145,PASS
pt::B0012GG90Q,0.8219,PASS
pt::B0013441J8,0.8325,PASS
pt::B001BET2YY,0.7792,PASS
pt::B001C4WIY4,0.8603,PASS
pt::B001FWYGJS,0.8408,PASS
pt::B001FWYXEG,0.8579,PASS
pt::B001KZH6O2,0.8245,PASS
pt::B002N3DIC4,0.8560,PASS
pt::B0035GT2SC,0.6651,RETRY
pt::B0036VO6G4,0.8143,PASS
pt::B00372QLO2,0.8045,PASS
pt::B003EIY3OO,0.8690,PASS
pt::B003YGGFOW,0.8536,PASS
pt::B004AP90R0,0.8694,PASS
pt::B006J4FZTW,0.8283,PASS
pt::B000EWIYUM,0.8502,PASS
pt::B000V8WO1Y,0.8527,PASS
pt::B000YHDJ52,0.8415,PASS
pt::B00126IYM2,0.7855,PASS
pt::B001MBLPNM,0.8239,PASS
pt::B001RPEJA4,0.8191,PASS
pt::B0024077DC,0.4791,RETRY
pt::B002621G3K,0.8837,PASS
pt::B002AULS7C,0.7918,PASS
pt::B002BH4MWW,0.8552,PASS
pt::B002EOTJE8,0.8742,PASS
pt::B002WH3QLE,0.8821,PASS
pt::B003NTQDUG,0.4624,RETRY
pt::B004KPLS7K,0.8549,PASS
pt::B004T2KNS4,0.8570,PASS
pt::B0058SG8L4,0.6939,RETRY
pt::B005AQPU5Y,0.8321,PASS
pt::B005FYNTIG,0.8432,PASS
pt::B005K1Y2GC,0.7996,PASS
pt::B005MIZYPQ,0.8402,PASS
pt::B005SZ76M2,0.8283,PASS
pt::B0063W923A,0.8637,PASS
pt::B006OGMGVA,0.8214,PASS
pt::B006ROO1XA,0.7774,PASS
pt::B0076D099Q,0.6981,RETRY
pt::B000P9CEVO,0.8759,PASS
pt::B000WGSITC,0.8525,PASS
pt::B002L6HEA0,0.8826,PASS
pt::B00338OCCS,0.8597,PASS
pt::B004S464WM,0.7341,PASS
pt::B007LLYAIO,0.8601,PASS
pt::B000JRPCDO,0.8721,PASS
pt::B001DSNN20,0.8084,PASS
pt::B0044DED20,0.8468,PASS
pt::B005HTL15C,0.3943,RETRY
pt::B006IC3GHS,0.8113,PASS
pt::B000FBF08Q,0.7887,PASS
pt::B00157DOFA,0.8055,PASS
pt::B0016MMYKA,0.8542,PASS
pt::B001KQ3A8M,0.8260,PASS
pt::B002HU27UW,0.8654,PASS
pt::B002NJUJ6G,0.8619,PASS
pt::B0031B7DCS,0.8003,PASS
pt::B003KP8VSK,0.8535,PASS
pt::B003NSBKSW,0.8068,PASS
pt::B003NXUMGI,0.6855,RETRY
pt::B003YFHEAC,0.8250,PASS
pt::B0046HJLJO,0.8276,PASS
pt::B004QD9E54,0.8652,PASS
pt::B005U0M9B8,0.8543,PASS
pt::B0069UOEBG,0.6793,RETRY
pt::B006T3RM08,0.8296,PASS
pt::B007EZGOMC,0.8442,PASS
pt::B007FH1KAU,0.8550,PASS
pt::B007VGGIB6,0.8523,PASS
pt::B008239PX0,0.8279,PASS
pt::B0083OXZS4,0.7136,PASS
pt::B00860U9XO,0.8694,PASS
pt::B008FQ5JNO,0.8600,PASS
pt::B008LR9WDK,0.7870,PASS
pt::B008MH1JRQ,0.8187,PASS
pt::B0090CF57M,0.8338,PASS
pt::B0002WPSCG,0.8643,PASS
pt::B00407238Q,0.7710,PASS
pt::B0042TS7GE,0.8702,PASS
pt::B004SHKELG,0.8627,PASS
pt::B005G6ED2E,0.8355,PASS
pt::B000BDD56W,0.8230,PASS
pt::B00145CQUC,0.7972,PASS
pt::B001FB55GC,0.8778,PASS
pt::B001U3Y8MM,0.8248,PASS
pt::B0030LGY38,0.8649,PASS
pt::B003TSTDL2,0.8511,PASS
pt::B0000E6I1N,0.8707,PASS
pt::B0002J2MV4,0.8654,PASS
pt::B000AU5N2A,0.8548,PASS
pt::B000RT8CM2,0.8354,PASS
pt::B000V7H1HC,0.8685,PASS
pt::B000W4RWEQ,0.8705,PASS
pt::B00125KR1E,0.8703,PASS
pt::B001PTH12K,0.8815,PASS
pt::B0029U2YSA,0.8827,PASS
pt::B002IK8H0A,0.8775,PASS
pt::B002KY2OU8,0.8743,PASS
pt::B0036ZL50U,0.6723,RETRY
pt::B003BI6W0K,0.7596,PASS
pt::B003E7ES4A,0.8658,PASS
pt::B00486THWY,0.8506,PASS
pt::B004BB84QQ,0.8424,PASS
pt::B004MJ9MZE,0.8609,PASS
pt::B004US0URQ,0.7540,PASS
pt::B0051UWCVO,0.8574,PASS
pt::B00752R4U0,0.8636,PASS
pt::B0078GCLUG,0.8487,PASS
pt::B0078P6O8W,0.8813,PASS
pt::B007UNULT0,0.8399,PASS
pt::B00008XKYO,0.8793,PASS
pt::B00069J6CI,0.7345,PASS
pt::B000F6Q4MW,0.7753,PASS
pt::B000FGJVF4,0.7653,PASS
pt::B000TO1SMG,0.6981,RETRY
pt::B0002J283Q,0.8235,PASS
pt::B00074Z9J6,0.8028,PASS
pt::B000NKJ2WY,0.8437,PASS
pt::B0010841A6,0.8454,PASS
pt::B002DGTGQ8,0.8663,PASS
pt::B0051BS28A,0.8678,PASS
pt::B006K557BQ,0.8316,PASS
pt::B000P1RBL0,0.8158,PASS
pt::B000SSLR5Q,0.7971,PASS
pt::B000WO6HJW,0.8295,PASS
pt::B000X1P5RE,0.8412,PASS
pt::B001ISKNKK,0.8278,PASS
pt::B001M5NGNU,0.8332,PASS
pt::B002CGSYMG,0.8696,PASS
pt::B002GYVYYE,0.8835,PASS
pt::B004F488Z6,0.8451,PASS
pt::B004TGR7VG,0.6363,RETRY
pt::B0058PL9RA,0.8705,PASS
pt::B005TOU804,0.7705,PASS
pt::B0063K4NN6,0.8444,PASS
pt::B002SKAP46,0.7916,PASS
pt::B003CQPSEM,0.8675,PASS
pt::B004N625A0,0.8768,PASS
pt::B00004U8JS,0.6632,RETRY
pt::B000MX1TB4,0.8447,PASS
pt::B002I9WCWK,0.8790,PASS
pt::B002SNCOGA,0.6816,RETRY
pt::B003E2VMJO,0.8591,PASS
pt::B003E2XW10,0.8546,PASS
pt::B0069J29P0,0.8634,PASS
pt::B0078LN0K6,0.8634,PASS
pt::B00006JPF0,0.8202,PASS
pt::B0000AI1E0,0.8637,PASS
pt::B0002HMRLQ,0.8142,PASS
pt::B0002P19XK,0.8403,PASS
pt::B000RG9SRI,0.8407,PASS
pt::B000Y9YFDA,0.8701,PASS
pt::B00168NDQS,0.8122,PASS
pt::B001BX3ZXE,0.8643,PASS
pt::B001GNC7OW,0.8625,PASS
pt::B001PKZLLC,0.8429,PASS
pt::B001Q3M8S2,0.8583,PASS
pt::B001UE6LSA,0.8455,PASS
pt::B002MZQ2F8,0.8296,PASS
pt::B002ONWJOG,0.8498,PASS
pt::B002ZJQLZC,0.8534,PASS
pt::B003N7NO4Q,0.8664,PASS
pt::B003U3H8HC,0.8578,PASS
pt::B003X1FSCS,0.8473,PASS
pt::B003Y2YE3A,0.8248,PASS
pt::B0040RWN0O,0.8336,PASS
pt::B0045L0ULY,0.8258,PASS
pt::B0045M3EWA,0.8138,PASS
pt::B0049MGC2U,0.8694,PASS
pt::B004AC52UC,0.8657,PASS
pt::B004EDPYHI,0.7595,PASS
pt::B004FRY7X0,0.8299,PASS
pt::B004WYV824,0.7167,PASS
pt::B0051PLPM6,0.8553,PASS
pt::B0052A0Q66,0.8560,PASS
pt::B0057GO0BC,0.8536,PASS
pt::B005FRI50K,0.5722,RETRY
pt::B000E5DLIE,0.8771,PASS
pt::B000NDR2PA,0.8774,PASS
pt::B000V4VIJW,0.8350,PASS
pt::B000VB3M08,0.8347,PASS
pt::B001DFZ5II,0.8581,PASS
pt::B004IN85QQ,0.8570,PASS
pt::B008O6R5ZK,0.8266,PASS
pt::B00005LLY4,0.8415,PASS
pt::B0007XXHRS,0.8528,PASS
pt::B000IXS6DW,0.7725,PASS
pt::B000V72AQ4,0.8211,PASS
pt::B000WHCA86,0.8408,PASS
pt::B0018DJF4K,0.8283,PASS
pt::B0019WDZUU,0.8444,PASS
pt::B001LF40OU,0.7151,PASS
pt::B004H6W56A,0.8451,PASS
pt::B004QJ0J84,0.7477,PASS
pt::B004UBSHQO,0.8710,PASS
pt::B004YW7W1A,0.7931,PASS
pt::B004ZKP45C,0.8276,PASS
pt::B0055XKBW4,0.8159,PASS
pt::B005C32Q8O,0.8483,PASS
pt::B005IPJX7S,0.8679,PASS
pt::B005KFRO8Q,0.7622,PASS
pt::B007582KGM,0.8793,PASS
pt::B007L5XWN4,0.7500,PASS
pt::B008MUDIAO,0.6016,RETRY
pt::B008U69LC4,0.7916,PASS
pt::B008XVAVAW,0.8631,PASS
pt::9984984362,0.8107,PASS
pt::B00009KYCN,0.7187,PASS
pt::B000M687JI,0.7510,PASS
pt::B002DS9BOI,0.8758,PASS
pt::B002PJFAEA,0.7831,PASS
pt::B002XYC3HY,0.7862,PASS
pt::B0034HWQ4Y,0.7907,PASS
pt::B00356SEMM,0.8734,PASS
pt::B003GSLL2E,0.7888,PASS
pt::B003OBZQYC,0.8616,PASS
pt::B0040IG1A6,0.8048,PASS
pt::B0044D3R7M,0.7384,PASS
pt::B0045JVHGS,0.8293,PASS
pt::B004CYE6V4,0.8769,PASS
pt::B004G7KK30,0.7424,PASS
pt::B005HVPYNU,0.8351,PASS
pt::B005INZKKE,0.6850,RETRY
pt::B005P12QME,0.8275,PASS
pt::B007SVHFXO,0.8326,PASS
pt::B008E4EVS6,0.8440,PASS
pt::B008S15XA0,0.8214,PASS
pt::B00001W0D4,0.8520,PASS
pt::B00001ZWRV,0.8095,PASS
pt::B00005B9W6,0.8633,PASS
pt::B00005QT5J,0.7061,PASS
pt::B000060OEO,0.8638,PASS
pt::B000069106,0.8644,PASS
pt::B00006JILW,0.8799,PASS
pt::B000084FD5,0.8645,PASS
pt::B00008V6JO,0.8720,PASS
pt::B00008Z1PT,0.8677,PASS
pt::B0001IXUEE,0.7745,PASS
pt::B0001NBHMQ,0.8657,PASS
pt::B00022OAH0,0.8564,PASS
pt::B00029TN9S,0.8415,PASS
pt::B0002I5RHG,0.7754,PASS
pt::B0002RRVQW,0.8798,PASS
pt::B00061IYI8,0.8718,PASS
pt::B0007RB1X6,0.7697,PASS
pt::B00081PR72,0.8332,PASS
pt::B0009FUFPG,0.8743,PASS
pt::B000BC8VV2,0.8614,PASS
pt::B000EPJLGK,0.8611,PASS
pt::B000FONSEQ,0.8490,PASS
pt::B000G31SRU,0.8463,PASS
pt::B000G36GO0,0.8300,PASS
pt::B0002J448S,0.8402,PASS
pt::B000A3N6O4,0.8758,PASS
pt::B000FMPR0Q,0.7864,PASS
pt::B000RXYV5U,0.8739,PASS
pt::B00111EMMO,0.7558,PASS
pt::B001UOXPIY,0.8297,PASS
pt::B003CP0K9Q,0.8681,PASS
pt::B003P2V52W,0.8513,PASS
pt::B003SG9IOC,0.7664,PASS
pt::B003Z5CX3E,0.8631,PASS
pt::B004E10JZW,0.8715,PASS
pt::B004YIZWG6,0.8669,PASS
pt::B004ZMH65Q,0.8561,PASS
pt::B0055E0JMA,0.8445,PASS
pt::B005HPSFWI,0.8100,PASS
pt::B00005LP56,0.8389,PASS
pt::B000088USX,0.8114,PASS
pt::B00008ELLN,0.5501,RETRY
pt::B000BFO384,0.8836,PASS
pt::B000MVTXJQ,0.8676,PASS
pt::B000P6R6CY,0.8391,PASS
pt::B0012ZL56A,0.8495,PASS
pt::B00412U738,0.8918,PASS
pt::B005B9G79I,0.8815,PASS
pt::B000G80TZW,0.8313,PASS
pt::B000O0M5EA,0.8534,PASS
pt::B000S9P710,0.8012,PASS
pt::B002FU60GG,0.7113,PASS
pt::B0032FPVKE,0.8227,PASS
pt::B003AM7VQQ,0.8825,PASS
pt::B007MW73C2,0.8657,PASS
pt::B0001OHH5G,0.8204,PASS
pt::B001KC08AE,0.8685,PASS
pt::B002VAD716,0.8613,PASS
pt::B00375MWE2,0.8721,PASS
pt::B003BEDQRQ,0.8560,PASS
pt::B003ILIFEG,0.8408,PASS
pt::B003N7NTX2,0.7537,PASS
pt::B003VWW2KK,0.8664,PASS
pt::B0049MPQG8,0.7739,PASS
pt::B004QXFHJG,0.8591,PASS
pt::B005DKZR9Q,0.8559,PASS
pt::B008A3KFB8,0.8450,PASS
pt::B0093Y317S,0.8363,PASS
pt::B00009R8A1,0.7995,PASS
pt::B0007L72NA,0.8548,PASS
pt::B000GU9I6Q,0.7813,PASS
pt::B000VVZ0K8,0.5076,RETRY
pt::B000W8XGQU,0.7849,PASS
pt::B002D4AHT0,0.8471,PASS
pt::B002K40R8E,0.7926,PASS
pt::B003JME5OI,0.8241,PASS
pt::B0046F22ZQ,0.8516,PASS
pt::B004N622HQ,0.8224,PASS
pt::B004YTCNJY,0.8506,PASS
pt::B0082JVGSG,0.7899,PASS
pt::B00005T3EZ,0.6896,RETRY
pt::B00198F89A,0.8806,PASS
pt::B003L14XTO,0.6551,RETRY
pt::B006TZM6XO,0.8426,PASS
pt::B006YWRW36,0.8743,PASS
pt::B007J2EFB2,0.7813,PASS
pt::B007TIV7IU,0.8689,PASS
pt::B008PQAB3C,0.8663,PASS
pt::B002PV3UO0,0.8329,PASS
pt::B004D4Y37U,0.8759,PASS
pt::B004X9XQ0K,0.8475,PASS
pt::B0051U1XMS,0.8601,PASS
pt::B00558OQHK,0.8474,PASS
pt::B0055PCVDO,0.5910,RETRY
pt::B0056YN9NA,0.8047,PASS
pt::B005ISB6DO,0.8607,PASS
pt::B005VEZ54Q,0.8518,PASS
pt::B0091VF4FA,0.8107,PASS
pt::B00004SUG7,0.8397,PASS
pt::B000B8IHDS,0.8509,PASS
pt::B000JUTW4Q,0.5292,RETRY
pt::B000M4KXF6,0.8823,PASS
pt::B000WVVX6W,0.8568,PASS
pt::B0015C30J0,0.8654,PASS
pt::B0024MB1A0,0.8728,PASS
pt::B002AZ5FF8,0.5811,RETRY
pt::B002HHLGD4,0.8609,PASS
pt::B003CHOGCQ,0.8803,PASS
pt::B003YFQ8HW,0.8603,PASS
pt::B004JU0E2G,0.8399,PASS
pt::B005VAORIA,0.8037,PASS
pt::B007M4M3NO,0.8772,PASS
pt::B000W3V3EM,0.8413,PASS
pt::B001O1IZ7O,0.8824,PASS
pt::B001RIYOBA,0.8669,PASS
pt::B004CYE3QC,0.7318,PASS
pt::B004D1OBFW,0.8676,PASS
pt::B004GN6HZ4,0.8017,PASS
pt::B00565T3ZW,0.8689,PASS
pt::B007BG3FE4,0.8645,PASS
pt::B0009I94LE,0.8878,PASS
pt::B000BV8604,0.8225,PASS
pt::B000P3X7RK,0.8127,PASS
pt::B000UOAJR0,0.8075,PASS
pt::B002ONCCCU,0.8865,PASS
pt::B009JXGOHM,0.8731,PASS
pt::B000069EUZ,0.8413,PASS
pt::B00009ZWC8,0.8296,PASS
pt::B0001MQSB2,0.8636,PASS
pt::B00065AO0K,0.8611,PASS
pt::B000EHCYBC,0.8274,PASS
pt::B000FAB84C,0.8494,PASS
pt::B000H2HVLC,0.8545,PASS
pt::B000NUYW92,0.8565,PASS
pt::B000YIWR9U,0.8730,PASS
pt::B000YJMB5Y,0.8590,PASS
pt::B00117DOEU,0.7153,PASS
pt::B001GNC7PG,0.8602,PASS
pt::B001K3ED1S,0.7965,PASS
pt::B001NVW8F0,0.8571,PASS
pt::B001PV6F5W,0.7592,PASS
pt::B0023ZI16U,0.8838,PASS
pt::B002P4YXI4,0.8767,PASS
pt::B003AIL2FQ,0.8760,PASS
pt::B003C2U05S,0.8488,PASS
pt::B004FG16NA,0.8437,PASS
pt::B004PYS45K,0.8793,PASS
pt::B004UJBC1I,0.8736,PASS
pt::B004W73TCI,0.8641,PASS
pt::B0053O9ZN6,0.8634,PASS
pt::B005S4HHVS,0.6856,RETRY
pt::B007B5PSG8,0.8519,PASS
pt::B007HBRGMK,0.8439,PASS
pt::B00814CAS2,0.8890,PASS
pt::B0093172HQ,0.8318,PASS
pt::B0095VP8D4,0.7865,PASS
pt::B009HP42IU,0.8352,PASS
pt::1400501520,0.8510,PASS
pt::140053271X,0.8644,PASS
pt::1400698987,0.8207,PASS
pt::B00009W3U9,0.8724,PASS
pt::B000FSILBM,0.7554,PASS
pt::B000NOUP0S,0.8793,PASS
pt::B0019BGDNC,0.7571,PASS
pt::B001TCHOPC,0.8814,PASS
pt::B002LITT3S,0.8704,PASS
pt::B002W4RPD2,0.8167,PASS
pt::B002YIG8BQ,0.8211,PASS
pt::B0030LKGAU,0.8780,PASS
pt::B003S4ZJW4,0.8403,PASS
pt::B003ZSHNG8,0.8740,PASS
pt::B0044R1VY4,0.8064,PASS
pt::B00462RU60,0.8634,PASS
pt::B0049QV65O,0.8455,PASS
pt::B004HO58NO,0.8693,PASS
pt::B004P1ITU8,0.7774,PASS
pt::B004P1ITV2,0.7988,PASS
pt::B0050PKH5S,0.8533,PASS
pt::B008I6672I,0.8666,PASS
pt::B00006K16A,0.8798,PASS
pt::B0002MSTWC,0.8591,PASS
pt::B000815IJO,0.8775,PASS
pt::B001GUVBJC,0.8465,PASS
pt::B002KL8J8W,0.6511,RETRY
pt::B004GFNDDG,0.8664,PASS
pt::B004KCLIFA,0.8400,PASS
pt::B004OBZ2ZY,0.8713,PASS
pt::B005XSBNG4,0.6259,RETRY
pt::B000AYJDDG,0.8767,PASS
pt::B000S95AY4,0.8598,PASS
pt::B004J0XLHQ,0.7769,PASS
pt::B005OTXLLC,0.8687,PASS
pt::B00005RKSO,0.8326,PASS
pt::B00006I5BG,0.5720,RETRY
pt::B00009XVCD,0.8296,PASS
pt::B0000AB4NW,0.8462,PASS
pt::B0001VQ11U,0.8339,PASS
pt::B0002ER2WI,0.7795,PASS
pt::B0002XQWCK,0.8604,PASS
pt::B0002YE6FE,0.8665,PASS
pt::B0006GCCWW,0.8767,PASS
pt::B0009E1XF8,0.8384,PASS
pt::B000CDA7VW,0.8292,PASS
pt::B000E8OYA0,0.8903,PASS
pt::B000FDNVO4,0.8242,PASS
pt::B000GE8MF0,0.8357,PASS
pt::B000HSITZS,0.8631,PASS
pt::B000J5M69Y,0.8254,PASS
pt::B000QV9T6Y,0.8648,PASS
pt::B0014Z3XMC,0.8733,PASS
pt::B0017HQN6A,0.8377,PASS
pt::B001AHJJXG,0.8409,PASS
pt::B001OI2Z2I,0.8621,PASS
pt::B002XYUHFY,0.8618,PASS
pt::B0037Z1FRM,0.8555,PASS
pt::B003RRY8ZG,0.8263,PASS
pt::B00009UT1Q,0.5709,RETRY
pt::B000AV3NPI,0.8502,PASS
pt::B000CSQNL0,0.8559,PASS
pt::B000KX8TCI,0.8483,PASS
pt::B002BSH9SU,0.8654,PASS
pt::B003O2S080,0.8542,PASS
pt::B000117DEY,0.8620,PASS
pt::B0002MQGRM,0.7975,PASS
pt::B000HKIPVE,0.8703,PASS
pt::B000V0BV0M,0.7726,PASS
pt::B0014IUVOM,0.8717,PASS
pt::B001FWXTK0,0.8587,PASS
pt::B004H1NEF6,0.6221,RETRY
pt::B005H1WYXI,0.8520,PASS
pt::B007B5WHTE,0.8299,PASS
pt::B008KCSPRK,0.8582,PASS
pt::B009IBXIKG,0.8229,PASS
pt::B0000AKGX3,0.8710,PASS
pt::B0002FCHEU,0.8541,PASS
pt::B000BM93YG,0.8648,PASS
pt::B000GLIIFW,0.8235,PASS
pt::B000HM9A2A,0.7716,PASS
pt::B000I3XIE4,0.7911,PASS
pt::B000J1F1BI,0.8516,PASS
pt::B000JJSQBW,0.7019,PASS
pt::B000KEL8C0,0.7621,PASS
pt::B000OLC0FI,0.7297,PASS
pt::B000PEBBK4,0.8309,PASS
pt::B000UOBJ9C,0.8737,PASS
pt::B000W8ZETW,0.8321,PASS
pt::B000X1R6EO,0.8538,PASS
pt::B0014CTAM2,0.8730,PASS
pt::B001BJ9R62,0.8281,PASS
pt::B001BZENZQ,0.8748,PASS
pt::B001CNT4U6,0.8765,PASS
pt::B001EWTKCC,0.8649,PASS
pt::B001F0RPIE,0.8544,PASS
pt::B001NXDC4O,0.8782,PASS
pt::B002NU5O7O,0.8390,PASS
pt::B002UHKR6I,0.8151,PASS
pt::B0035JJJPA,0.8826,PASS
pt::B003JZC43O,0.8689,PASS
pt::B005IQGN66,0.8563,PASS
pt::B005MEBYB8,0.8574,PASS
pt::B006QLIW1Q,0.8691,PASS
pt::B008C3DEXM,0.8523,PASS
pt::B0002F8ZGO,0.8366,PASS
pt::B000I5YZL2,0.8330,PASS
pt::B000TDAPHQ,0.8530,PASS
pt::B0011FTKFY,0.8449,PASS
pt::B0024NL4EC,0.8807,PASS
pt::B003SG5A2Q,0.7126,PASS
pt::B000BNDEZY,0.8616,PASS
pt::B003AVM8PQ,0.8269,PASS
pt::B0000645RH,0.8608,PASS
pt::B0009GYR9K,0.7019,PASS
pt::B000NO5QV6,0.7905,PASS
pt::B000PFILX8,0.8387,PASS
pt::B0013A12H6,0.8785,PASS
pt::B00142JKSG,0.8742,PASS
pt::B0015CRAZA,0.8235,PASS
pt::B00170IO7I,0.8519,PASS
pt::B002IKKFU0,0.8299,PASS
pt::B004XXRLDO,0.8421,PASS
pt::B0077V88VI,0.8663,PASS
pt::B008CX2A2I,0.8704,PASS
pt::B008S94KQK,0.7959,PASS
pt::B0000W4U1S,0.7659,PASS
pt::B000I965YS,0.6516,RETRY
pt::B000PLY5BE,0.8502,PASS
pt::B0013AV9AG,0.8564,PASS
pt::B0017V83AK,0.8859,PASS
pt::B0019825B4,0.7607,PASS
pt::B001T6K7G6,0.8856,PASS
pt::B002OMX0VS,0.8604,PASS
pt::B003AXW2YQ,0.7775,PASS
pt::B003DO5W12,0.7891,PASS
pt::B003S911FS,0.8662,PASS
pt::B005DII6DC,0.8734,PASS
pt::B005PVXH1S,0.8575,PASS
pt::B006IJHK96,0.8705,PASS
pt::B006YG96KO,0.7362,PASS
pt::B007JF8FD8,0.8751,PASS
pt::B0001NA3S0,0.8616,PASS
pt::B000I51FF6,0.8591,PASS
pt::B002N19YVA,0.7219,PASS
pt::B003DRCVUE,0.8619,PASS
pt::B007CCUJS2,0.8807,PASS
pt::B000VEHT7W,0.8247,PASS
pt::B000VEMNSM,0.7860,PASS
pt::B00139PM5K,0.8567,PASS
pt::B0040BPIF2,0.7995,PASS
pt::B004HW7E6K,0.8706,PASS
pt::B004Q3R91K,0.8421,PASS
pt::B000BTGVV2,0.8112,PASS
pt::B000E9VKUQ,0.8778,PASS
pt::B000HMLP5A,0.8392,PASS
pt::B000JNQSIQ,0.8583,PASS
pt::B000TMI1E6,0.8690,PASS
pt::B000WAZLKM,0.8458,PASS
pt::B0016Z526U,0.8743,PASS
pt::B001B484D4,0.8669,PASS
pt::B002HKHLDK,0.7990,PASS
pt::B002OGEP2M,0.8721,PASS
pt::B0038KTAGO,0.8642,PASS
pt::B004Q2QOOY,0.7223,PASS
pt::B0000632G7,0.8042,PASS
pt::B0002KQR2I,0.8732,PASS
pt::B0007WWI2O,0.8172,PASS
pt::B000VB6U1Q,0.8616,PASS
pt::B0012QN3AA,0.8635,PASS
pt::B001JK7IAU,0.8219,PASS
pt::B001O9ARDG,0.8799,PASS
pt::B001UO0RKS,0.8479,PASS
pt::B006ZZUK5Y,0.8515,PASS
pt::B0000659TX,0.8681,PASS
pt::B00008XETL,0.8671,PASS
pt::B000266VUU,0.8536,PASS
pt::B0002K6Y1C,0.8144,PASS
pt::B0006HU2IM,0.8666,PASS
pt::B000MY086K,0.8395,PASS
pt::B000OVBVF8,0.7510,PASS
pt::B0016N3GVA,0.8725,PASS
pt::B000167KQ0,0.8306,PASS
pt::B0002GTNG4,0.8693,PASS
pt::B00065HLYM,0.8037,PASS
pt::B0006GX0IC,0.8547,PASS
pt::B000A49F7A,0.7826,PASS
pt::B000F2KUK8,0.8729,PASS
pt::B000HLZOIU,0.8640,PASS
pt::B000MY480M,0.8327,PASS
pt::B000PF886S,0.8769,PASS
pt::B000T5AQHS,0.8483,PASS
pt::B00126AR7C,0.8503,PASS
pt::B00160GOR6,0.8772,PASS
pt::B005VJ44AW,0.8298,PASS
pt::B008P8ES5M,0.8528,PASS
pt::B00006B1I7,0.8426,PASS
pt::B00006D2L7,0.6747,RETRY
pt::B0000DB4D1,0.8051,PASS
pt::B000EEZCEG,0.8720,PASS
pt::B0011WHFPE,0.8281,PASS
pt::B001G7PMM2,0.8119,PASS
pt::B002L72ANK,0.7960,PASS
pt::B002MY4J18,0.8410,PASS
pt::B0045NYLT4,0.6169,RETRY
pt::B004TM1JBE,0.8424,PASS
pt::B0000AZW8M,0.8639,PASS
pt::B00028VKLI,0.8695,PASS
pt::B000FLQWRO,0.8467,PASS
pt::B000XT8JTM,0.8433,PASS
pt::B000YIZAI0,0.8481,PASS
pt::B0016BGS4O,0.8628,PASS
pt::B001QWRUZY,0.8066,PASS
pt::B001VN2KBM,0.8736,PASS
pt::B00252W1YY,0.7573,PASS
pt::B003OSR6E8,0.7507,PASS
pt::B0044MHZQM,0.8254,PASS
pt::B004BP03YI,0.7870,PASS
pt::B004I6MAXW,0.8329,PASS
pt::B0077UTDCC,0.8645,PASS
pt::B0013ISYK6,0.8681,PASS
pt::B0018QN4Y4,0.8537,PASS
pt::B001AVUB3O,0.7200,PASS
pt::B0026NZ3CE,0.8659,PASS
pt::B002CZAPUQ,0.7987,PASS
pt::B00316TM22,0.8188,PASS
pt::B0035ZNVUI,0.8573,PASS
pt::B0035ZWPPA,0.7972,PASS
pt::B003YBVN08,0.8742,PASS
pt::B003YH2GH6,0.7367,PASS
pt::B003Z95Q34,0.8576,PASS
pt::B003ZTZE5Y,0.8574,PASS
pt::B00404JF80,0.8234,PASS
pt::B004CRSM48,0.8477,PASS
pt::B004CRSM4S,0.8535,PASS
pt::B004DAS2QM,0.7606,PASS
pt::B004EFUOY4,0.8641,PASS
pt::B004JQHLUI,0.8267,PASS
pt::B004S0CTNE,0.8499,PASS
pt::B004UV4LOQ,0.8555,PASS
pt::B00576T1G6,0.7823,PASS
pt::B0068INSUM,0.8422,PASS
pt::B007B5RIYI,0.8716,PASS
pt::B007R21JWC,0.7972,PASS
pt::B007R9CRGW,0.8257,PASS
pt::B007SZ0E1K,0.8325,PASS
pt::B0093H8H8I,0.8505,PASS
pt::B0002E5P1I,0.8184,PASS
pt::B0006BC57O,0.8472,PASS
pt::B000BN9F8E,0.8695,PASS
pt::B000I4UQFC,0.8843,PASS
pt::B000UD205K,0.8381,PASS
pt::B001C4BEOY,0.8230,PASS
pt::B001EHBUSE,0.8540,PASS
pt::B001FBJJQ4,0.8297,PASS
pt::B0026M6NNS,0.7967,PASS
pt::B00322OP40,0.8740,PASS
pt::B000H84LBE,0.8477,PASS
pt::B000TTMEWO,0.8540,PASS
pt::B00110PQVG,0.8210,PASS
pt::B002P8M4IQ,0.8658,PASS
pt::B002PWDUC6,0.7653,PASS
pt::B004ZMC7DW,0.8572,PASS
pt::B001E96JBK,0.8635,PASS
pt::B001S2PK54,0.8498,PASS
pt::B002NWTEUK,0.6474,RETRY
pt::B0035FVHJ0,0.8456,PASS
pt::B003VC6Z4E,0.8564,PASS
pt::B003XRGXDK,0.6689,RETRY
pt::B0045JK8PE,0.8692,PASS
pt::B0046TV2TE,0.8664,PASS
pt::B004N85YD8,0.8787,PASS
pt::B004NIG1SA,0.8760,PASS
pt::B004Q9SXU0,0.6701,RETRY
pt::B004RTE5BA,0.8517,PASS
pt::B005E7MI40,0.8687,PASS
pt::B005SAKW9G,0.7862,PASS
pt::B000CMTV3I,0.6933,RETRY
pt::B000FJEYZS,0.8426,PASS
pt::B000VQ3R44,0.8690,PASS
pt::B00125UBVA,0.8744,PASS
pt::B002NTMHU2,0.8625,PASS
pt::B0035JKJ40,0.8499,PASS
pt::B0035JKJAE,0.8758,PASS
pt::B003DSEJWQ,0.7449,PASS
pt::B003N0XDT4,0.8648,PASS
pt::B004923LQK,0.8738,PASS
pt::B004HPTH5I,0.8180,PASS
pt::B004OBZ2U4,0.8212,PASS
pt::B0067GNWB0,0.8475,PASS
pt::B00007MMNS,0.8686,PASS
pt::B001AMSQ9Y,0.8848,PASS
pt::B002P3KO4C,0.7637,PASS
pt::B002R0JJY4,0.8185,PASS
pt::B003156O1U,0.8758,PASS
pt::B0034L3G8U,0.8771,PASS
pt::B00365EE2G,0.8742,PASS
pt::B003GRKXDS,0.7042,PASS
pt::B003NQ9U04,0.8455,PASS
pt::B003SX0NIA,0.8617,PASS
pt::B003VAI012,0.8326,PASS
pt::B004G8QERK,0.7448,PASS
pt::B005EP2HMU,0.7570,PASS
pt::B005P6Q6A2,0.8258,PASS
pt::B006GWDJXQ,0.8326,PASS
pt::B007X82ZPA,0.6798,RETRY
pt::B0089V4ZGM,0.8581,PASS
pt::B00004WHF4,0.7858,PASS
pt::B000051SEN,0.8435,PASS
pt::B00005O70S,0.8041,PASS
pt::B00005OCWZ,0.8341,PASS
pt::B00005Y1Z7,0.8341,PASS
pt::B0000DBJJT,0.8117,PASS
pt::B000GJOUGK,0.7677,PASS
pt::B0016763AW,0.8780,PASS
pt::B0036TGGVY,0.8760,PASS
pt::B005Q314NS,0.8673,PASS
pt::B007BY3PNC,0.8668,PASS
pt::B007C1KKW8,0.8751,PASS
pt::B008CQVSXC,0.8561,PASS
pt::B0000E2PMB,0.7878,PASS
pt::B0006TIA0M,0.8695,PASS
pt::B0016KAU3U,0.8684,PASS
pt::B0019FI6JW,0.8506,PASS
pt::B002LC2DQ4,0.8499,PASS
pt::B002PHM15S,0.8227,PASS
pt::B003C2T1IU,0.8857,PASS
pt::B00009RA60,0.8493,PASS
pt::B000MGG6SC,0.8490,PASS
pt::B000V6W8E4,0.8471,PASS
pt::B0011E6300,0.7162,PASS
pt::B001P8B6P4,0.8312,PASS
pt::B001S2PYSC,0.7409,PASS
pt::B002KNE4R0,0.8151,PASS
pt::B002TBAFAI,0.7011,PASS
pt::B003AVMRPM,0.6672,RETRY
pt::B003FW9T0M,0.7823,PASS
pt::B003ITLXEM,0.8741,PASS
pt::B003WLZ1XA,0.8612,PASS
pt::B0049VGHOO,0.7568,PASS
pt::B004A8GTVW,0.8007,PASS
pt::B004RFGK30,0.6896,RETRY
pt::B0053H73JQ,0.7874,PASS
pt::B00598CV4Q,0.8624,PASS
pt::B005DCOQ8W,0.8574,PASS
pt::B005MICDX2,0.7579,PASS
pt::B005X9XW8K,0.8717,PASS
pt::B005Y1FM9O,0.8310,PASS
pt::B005Z1E3IY,0.7754,PASS
pt::B006K554UU,0.8815,PASS
pt::B006LX2QE8,0.8286,PASS
pt::B006MX0WPW,0.8677,PASS
pt::B007KTT3IE,0.6689,RETRY
pt::B007MLSGHE,0.7913,PASS
pt::B007ZWLRSU,0.8582,PASS
pt::B008EM6XBQ,0.8215,PASS
pt::B008HIZ0FW,0.8604,PASS
