# Source: Český statistický úřad (ČSÚ), open data set OBY02A 'Počet obyvatel podle pohlaví' (municipalities) + Česká pošta 'Seznam PSČ částí obcí a obcí bez částí'
# URL: https://data.csu.gov.cz/opendata/sady/OBY02A/distribuce/csv (documentation https://data.csu.gov.cz/datastat/info/SADA/OBY02A); postal codes https://www.ceskaposta.cz/documents/d/guest/db_pcobc-zip?download=true (https://www.ceskaposta.cz/cs/ke-stazeni/zakaznicke-vystupy)
# Rows used: six-digit municipality codes, indicator 2406P 'Počet obyvatel k 1. 1.', both sexes, reference 1. 1. 2026; district/region from the LAU1/NUTS3 rows of the same set
# Downloaded: 2026-09-02, raw md5 OBY02A b78bf3127fdede5d4090fabfbdddfa21, postal list faca019178260cb9abe24d4741381855; reduced by substrate/pipeline/data_acquisition/fetch_csu.py
# Kept 6254 municipalities with population > 0; skipped 4 with 0 (military areas); 0 without a postal-code match: none
# Licence: CC BY 4.0, Zdroj: ČSÚ (https://csu.gov.cz/podminky_pro_vyuzivani_a_dalsi_zverejnovani_statistickych_udaju_csu); derived table, not official ČSÚ statistics. Postal codes: public Czech Post customer output.
# postal_codes = all postal codes of the municipality's parts, '|'-separated
code,city,district,region,population,postal_codes
500011,Želechovice nad Dřevnicí,Zlín,Zlínský kraj,1897,76311
500020,Petrov nad Desnou,Šumperk,Olomoucký kraj,1226,78814|78816
500046,Libhošť,Nový Jičín,Moravskoslezský kraj,1769,74257
500062,Krhová,Vsetín,Zlínský kraj,2165,75663
500071,Poličná,Vsetín,Zlínský kraj,1798,75701
500101,Bražec,Karlovy Vary,Karlovarský kraj,264,36471
500127,Doupovské Hradiště,Karlovy Vary,Karlovarský kraj,172,36272|36471
500135,Kozlov,Olomouc,Olomoucký kraj,256,75131|78357
500151,Luboměř pod Strážnou,Přerov,Olomoucký kraj,119,75362
500160,Město Libavá,Olomouc,Olomoucký kraj,540,78307
500194,Polná na Šumavě,Český Krumlov,Jihočeský kraj,202,38229
500259,Veřovice,Nový Jičín,Moravskoslezský kraj,2009,74273
500291,Vřesina,Ostrava-město,Moravskoslezský kraj,2819,74285
500496,Olomouc,Olomouc,Olomoucký kraj,105297,77900|78301|78335
500526,Bělkovice-Lašťany,Olomouc,Olomoucký kraj,2315,78316
500623,Bílá Lhota,Olomouc,Olomoucký kraj,1146,78321|78324
500801,Blatec,Olomouc,Olomoucký kraj,645,78375
500852,Bohuňovice,Olomouc,Olomoucký kraj,2486,78314
500861,Bouzov,Olomouc,Olomoucký kraj,1508,78325
500879,Bystročice,Olomouc,Olomoucký kraj,842,77900
501476,Dlouhá Loučka,Olomouc,Olomoucký kraj,1983,78386
501646,Dolany,Olomouc,Olomoucký kraj,2876,78316
501751,Drahanovice,Olomouc,Olomoucký kraj,1811,78344
501794,Dub nad Moravou,Olomouc,Olomoucký kraj,1619,78375
501841,Grygov,Olomouc,Olomoucký kraj,1532,78373
502146,Hlubočky,Olomouc,Olomoucký kraj,4176,78361|78365
502235,Hněvotín,Olomouc,Olomoucký kraj,1842,78347
502405,Hnojice,Olomouc,Olomoucký kraj,659,78501
502545,Horka nad Moravou,Olomouc,Olomoucký kraj,2659,78335
502839,Cholina,Olomouc,Olomoucký kraj,721,78322
503142,Jívová,Olomouc,Olomoucký kraj,644,78316
503304,Kožušany-Tážaly,Olomouc,Olomoucký kraj,862,78375
503410,Žitovlice,Nymburk,Středočeský kraj,219,28934
503444,Litovel,Olomouc,Olomoucký kraj,9448,78321|78324|78401
503622,Luká,Olomouc,Olomoucký kraj,901,78324
503657,Lutín,Olomouc,Olomoucký kraj,3076,78342|78349
503738,Majetín,Olomouc,Olomoucký kraj,1212,75103
503916,Kostelec,Tachov,Plzeňský kraj,652,33023|34901
504246,Mladeč,Olomouc,Olomoucký kraj,730,78321|78401
504301,Dřenice,Chrudim,Pardubický kraj,413,53701
504441,Náklo,Olomouc,Olomoucký kraj,1494,78332
504505,Náměšť na Hané,Olomouc,Olomoucký kraj,2255,78344
504785,Paseka,Olomouc,Olomoucký kraj,1266,78386|78397
504807,Lány,Chrudim,Pardubický kraj,296,53701
504921,Třibřichy,Chrudim,Pardubický kraj,277,53701
504955,Dvakačovice,Chrudim,Pardubický kraj,139,53862
505005,Bítovany,Chrudim,Pardubický kraj,457,53851
505013,Příkazy,Olomouc,Olomoucký kraj,1311,78333
505030,Dolní Bezděkov,Chrudim,Pardubický kraj,271,53862
505081,Senice na Hané,Olomouc,Olomoucký kraj,1760,78322|78345
505099,Červená Hora,Náchod,Královéhradecký kraj,194,54941
505111,Slatinice,Olomouc,Olomoucký kraj,1593,78342
505145,Březová nad Svitavou,Svitavy,Pardubický kraj,1578,56902
505161,Štěpánov,Olomouc,Olomoucký kraj,3489,78313|78501
505188,Šternberk,Olomouc,Olomoucký kraj,13207,78501
505218,Šumvald,Olomouc,Olomoucký kraj,1639,78385
505269,Těšetice,Olomouc,Olomoucký kraj,1304,78346
505293,Troubelice,Olomouc,Olomoucký kraj,1840,78383
505366,Tršice,Olomouc,Olomoucký kraj,1889,78357
505391,Bělá u Jevíčka,Svitavy,Pardubický kraj,345,56943
505501,Újezd,Olomouc,Olomoucký kraj,1509,78396
505528,Jenčice,Litoměřice,Ústecký kraj,347,41115
505587,Uničov,Olomouc,Olomoucký kraj,11060,78391
505609,Velká Bystřice,Olomouc,Olomoucký kraj,3736,78353
505650,Velký Týnec,Olomouc,Olomoucký kraj,3211,78372
505668,Velký Újezd,Olomouc,Olomoucký kraj,1415,78355
505781,Zápy,Praha-východ,Středočeský kraj,974,25061
505862,Žerotín,Olomouc,Olomoucký kraj,446,78401
505927,Opava,Opava,Moravskoslezský kraj,54881,74601|74705|74706|74707|74728|74770|74773|74795
506192,Bohuslavice,Opava,Moravskoslezský kraj,1798,74719
506214,Bolatice,Opava,Moravskoslezský kraj,4508,74723
506320,Brumovice,Opava,Moravskoslezský kraj,1534,74771
506451,Březová,Opava,Moravskoslezský kraj,1410,74744
506460,Budišov nad Budišovkou,Opava,Moravskoslezský kraj,2787,74787
506486,Boží Dar,Karlovy Vary,Karlovarský kraj,250,36262
506494,Nové Hamry,Karlovy Vary,Karlovarský kraj,354,36221
506621,Čichalov,Karlovy Vary,Karlovarský kraj,158,36452|36453
506664,Skořice,Rokycany,Plzeňský kraj,280,33843
506699,Otmarov,Brno-venkov,Jihomoravský kraj,393,66457
506702,Dolní Benešov,Opava,Moravskoslezský kraj,3824,74722
506711,Dolní Lhota,Ostrava-město,Moravskoslezský kraj,1527,74766
506729,Dvorce,Jihlava,Kraj Vysočina,203,58805|58851
506737,Chvalčov,Kroměříž,Zlínský kraj,1597,76872
506753,Háj ve Slezsku,Opava,Moravskoslezský kraj,3241,74792
506761,Alojzov,Prostějov,Olomoucký kraj,259,79804
506770,Seloutky,Prostějov,Olomoucký kraj,543,79804
507016,Hlučín,Opava,Moravskoslezský kraj,13245,74801
507091,Nýdek,Frýdek-Místek,Moravskoslezský kraj,2047,73995
507105,Hněvošice,Opava,Moravskoslezský kraj,987,74735
507113,Holasovice,Opava,Moravskoslezský kraj,1372,74774
507181,Pržno,Frýdek-Místek,Moravskoslezský kraj,1098,73911
507237,Komorní Lhotka,Frýdek-Místek,Moravskoslezský kraj,1517,73953
507261,Hrabyně,Opava,Moravskoslezský kraj,1083,74763|74764|74767
507270,Hradec nad Moravicí,Opava,Moravskoslezský kraj,5444,74741|74784
507334,Chuchelná,Opava,Moravskoslezský kraj,1283,74724
507377,Jakartovice,Opava,Moravskoslezský kraj,1063,74753|74755
507423,Janovice,Frýdek-Místek,Moravskoslezský kraj,2052,73911
507458,Košařiska,Frýdek-Místek,Moravskoslezský kraj,361,73981
507504,Kobeřice,Opava,Moravskoslezský kraj,3194,74727
507547,Milíkov,Frýdek-Místek,Moravskoslezský kraj,1305,73981
507580,Kravaře,Opava,Moravskoslezský kraj,6691,74721
507610,Doňov,Jindřichův Hradec,Jihočeský kraj,75,37821
507628,Pleše,Jindřichův Hradec,Jihočeský kraj,183,37821
507644,Újezdec,Jindřichův Hradec,Jihočeský kraj,72,37821
507652,Višňová,Jindřichův Hradec,Jihočeský kraj,100,37821
507695,Záhoří,Jindřichův Hradec,Jihočeský kraj,110,37821
507717,Peč,Jindřichův Hradec,Jihočeský kraj,460,38001
507733,Březina,Jindřichův Hradec,Jihočeský kraj,127,37821
507784,Ratiboř,Jindřichův Hradec,Jihočeský kraj,206,37701|37821
507920,Litultovice,Opava,Moravskoslezský kraj,929,74755
507971,Ludgeřovice,Opava,Moravskoslezský kraj,4959,74714
508004,Roseč,Jindřichův Hradec,Jihočeský kraj,227,37846
508128,Markvartovice,Opava,Moravskoslezský kraj,2219,74714
508144,Melč,Opava,Moravskoslezský kraj,652,74784
508152,Střížovice,Jindřichův Hradec,Jihočeský kraj,565,37701|37853
508357,Kostelní Vydří,Jindřichův Hradec,Jihočeský kraj,164,38001
508373,Mokré Lazce,Opava,Moravskoslezský kraj,1144,74762
508501,Lužnice,Jindřichův Hradec,Jihočeský kraj,423,37901
508683,Záblatí,Jindřichův Hradec,Jihočeský kraj,103,37901
509078,Plavsko,Jindřichův Hradec,Jihočeský kraj,480,37802
509108,Kostelní Radouň,Jindřichův Hradec,Jihočeský kraj,298,37842
509116,Červený Hrádek,Jindřichův Hradec,Jihočeský kraj,197,38001
509141,Dvory nad Lužnicí,Jindřichův Hradec,Jihočeský kraj,365,37808
509191,Cep,Jindřichův Hradec,Jihočeský kraj,205,37901
509388,Arneštovice,Pelhřimov,Kraj Vysočina,92,39501
509418,Bořetín,Pelhřimov,Kraj Vysočina,112,39470
509574,Oldřišov,Opava,Moravskoslezský kraj,1438,74733
509612,Otice,Opava,Moravskoslezský kraj,1525,74781
509621,Předotice,Písek,Jihočeský kraj,606,39701
509647,Píšť,Opava,Moravskoslezský kraj,2115,74718
509736,Pustá Polom,Opava,Moravskoslezský kraj,1320,74769
509752,Křižanov,Písek,Jihočeský kraj,94,39843
509841,Raduň,Opava,Moravskoslezský kraj,1184,74761
510068,Čečelovice,Strakonice,Jihočeský kraj,185,38801
510131,Skřipov,Opava,Moravskoslezský kraj,1025,74301|74741|74745
510289,Slavkov,Opava,Moravskoslezský kraj,2131,74757
510297,Služovice,Opava,Moravskoslezský kraj,852,74728
510343,Stěbořice,Opava,Moravskoslezský kraj,1448,74601|74751
510378,Sudice,Opava,Moravskoslezský kraj,635,74725
510432,Šilheřovice,Opava,Moravskoslezský kraj,1622,71100|74715
510483,Štěpánkovice,Opava,Moravskoslezský kraj,3154,74728
510491,Štítina,Opava,Moravskoslezský kraj,1281,74791
510556,Láz,Třebíč,Kraj Vysočina,289,67541
510645,Kojatín,Třebíč,Kraj Vysočina,87,67503
510882,Velká Polom,Ostrava-město,Moravskoslezský kraj,2217,74764
510891,Velké Heraltice,Opava,Moravskoslezský kraj,1629,74775
510939,Velké Hoštice,Opava,Moravskoslezský kraj,1846,74731
510980,Ocmanice,Třebíč,Kraj Vysočina,335,67571
511021,Vítkov,Opava,Moravskoslezský kraj,5430,74747|74784|74901
511081,Sedlec,Třebíč,Kraj Vysočina,246,67571
511161,Vršovice,Opava,Moravskoslezský kraj,526,74761
511242,Vícenice u Náměště nad Oslavou,Třebíč,Kraj Vysočina,423,67571
511307,Rácovice,Třebíč,Kraj Vysočina,124,67532
511382,Přerov,Přerov,Olomoucký kraj,40492,75002|75124|75127
511412,Oslavička,Žďár nad Sázavou,Kraj Vysočina,131,67505
511587,Josefov,Sokolov,Karlovarský kraj,442,35709
511633,Bocanovice,Frýdek-Místek,Moravskoslezský kraj,498,73991
511935,Bukovec,Frýdek-Místek,Moravskoslezský kraj,1391,73985
511951,Dolní Lomná,Frýdek-Místek,Moravskoslezský kraj,914,73991
511986,Horní Lomná,Frýdek-Místek,Moravskoslezský kraj,381,73991
512028,Písek,Frýdek-Místek,Moravskoslezský kraj,1882,73984
512176,Hrádek,Frýdek-Místek,Moravskoslezský kraj,1908,73997
512184,Metylovice,Frýdek-Místek,Moravskoslezský kraj,1790,73949
512192,Horní Domaslavice,Frýdek-Místek,Moravskoslezský kraj,1109,73951
512231,Bělotín,Přerov,Olomoucký kraj,1883,75364
512281,Beňov,Přerov,Olomoucký kraj,662,75002|75115
512401,Bezuchov,Přerov,Olomoucký kraj,182,75354
512532,Bochoř,Přerov,Olomoucký kraj,962,75002
512745,Těškovice,Opava,Moravskoslezský kraj,817,74764
512800,Brodek u Přerova,Přerov,Olomoucký kraj,1843,75103
512826,Buk,Přerov,Olomoucký kraj,385,75121
512869,Strahovice,Opava,Moravskoslezský kraj,904,74724
512877,Býškovice,Přerov,Olomoucký kraj,373,75353
512893,Nové Lublice,Opava,Moravskoslezský kraj,186,74901
512907,Kyjovice,Opava,Moravskoslezský kraj,870,74768
512923,Chlebičov,Opava,Moravskoslezský kraj,1188,74731
512974,Bělá,Opava,Moravskoslezský kraj,648,74723
512982,Citov,Přerov,Olomoucký kraj,520,75103
512991,Drnek,Kladno,Středočeský kraj,185,27377
513032,Kamenný Most,Kladno,Středočeský kraj,429,27326
513041,Lhota,Kladno,Středočeský kraj,663,27101|27301
513059,Čelechovice,Přerov,Olomoucký kraj,131,75103
513067,Černotín,Přerov,Olomoucký kraj,816,75368
513075,Hobšovice,Kladno,Středočeský kraj,349,27321
513105,Dobrčice,Přerov,Olomoucký kraj,233,75002
513113,Malé Přítočno,Kladno,Středočeský kraj,283,27351
513130,Dolany,Kladno,Středočeský kraj,328,27351
513148,Polní Voděrady,Kolín,Středočeský kraj,209,28002
513164,Ždánice,Kolín,Středočeský kraj,376,28163
513181,Dománovice,Kolín,Středočeský kraj,114,28002
513199,Dolní Újezd,Přerov,Olomoucký kraj,1224,75123|75125
513202,Zalešany,Kolín,Středočeský kraj,104,28002
513211,Domaželice,Přerov,Olomoucký kraj,531,75115
513229,Dřevohostice,Přerov,Olomoucký kraj,1427,75114
513237,Polní Chrčice,Kolín,Středočeský kraj,183,28002
513261,Žabonosy,Kolín,Středočeský kraj,264,28002
513270,Lipec,Kolín,Středočeský kraj,184,28126
513288,Mrzky,Kolín,Středočeský kraj,169,28201
513369,Přehvozdí,Kolín,Středočeský kraj,327,28163
513393,Přistoupim,Kolín,Středočeský kraj,471,28201
513415,Kbel,Kolín,Středočeský kraj,219,28002
513423,Pašinka,Kolín,Středočeský kraj,397,28002
513431,Chýnice,Praha-západ,Středočeský kraj,436,25217
513458,Vestec,Praha-západ,Středočeský kraj,3252,25250
513482,Vysoký Újezd,Benešov,Středočeský kraj,192,25744
513491,Horní Moštěnice,Přerov,Olomoucký kraj,1676,75117
513504,Dlouhá Lhota,Příbram,Středočeský kraj,458,26301
513512,Zduchovice,Příbram,Středočeský kraj,314,26263
513521,Lešetice,Příbram,Středočeský kraj,231,26231
513539,Velká Lečice,Příbram,Středočeský kraj,193,26205
513547,Příčovy,Příbram,Středočeský kraj,360,26401
513555,Kotenčice,Příbram,Středočeský kraj,216,26223
513571,Občov,Příbram,Středočeský kraj,208,26101
513580,Hudčice,Příbram,Středočeský kraj,266,26272
513628,Klokočná,Praha-východ,Středočeský kraj,312,25164
513636,Hrabůvka,Přerov,Olomoucký kraj,334,75301
513644,Zlatá,Praha-východ,Středočeský kraj,449,25083
513661,Nová Ves,Český Krumlov,Jihočeský kraj,415,38203
513695,Horní Smržov,Blansko,Jihomoravský kraj,123,67961
513709,Roubanina,Blansko,Jihomoravský kraj,121,67961
513717,Urbanice,Hradec Králové,Královéhradecký kraj,320,50327
513733,Hradčany,Přerov,Olomoucký kraj,339,75111
513750,Hranice,Přerov,Olomoucký kraj,17910,75301|75354|75361
513768,Hustopeče nad Bečvou,Přerov,Olomoucký kraj,1705,75366
513873,Jindřichov,Přerov,Olomoucký kraj,491,75301
513890,Skalka u Doks,Česká Lípa,Liberecký kraj,176,47201
514047,Klokočí,Přerov,Olomoucký kraj,252,75361
514055,Kojetín,Přerov,Olomoucký kraj,5721,75201
514152,Kokory,Přerov,Olomoucký kraj,1064,75105
514161,Luka,Česká Lípa,Liberecký kraj,103,47201
514195,Ždírec,Česká Lípa,Liberecký kraj,120,47201
514276,Pertoltice pod Ralskem,Česká Lípa,Liberecký kraj,417,47124
514446,Lazníčky,Přerov,Olomoucký kraj,182,75125
514471,Lazníky,Přerov,Olomoucký kraj,534,75125
514497,Lhota,Přerov,Olomoucký kraj,342,75131
514527,Lhotka,Přerov,Olomoucký kraj,66,75124
514705,Lipník nad Bečvou,Přerov,Olomoucký kraj,8000,75131
514772,Lipová,Přerov,Olomoucký kraj,259,75114
514802,Líšná,Přerov,Olomoucký kraj,262,75115
515191,Lobodice,Přerov,Olomoucký kraj,703,75101
515329,Malhotice,Přerov,Olomoucký kraj,358,75353
515418,Milenov,Přerov,Olomoucký kraj,430,75361
515477,Milotice nad Bečvou,Přerov,Olomoucký kraj,320,75367
515787,Nelešovice,Přerov,Olomoucký kraj,192,75103
515825,Oldřichov,Přerov,Olomoucký kraj,110,75111
516201,Opatovice,Přerov,Olomoucký kraj,801,75356
516350,Oprostovice,Přerov,Olomoucký kraj,81,75354
516619,Osek nad Bečvou,Přerov,Olomoucký kraj,1365,75122
516635,Paršovice,Přerov,Olomoucký kraj,389,75355
516686,Partutovice,Přerov,Olomoucký kraj,533,75301
516694,Pavlovice u Přerova,Přerov,Olomoucký kraj,706,75111
516864,Podolí,Přerov,Olomoucký kraj,198,75116
516899,Polkovice,Přerov,Olomoucký kraj,511,75144
516911,Polom,Přerov,Olomoucký kraj,300,75365
517101,Potštát,Přerov,Olomoucký kraj,1241,75362
517151,Prosenice,Přerov,Olomoucký kraj,812,75121
517208,Provodovice,Přerov,Olomoucký kraj,165,75353
517224,Přestavlky,Přerov,Olomoucký kraj,254,75002
517275,Radíkov,Přerov,Olomoucký kraj,160,75301
517321,Radkova Lhota,Přerov,Olomoucký kraj,199,75114
517437,Radkovy,Přerov,Olomoucký kraj,148,75114
517445,Radotín,Přerov,Olomoucký kraj,176,75354
517534,Radslavice,Přerov,Olomoucký kraj,1124,75111
517569,Radvanice,Přerov,Olomoucký kraj,269,75121
517585,Rakov,Přerov,Olomoucký kraj,412,75354
517607,Rokytnice,Přerov,Olomoucký kraj,1514,75104
517615,Rouské,Přerov,Olomoucký kraj,266,75353
517666,Říkovice,Přerov,Olomoucký kraj,456,75118
517747,Skalička,Přerov,Olomoucký kraj,651,75352
517836,Sobíšky,Přerov,Olomoucký kraj,155,75121
517844,Soběchleby,Přerov,Olomoucký kraj,594,75354
517887,Stará Ves,Přerov,Olomoucký kraj,619,75002
517909,Střítež nad Ludinou,Přerov,Olomoucký kraj,843,75363
518026,Sušice,Přerov,Olomoucký kraj,314,75111
519031,Teplice nad Bečvou,Přerov,Olomoucký kraj,454,75301
519146,Tovačov,Přerov,Olomoucký kraj,2472,75101
519651,Troubky,Přerov,Olomoucký kraj,1996,75102
520047,Tučín,Přerov,Olomoucký kraj,435,75116
520306,Ústí,Přerov,Olomoucký kraj,530,75301
520420,Veselíčko,Přerov,Olomoucký kraj,922,75125
521531,Všechovice,Přerov,Olomoucký kraj,893,75353
522775,Zámrsky,Přerov,Olomoucký kraj,226,75301
523453,Žákovice,Přerov,Olomoucký kraj,248,75354
523640,Želatovice,Přerov,Olomoucký kraj,532,75116
523704,Šumperk,Šumperk,Olomoucký kraj,24444,78701
523917,Bělá pod Pradědem,Jeseník,Olomoucký kraj,1701,79001
524891,Bernartice,Jeseník,Olomoucký kraj,820,79057
525227,Bílá Voda,Jeseník,Olomoucký kraj,336,79069
525588,Bludov,Šumperk,Olomoucký kraj,2972,78961
525804,Bohdíkov,Šumperk,Olomoucký kraj,1262,78964
525880,Bohuslavice,Šumperk,Olomoucký kraj,490,78972
525979,Bohutín,Šumperk,Olomoucký kraj,764,78962
526169,Branná,Šumperk,Olomoucký kraj,272,78825
526622,Rohozec,Kutná Hora,Středočeský kraj,319,28401
528196,Podveky,Kutná Hora,Středočeský kraj,228,28506
529303,Benešov,Benešov,Středočeský kraj,17025,25601
529451,Bystřice,Benešov,Středočeský kraj,4694,25601|25703|25751|25753
529478,Čakov,Benešov,Středočeský kraj,135,25601|25724
529486,Čechtice,Benešov,Středočeský kraj,1448,25765
529516,Čerčany,Benešov,Středočeský kraj,3175,25722
529524,Čejkovice,Kutná Hora,Středočeský kraj,28,28601
529532,Červený Újezd,Benešov,Středočeský kraj,350,25786|25788|25789|25791
529541,Český Šternberk,Benešov,Středočeský kraj,179,25726
529559,Dobrovítov,Kutná Hora,Středočeský kraj,133,28601
529567,Čtyřkoly,Benešov,Středočeský kraj,823,25722
529575,Medonosy,Mělník,Středočeský kraj,157,27721
529583,Tupadly,Mělník,Středočeský kraj,157,27721
529591,Sedlec,Mladá Boleslav,Středočeský kraj,256,29471
529605,Rokytá,Mladá Boleslav,Středočeský kraj,367,29501
529613,Josefův Důl,Mladá Boleslav,Středočeský kraj,441,29307
529621,Divišov,Benešov,Středočeský kraj,1849,25726
529630,Kostomlátky,Nymburk,Středočeský kraj,328,28921
529648,Dolní Kralovice,Benešov,Středočeský kraj,931,25768
529656,Pětihosty,Praha-východ,Středočeský kraj,299,25167
529664,Těchařovice,Příbram,Středočeský kraj,37,26231|26272
529672,Bezděkov pod Třemšínem,Příbram,Středočeský kraj,168,26242
529681,Koupě,Příbram,Středočeský kraj,115,26272
529699,Velká Chmelištná,Rakovník,Středočeský kraj,54,27034
529702,Heřmaničky,Benešov,Středočeský kraj,735,25789
529711,Drahouš,Rakovník,Středočeský kraj,79,27033
529729,Kvítkovice,České Budějovice,Jihočeský kraj,135,37384
529737,Hulice,Benešov,Středočeský kraj,271,25763
529745,Hvězdonice,Benešov,Středočeský kraj,351,25724
529753,Dívčí Kopy,Jindřichův Hradec,Jihočeský kraj,65,37842
529761,Žďár,Jindřichův Hradec,Jihočeský kraj,125,37842
529770,Chlum,Benešov,Středočeský kraj,124,25763
529788,Chmelná,Benešov,Středočeský kraj,164,25765
529796,Chocerady,Benešov,Středočeský kraj,1444,25724
529818,Chotýšany,Benešov,Středočeský kraj,670,25701|25728
529826,Čelistná,Pelhřimov,Kraj Vysočina,88,39301
529834,Mezná,Pelhřimov,Kraj Vysočina,167,39301
529842,Jankov,Benešov,Středočeský kraj,919,25703
529851,Javorník,Benešov,Středočeský kraj,153,25763
529869,Důl,Pelhřimov,Kraj Vysočina,53,39501
529877,Okrouhlá,Písek,Jihočeský kraj,69,39843
529885,Stehlovice,Písek,Jihočeský kraj,81,39843
529893,Nicov,Prachatice,Jihočeský kraj,85,38473
529907,Keblov,Benešov,Středočeský kraj,188,25765
529915,Vrbice,Prachatice,Jihočeský kraj,61,38473
529923,Žárovná,Prachatice,Jihočeský kraj,114,38301
529931,Kondrac,Benešov,Středočeský kraj,535,25801
529940,Kozmice,Benešov,Středočeský kraj,423,25601
529958,Krhanice,Benešov,Středočeský kraj,1141,25741|25742
529966,Buzice,Strakonice,Jihočeský kraj,183,38801
529974,Krňany,Benešov,Středočeský kraj,520,25744
529982,Chlum,Strakonice,Jihočeský kraj,200,38801
529991,Křečovice,Benešov,Středočeský kraj,811,25756
530000,Křivsoudov,Benešov,Středočeský kraj,490,25765|25766
530018,Březí,Strakonice,Jihočeský kraj,64,26242
530026,Kuňovice,Benešov,Středočeský kraj,83,25765
530034,Stožice,Strakonice,Jihočeský kraj,498,38901
530042,Katov,Tábor,Jihočeský kraj,70,39201
530051,Lešany,Benešov,Středočeský kraj,894,25744
530069,Libež,Benešov,Středočeský kraj,291,25726
530085,Bukovník,Klatovy,Plzeňský kraj,67,34201
530093,Loket,Benešov,Středočeský kraj,624,25765|25768
530107,Louňovice pod Blaníkem,Benešov,Středočeský kraj,665,25706
530115,Maršovice,Benešov,Středočeský kraj,796,25751|25753|25755|25756
530123,Dobršín,Klatovy,Plzeňský kraj,104,34201
530131,Přestavlky,Plzeň-jih,Plzeňský kraj,234,33401
530140,Milínov,Plzeň-jih,Plzeňský kraj,230,33204|33843
530158,Mezno,Benešov,Středočeský kraj,378,25786
530166,Miličín,Benešov,Středočeský kraj,896,25786
530174,Miřetice,Benešov,Středočeský kraj,261,25765
530182,Žákava,Plzeň-jih,Plzeňský kraj,491,33204|33601
530191,Mnichovice,Benešov,Středočeský kraj,223,25765
530204,Mrač,Benešov,Středočeský kraj,886,25721
530212,Načeradec,Benešov,Středočeský kraj,1148,25708
530221,Hněvnice,Plzeň-sever,Plzeňský kraj,127,33023
530239,Bílov,Plzeň-sever,Plzeňský kraj,83,33141
530247,Potvorov,Plzeň-sever,Plzeňský kraj,133,33141
530263,Nespeky,Benešov,Středočeský kraj,811,25167|25722
530271,Sedlec,Plzeň-sever,Plzeňský kraj,112,33141
530280,Vysoká Libyně,Plzeň-sever,Plzeňský kraj,202,33141
530298,Netvořice,Benešov,Středočeský kraj,1211,25744
530301,Neustupov,Benešov,Středočeský kraj,562,25703|25786
530310,Neveklov,Benešov,Středočeský kraj,2779,25744|25756
530328,Čerňovice,Plzeň-sever,Plzeňský kraj,201,33036
530336,Pláně,Plzeň-sever,Plzeňský kraj,282,33101
530344,Olbramovice,Benešov,Středočeský kraj,1437,25751|25753|25901
530352,Ostředek,Benešov,Středočeský kraj,497,25724|25726
530361,Kařízek,Rokycany,Plzeňský kraj,54,33808
530379,Drahoňův Újezd,Rokycany,Plzeňský kraj,131,33808
530387,Radvanec,Česká Lípa,Liberecký kraj,289,47301
530395,Janská,Děčín,Ústecký kraj,212,40502
530409,Petroupim,Benešov,Středočeský kraj,374,25601
530417,Doubice,Děčín,Ústecký kraj,102,40747
530425,Dalešice,Jablonec nad Nisou,Liberecký kraj,225,46802
530433,Kunratice,Liberec,Liberecký kraj,350,46401
530441,Poříčí nad Sázavou,Benešov,Středočeský kraj,1661,25721|25722
530450,Postupice,Benešov,Středočeský kraj,1446,25701
530468,Dlouhý Most,Liberec,Liberecký kraj,990,46312
530476,Pravonín,Benešov,Středočeský kraj,570,25708|25709|25765
530484,Jeřmanice,Liberec,Liberecký kraj,686,46312
530492,Přestavlky u Čerčan,Benešov,Středočeský kraj,446,25722|25723
530506,Miřejovice,Litoměřice,Ústecký kraj,216,41201
530514,Psáře,Benešov,Středočeský kraj,141,25801
530522,Rabyně,Benešov,Středočeský kraj,289,25208|25744
530531,Radošovice,Benešov,Středočeský kraj,406,25801
530549,Rataje,Benešov,Středočeský kraj,176,25801
530557,Kozly,Louny,Ústecký kraj,125,44001
530565,Želkovice,Louny,Ústecký kraj,100,44001
530573,Sedlec-Prčice,Příbram,Středočeský kraj,2952,25791|26401
530581,Čeradice,Louny,Ústecký kraj,303,43801
530590,Libočany,Louny,Ústecký kraj,535,43975
530603,Zálužice,Louny,Ústecký kraj,102,43801
530611,Smilkov,Benešov,Středočeský kraj,259,25786|25789
530620,Přestanov,Ústí nad Labem,Ústecký kraj,672,40317
530638,Soběhrdy,Benešov,Středočeský kraj,469,25601
530646,Hurtova Lhota,Havlíčkův Brod,Kraj Vysočina,254,58001
530654,Vysoká,Havlíčkův Brod,Kraj Vysočina,277,58001
530662,Ždírec,Havlíčkův Brod,Kraj Vysočina,125,58001
530671,Pšánky,Hradec Králové,Královéhradecký kraj,72,50315
530689,Struhařov,Benešov,Středočeský kraj,1021,25601
530697,Úherčice,Chrudim,Pardubický kraj,131,53803
530701,Střezimíř,Benešov,Středočeský kraj,304,25787|25791
530719,Studený,Benešov,Středočeský kraj,110,25768
530727,Brníčko,Šumperk,Olomoucký kraj,635,78975
530735,Staré Hrady,Jičín,Královéhradecký kraj,192,50723
530743,Bílkovice,Benešov,Středočeský kraj,220,25601|25726
530751,Tehov,Benešov,Středočeský kraj,358,25801
530760,Teplýšovice,Benešov,Středočeský kraj,554,25601
530778,Tichonice,Benešov,Středočeský kraj,213,25763
530786,Říkov,Náchod,Královéhradecký kraj,254,55203
530794,Trnávka,Pardubice,Pardubický kraj,209,53501
530808,Královec,Trutnov,Královéhradecký kraj,183,54203
530816,Trhový Štěpánov,Benešov,Středočeský kraj,1489,25763
530824,Velenov,Blansko,Jihomoravský kraj,267,68001
530832,Brambory,Kutná Hora,Středočeský kraj,114,28601
530841,Týnec nad Sázavou,Benešov,Středočeský kraj,5732,25168|25741|25742
530859,Semtěš,Kutná Hora,Středočeský kraj,276,28601
530867,Veliš,Benešov,Středočeský kraj,354,25701|25706
530875,Starkoč,Kutná Hora,Středočeský kraj,155,28601
530883,Vlašim,Benešov,Středočeský kraj,11329,25801
530891,Vojkov,Benešov,Středočeský kraj,490,25753|25901
530905,Votice,Benešov,Středočeský kraj,4777,25901
530913,Vracovice,Benešov,Středočeský kraj,406,25709|25801
530921,Vranov,Benešov,Středočeský kraj,432,25722|25724
530930,Štipoklasy,Kutná Hora,Středočeský kraj,134,28401
530948,Vrchotovy Janovice,Benešov,Středočeský kraj,1079,25753|25755
530956,Opatovice I,Kutná Hora,Středočeský kraj,190,28601
530964,Bludov,Kutná Hora,Středočeský kraj,25,28601
530972,Třebětín,Kutná Hora,Středočeský kraj,100,28522|28601
530981,Třebešice,Kutná Hora,Středočeský kraj,324,28601
530999,Močovice,Kutná Hora,Středočeský kraj,406,28601
531006,Ludíkov,Blansko,Jihomoravský kraj,365,68001
531014,Vodranty,Kutná Hora,Středočeský kraj,82,28601
531022,Zdislavice,Benešov,Středočeský kraj,517,25764
531031,Kamberk,Benešov,Středočeský kraj,174,25706
531049,Zvěstov,Benešov,Středočeský kraj,429,25706
531057,Beroun,Beroun,Středočeský kraj,21744,26601
531065,Souňov,Kutná Hora,Středočeský kraj,143,28601
531073,Běštín,Beroun,Středočeský kraj,341,26724
531081,Broumy,Beroun,Středočeský kraj,990,26742
531090,Březová,Beroun,Středočeský kraj,338,26751
531103,Bubovice,Beroun,Středočeský kraj,578,26718
531111,Bernardov,Kutná Hora,Středočeský kraj,165,28401
531120,Bzová,Beroun,Středočeský kraj,464,26743
531138,Cerhovice,Beroun,Středočeský kraj,1209,26761
531146,Drahelčice,Praha-západ,Středočeský kraj,1667,25219
531154,Drozdov,Beroun,Středočeský kraj,807,26761
531162,Felbabka,Beroun,Středočeský kraj,312,26801
531171,Hlásná Třebaň,Beroun,Středočeský kraj,1272,25230|26718
531189,Hořovice,Beroun,Středočeský kraj,8245,26801
531197,Hlízov,Kutná Hora,Středočeský kraj,680,28532
531201,Hostomice,Beroun,Středočeský kraj,1961,26724
531219,Hředle,Beroun,Středočeský kraj,406,26751
531227,Hudlice,Beroun,Středočeský kraj,1266,26703
531235,Hvozdec,Beroun,Středočeský kraj,261,26762
531243,Hýskov,Beroun,Středočeský kraj,2253,26706
531251,Chaloupky,Beroun,Středočeský kraj,527,26762
531260,Dolní Pohleď,Kutná Hora,Středočeský kraj,126,28522
531278,Paběnice,Kutná Hora,Středočeský kraj,223,28543
531286,Bratčice,Kutná Hora,Středočeský kraj,431,28601
531294,Chyňava,Beroun,Středočeský kraj,1906,26601|26707
531308,Jivina,Beroun,Středočeský kraj,201,26762
531316,Karlštejn,Beroun,Středočeský kraj,833,26718
531324,Komárov,Beroun,Středočeský kraj,2439,26762
531332,Koněprusy,Beroun,Středočeský kraj,263,26601
531341,Drobovice,Kutná Hora,Středočeský kraj,384,28601
531359,Horky,Kutná Hora,Středočeský kraj,383,28601
531367,Adamov,Kutná Hora,Středočeský kraj,133,28601
531375,Kublov,Beroun,Středočeský kraj,676,26741
531383,Schořov,Kutná Hora,Středočeský kraj,95,28601
531391,Sudějov,Kutná Hora,Středočeský kraj,85,28504
531405,Kobylnice,Kutná Hora,Středočeský kraj,224,28401
531413,Hraběšín,Kutná Hora,Středočeský kraj,113,28601
531421,Šebestěnice,Kutná Hora,Středočeský kraj,84,28601
531430,Horka I,Kutná Hora,Středočeský kraj,408,28601
531448,Libomyšl,Beroun,Středočeský kraj,639,26701|26723
531456,Liteň,Beroun,Středočeský kraj,1267,26727
531464,Loděnice,Beroun,Středočeský kraj,2019,26712
531472,Lochovice,Beroun,Středočeský kraj,1376,26723|26751
531481,Horušice,Kutná Hora,Středočeský kraj,165,28573
531499,Hostín,Mělník,Středočeský kraj,309,27732
531502,Liblice,Mělník,Středočeský kraj,498,27732
531511,Zlončice,Mělník,Středočeský kraj,613,27801
531529,Měňany,Beroun,Středočeský kraj,310,26727
531537,Mezouň,Beroun,Středočeský kraj,600,26716
531545,Mořina,Beroun,Středočeský kraj,964,26717|26718
531553,Konětopy,Praha-východ,Středočeský kraj,344,27714
531561,Tuhaň,Mělník,Středočeský kraj,893,27741
531570,Dobřeň,Mělník,Středočeský kraj,164,27721|27723|27735
531588,Neumětely,Beroun,Středočeský kraj,584,26724
531596,Nižbor,Beroun,Středočeský kraj,2109,26705
531600,Nový Jáchymov,Beroun,Středočeský kraj,755,26703
531618,Nučice,Praha-západ,Středočeský kraj,2494,25216
531626,Olešná,Beroun,Středočeský kraj,461,26764
531634,Osek,Beroun,Středočeský kraj,879,26762
531642,Osov,Beroun,Středočeský kraj,316,26725
531651,Kanina,Mělník,Středočeský kraj,109,27735
531669,Otročiněves,Beroun,Středočeský kraj,502,26703
531677,Lobeč,Mělník,Středočeský kraj,167,27736
531685,Podluhy,Beroun,Středočeský kraj,669,26801
531693,Praskolesy,Beroun,Středočeský kraj,895,26754
531707,Nosálov,Mělník,Středočeský kraj,179,27735
531715,Rpety,Beroun,Středočeský kraj,493,26801
531723,Rudná,Praha-západ,Středočeský kraj,5560,25219
531731,Stránka,Mělník,Středočeský kraj,213,27735
531740,Skuhrov,Beroun,Středočeský kraj,606,26727
531758,Srbsko,Beroun,Středočeský kraj,557,26718
531766,Stašov,Beroun,Středočeský kraj,494,26751
531774,Kadlín,Mělník,Středočeský kraj,149,27735
531782,Suchomasty,Beroun,Středočeský kraj,547,26701|26722
531791,Svatá,Beroun,Středočeský kraj,539,26751
531804,Svatý Jan pod Skalou,Beroun,Středočeský kraj,213,26601|26711
531812,Svinaře,Beroun,Středočeský kraj,1013,26727|26728
531821,Tachlovice,Praha-západ,Středočeský kraj,963,25217
531839,Tetín,Beroun,Středočeský kraj,851,26601
531847,Tlustice,Beroun,Středočeský kraj,1124,26801
531855,Tmaň,Beroun,Středočeský kraj,1256,26701|26721
531863,Nedomice,Mělník,Středočeský kraj,356,27716
531871,Jeviněves,Mělník,Středočeský kraj,279,27705
531880,Trubská,Beroun,Středočeský kraj,194,26601
531898,Lhotka,Mělník,Středočeský kraj,334,27731
531901,Újezd,Beroun,Středočeský kraj,688,26761
531910,Velký Chlumec,Beroun,Středočeský kraj,450,26724
531928,Hostín u Vojkovic,Mělník,Středočeský kraj,328,27744
531936,Vidim,Mělník,Středočeský kraj,129,27721
531944,Vráž,Beroun,Středočeský kraj,1265,26711
531952,Všeradice,Beroun,Středočeský kraj,480,26726
531961,Vysoký Újezd,Beroun,Středočeský kraj,2137,26716
531979,Zadní Třebaň,Beroun,Středočeský kraj,982,26729
531987,Dolní Zimoř,Mělník,Středočeský kraj,103,27721
531995,Zaječov,Beroun,Středočeský kraj,1510,26762|26763
532002,Záluží,Beroun,Středočeský kraj,507,26761
532011,Zdice,Beroun,Středočeský kraj,4125,26751
532029,Žebrák,Beroun,Středočeský kraj,2243,26751|26753
532037,Chrášťany,Benešov,Středočeský kraj,262,25601|25744|25756
532045,Chlístov,Benešov,Středočeský kraj,459,25601
532053,Kladno,Kladno,Středočeský kraj,69728,27201|27203|27204|27309
532061,Václavice,Benešov,Středočeský kraj,645,25601
532070,Běloky,Kladno,Středočeský kraj,181,27353
532088,Beřovice,Kladno,Středočeský kraj,417,27371
532096,Borovnice,Benešov,Středočeský kraj,95,25765
532100,Blevice,Kladno,Středočeský kraj,294,27328
532118,Brandýsek,Kladno,Středočeský kraj,2299,27341
532126,Braškov,Kladno,Středočeský kraj,1125,27351
532134,Ješetice,Benešov,Středočeský kraj,129,25786|25789
532142,Bratronice,Kladno,Středočeský kraj,1006,27362|27363
532151,Drahňovice,Benešov,Středočeský kraj,103,25726
532169,Buštěhrad,Kladno,Středočeský kraj,4073,27343
532177,Tuřany,Kladno,Středočeský kraj,725,27379
532185,Cvrčovice,Kladno,Středočeský kraj,793,27341
532193,Lštění,Benešov,Středočeský kraj,567,25722
532207,Černuc,Kladno,Středočeský kraj,1021,27323|27324
532215,Červený Újezd,Praha-západ,Středočeský kraj,1650,27351
532223,Doksy,Kladno,Středočeský kraj,1734,27364
532231,Slověnice,Benešov,Středočeský kraj,50,25726
532258,Litichovice,Benešov,Středočeský kraj,75,25726
532266,Všechlapy,Benešov,Středočeský kraj,122,25726
532274,Družec,Kladno,Středočeský kraj,1057,27362
532282,Dřetovice,Kladno,Středočeský kraj,467,27342
532291,Dřínov,Kladno,Středočeský kraj,332,27371|27401
532304,Třebešice,Benešov,Středočeský kraj,112,25726
532312,Horní Bezděkov,Kladno,Středočeský kraj,731,27351
532321,Hořešovice,Kladno,Středočeský kraj,260,27374
532339,Hospozín,Kladno,Středočeský kraj,587,27322
532347,Hostouň,Kladno,Středočeský kraj,1645,27353
532355,Hradečno,Kladno,Středočeský kraj,562,27304
532363,Hrdlív,Kladno,Středočeský kraj,531,27306
532371,Hřebeč,Kladno,Středočeský kraj,2156,27345
532380,Blažejovice,Benešov,Středočeský kraj,113,25768
532398,Chržín,Kladno,Středočeský kraj,315,27324
532401,Jarpice,Kladno,Středočeský kraj,315,27372
532410,Jedomělice,Kladno,Středočeský kraj,455,27378
532428,Jemníky,Kladno,Středočeský kraj,298,27401
532436,Snět,Benešov,Středočeský kraj,91,25768
532444,Kačice,Kladno,Středočeský kraj,1236,27304
532452,Kamenné Žehrovice,Kladno,Středočeský kraj,1636,27301
532461,Klobuky,Kladno,Středočeský kraj,1034,27374
532479,Kmetiněves,Kladno,Středočeský kraj,304,27322
532487,Knovíz,Kladno,Středočeský kraj,604,27401
532495,Koleč,Kladno,Středočeský kraj,624,27329
532509,Šetějovice,Benešov,Středočeský kraj,71,25768
532517,Kvílice,Kladno,Středočeský kraj,88,27375
532525,Kyšice,Kladno,Středočeský kraj,614,27351
532533,Ledce,Kladno,Středočeský kraj,503,27305
532541,Tomice,Benešov,Středočeský kraj,122,25768
532550,Ratměřice,Benešov,Středočeský kraj,316,25703
532568,Bernartice,Benešov,Středočeský kraj,222,25765
532576,Libušín,Kladno,Středočeský kraj,3534,27306
532584,Lidice,Kladno,Středočeský kraj,552,27354
532592,Tisem,Benešov,Středočeský kraj,219,25756
532606,Choratice,Benešov,Středočeský kraj,62,28506
532614,Vodslivy,Benešov,Středočeský kraj,103,25724
532622,Makotřasy,Kladno,Středočeský kraj,518,27354
532631,Malé Kyšice,Kladno,Středočeský kraj,562,27351
532649,Popovice,Benešov,Středočeský kraj,299,25701|25703
532657,Malíkovice,Kladno,Středočeský kraj,388,27377
532665,Neuměřice,Kladno,Středočeský kraj,444,27326
532673,Olovnice,Mělník,Středočeský kraj,580,27326
532681,Otvovice,Kladno,Středočeský kraj,789,27327
532690,Ctiboř,Benešov,Středočeský kraj,176,25801
532711,Pavlov,Kladno,Středočeský kraj,242,27351
532720,Pchery,Kladno,Středočeský kraj,2027,27308
532738,Pletený Újezd,Kladno,Středočeský kraj,728,27351
532746,Děkanovice,Benešov,Středočeský kraj,65,25768
532754,Podlešín,Kladno,Středočeský kraj,382,27325
532762,Pozdeň,Kladno,Středočeský kraj,454,27376
532771,Přelíc,Kladno,Středočeský kraj,380,27305
532789,Ptice,Praha-západ,Středočeský kraj,1015,25218
532797,Řisuty,Kladno,Středočeský kraj,446,27378
532801,Sazená,Kladno,Středočeský kraj,365,27324
532819,Slaný,Kladno,Středočeský kraj,17247,27379|27401
532827,Slatina,Kladno,Středočeský kraj,637,27326
532835,Smečno,Kladno,Středočeský kraj,1985,27305
532843,Dunice,Benešov,Středočeský kraj,65,25768
532851,Stehelčeves,Kladno,Středočeský kraj,1177,27342
532860,Stochov,Kladno,Středočeský kraj,5362,27303|27304
532878,Chleby,Benešov,Středočeský kraj,52,25741
532886,Chářovice,Benešov,Středočeský kraj,226,25741|25744
532894,Bušín,Šumperk,Olomoucký kraj,382,78962
532908,Svinařov,Kladno,Středočeský kraj,725,27305
532916,Šlapanice,Kladno,Středočeský kraj,206,27371
532924,Bukovany,Benešov,Středočeský kraj,863,25721|25741
532932,Hradiště,Benešov,Středočeský kraj,34,25801
532941,Řimovice,Benešov,Středočeský kraj,233,25801
532959,Třebichovice,Kladno,Středočeský kraj,598,27306|27308
532967,Třebíz,Kladno,Středočeský kraj,230,27375
532975,Třebusice,Kladno,Středočeský kraj,544,27341
532983,Tuchlovice,Kladno,Středočeský kraj,2785,27302
532991,Úhonice,Praha-západ,Středočeský kraj,1301,25218
533009,Uhy,Kladno,Středočeský kraj,412,27324
533017,Unhošť,Kladno,Středočeský kraj,5324,27351
533025,Velká Dobrá,Kladno,Středočeský kraj,1785,27361
533033,Velké Přítočno,Kladno,Středočeský kraj,1117,27351
533041,Velvary,Kladno,Středočeský kraj,3147,27324
533050,Vinařice,Kladno,Středočeský kraj,2137,27307
533068,Vraný,Kladno,Středočeský kraj,780,27372|27373
533076,Pavlovice,Benešov,Středočeský kraj,280,25801
533084,Kladruby,Benešov,Středočeský kraj,291,25801
533092,Zákolany,Kladno,Středočeský kraj,610,27328
533106,Trubín,Beroun,Středočeský kraj,588,26701
533114,Zlonice,Kladno,Středočeský kraj,2275,27371
533122,Zvoleněves,Kladno,Středočeský kraj,921,27325
533149,Žilina,Kladno,Středočeský kraj,844,27301
533157,Žižice,Kladno,Středočeský kraj,780,27321|27325|27401
533165,Kolín,Kolín,Středočeský kraj,33392,28002
533173,Barchovice,Kolín,Středočeský kraj,256,28163
533181,Bečváry,Kolín,Středočeský kraj,1068,28143|28144|28504
533190,Bělušice,Kolín,Středočeský kraj,306,28002
533203,Králův Dvůr,Beroun,Středočeský kraj,10677,26701
533211,Břežany I,Kolín,Středočeský kraj,315,28002
533220,Břežany II,Kolín,Středočeský kraj,922,28201
533238,Býchory,Kolín,Středočeský kraj,699,28002
533246,Cerhenice,Kolín,Středočeský kraj,1955,28002|28102
533254,Černé Voděrady,Praha-východ,Středočeský kraj,385,28163
533262,Červené Pečky,Kolín,Středočeský kraj,2098,28002|28121
533271,Český Brod,Kolín,Středočeský kraj,7355,28201
533289,Dobřichov,Kolín,Středočeský kraj,788,28911
533297,Dolní Chvatliny,Kolín,Středočeský kraj,534,28144
533301,Doubravčice,Kolín,Středočeský kraj,1415,28201
533319,Malá Víska,Beroun,Středočeský kraj,109,26762
533327,Horní Kruty,Kolín,Středočeský kraj,499,28146|28163
533335,Lhotka,Beroun,Středočeský kraj,372,26723
533343,Chotutice,Kolín,Středočeský kraj,500,28103
533351,Chrášťany,Kolín,Středočeský kraj,795,28201
533360,Jestřabí Lhota,Kolín,Středočeský kraj,552,28002
533378,Jevany,Praha-východ,Středočeský kraj,856,28163|28166
533386,Klučov,Kolín,Středočeský kraj,1104,28201
533394,Konárovice,Kolín,Středočeský kraj,1029,28002|28125
533408,Kořenice,Kolín,Středočeský kraj,631,28002|28144
533416,Kostelec nad Černými lesy,Praha-východ,Středočeský kraj,4360,28163
533424,Kouřim,Kolín,Středočeský kraj,1981,28161|28163
533432,Kozojedy,Praha-východ,Středočeský kraj,1009,28163
533441,Krakovany,Kolín,Středočeský kraj,946,28127
533459,Krupá,Kolín,Středočeský kraj,406,28163
533467,Křečhoř,Kolín,Středočeský kraj,584,28002
533475,Libenice,Kolín,Středočeský kraj,323,28002
533483,Libodřice,Kolín,Středočeský kraj,316,28002
533491,Černá Voda,Jeseník,Olomoucký kraj,536,79054
533505,Lošany,Kolín,Středočeský kraj,345,28002
533513,Malotice,Kolín,Středočeský kraj,374,28163
533521,Nebovidy,Kolín,Středočeský kraj,776,28002
533530,Nová Ves I,Kolín,Středočeský kraj,1390,28002
533548,Nučice,Praha-východ,Středočeský kraj,392,28163
533556,Ohaře,Kolín,Středočeský kraj,329,28130
533564,Oleška,Praha-východ,Středočeský kraj,997,28162|28163
533572,Ovčáry,Kolín,Středočeský kraj,921,28002
533581,Plaňany,Kolín,Středočeský kraj,1931,28002|28104
533599,Polepy,Kolín,Středočeský kraj,649,28002
533602,Nenačovice,Beroun,Středočeský kraj,317,26601
533611,Přišimasy,Kolín,Středočeský kraj,889,28201
533629,Radim,Kolín,Středočeský kraj,1206,28002|28103|28911
533637,Radovesnice I,Kolín,Středočeský kraj,383,28002
533645,Radovesnice II,Kolín,Středočeský kraj,523,28126|28128
533653,Ratboř,Kolín,Středočeský kraj,571,28002|28141
533661,Rostoklaty,Kolín,Středočeský kraj,652,28171|28201
533670,Chrustenice,Beroun,Středočeský kraj,1078,26712
533688,Dlouhomilov,Šumperk,Olomoucký kraj,454,78901
533696,Skvrňov,Kolín,Středočeský kraj,226,28144
533700,Starý Kolín,Kolín,Středočeský kraj,1654,28123
533718,Stříbrná Skalice,Praha-východ,Středočeský kraj,1607,28163|28167
533726,Svojšice,Kolín,Středočeský kraj,532,28002|28107|28163
533734,Tismice,Kolín,Středočeský kraj,587,28201
533742,Toušice,Kolín,Středočeský kraj,383,28144|28163
533751,Třebovle,Kolín,Středočeský kraj,575,28002|28163
533769,Tři Dvory,Kolín,Středočeský kraj,985,28002
533777,Tuchoraz,Kolín,Středočeský kraj,682,28201
533785,Tuklaty,Kolín,Středočeský kraj,1118,25082
533793,Korno,Beroun,Středočeský kraj,119,26727
533807,Týnec nad Labem,Kolín,Středočeský kraj,2173,28126
533815,Uhlířská Lhota,Kolín,Středočeský kraj,356,28126
533823,Veletov,Kolín,Středočeský kraj,262,28002
533831,Velim,Kolín,Středočeský kraj,2215,28002|28101
533840,Velký Osek,Kolín,Středočeský kraj,2666,28151
533858,Veltruby,Kolín,Středočeský kraj,1467,28002
533866,Vitice,Kolín,Středočeský kraj,1191,28106|28163
533874,Vlkančice,Praha-východ,Středočeský kraj,239,28163
533882,Volárna,Kolín,Středočeský kraj,554,28002
533891,Vrbčany,Kolín,Středočeský kraj,424,28002
533904,Vyžlovka,Praha-východ,Středočeský kraj,857,28163
533912,Mořinka,Beroun,Středočeský kraj,168,26718
533921,Zásmuky,Kolín,Středočeský kraj,2182,28144
533939,Lážovice,Beroun,Středočeský kraj,114,26724
533947,Žiželice,Kolín,Středočeský kraj,2002,28126|28129
533955,Kutná Hora,Kutná Hora,Středočeský kraj,21787,28401|28403|28404
533963,Skřipel,Beroun,Středočeský kraj,142,26724
533971,Bílé Podolí,Kutná Hora,Středočeský kraj,582,28572|28601
533980,Bohdaneč,Kutná Hora,Středočeský kraj,443,28522|28525
533998,Církvice,Kutná Hora,Středočeský kraj,1350,28533
534005,Čáslav,Kutná Hora,Středočeský kraj,10387,28601
534013,Černíny,Kutná Hora,Středočeský kraj,444,28401|28601
534021,Červené Janovice,Kutná Hora,Středočeský kraj,656,28542|28601
534030,Čestín,Kutná Hora,Středočeský kraj,471,28510|28522
534048,Vižina,Beroun,Středočeský kraj,276,26724
534056,Horka II,Kutná Hora,Středočeský kraj,415,28522
534064,Hostovlice,Kutná Hora,Středočeský kraj,250,28562
534072,Kotopeky,Beroun,Středočeský kraj,293,26801
534081,Chabeřice,Kutná Hora,Středočeský kraj,284,28522
534099,Chlístovice,Kutná Hora,Středočeský kraj,779,28401|28504
534102,Chotusice,Kutná Hora,Středočeský kraj,821,28576|28601
534111,Otmíče,Beroun,Středočeský kraj,188,26751
534129,Kácov,Kutná Hora,Středočeský kraj,812,28509|28522
534137,Kluky,Kutná Hora,Středočeský kraj,557,28545|28601
534145,Bykoš,Beroun,Středočeský kraj,256,26701
534153,Krchleby,Kutná Hora,Středočeský kraj,406,28601
534161,Křesetice,Kutná Hora,Středočeský kraj,748,28401|28547
534170,Ledečko,Kutná Hora,Středočeský kraj,238,28506
534188,Malešov,Kutná Hora,Středočeský kraj,1065,28401|28541
534196,Svatý Mikuláš,Kutná Hora,Středočeský kraj,1016,28401
534200,Miskovice,Kutná Hora,Středočeský kraj,1165,28401|28501
534218,Málkov,Beroun,Středočeský kraj,119,26701
534226,Nepoměřice,Kutná Hora,Středočeský kraj,212,28504|28511
534234,Vinařice,Beroun,Středočeský kraj,109,26701
534242,Nové Dvory,Kutná Hora,Středočeský kraj,910,28531
534251,Okřesaneč,Kutná Hora,Středočeský kraj,204,28601
534269,Nesvačily,Beroun,Středočeský kraj,181,26727
534277,Onomyšl,Kutná Hora,Středočeský kraj,347,28504
534285,Podbrdy,Beroun,Středočeský kraj,254,26727
534293,Soběšín,Kutná Hora,Středočeský kraj,189,28506|28509
534307,Pertoltice,Kutná Hora,Středočeský kraj,169,28522
534315,Petrovice I,Kutná Hora,Středočeský kraj,307,28522|28601
534323,Petrovice II,Kutná Hora,Středočeský kraj,155,28504|28522
534331,Potěhy,Kutná Hora,Středočeský kraj,651,28563
534340,Rašovice,Kutná Hora,Středočeský kraj,442,28504
534358,Rataje nad Sázavou,Kutná Hora,Středočeský kraj,560,28506|28507
534366,Řendějov,Kutná Hora,Středočeský kraj,252,28522
534374,Samopše,Kutná Hora,Středočeský kraj,221,28506
534382,Sázava,Benešov,Středočeský kraj,3906,28506
534391,Slavošov,Kutná Hora,Středočeský kraj,145,28522
534404,Lužce,Beroun,Středočeský kraj,146,26716
534412,Staňkovice,Kutná Hora,Středočeský kraj,257,28504
534421,Bavoryně,Beroun,Středočeský kraj,454,26751
534439,Suchdol,Kutná Hora,Středočeský kraj,1108,28401|28502
534447,Chodouň,Beroun,Středočeský kraj,720,26751
534455,Chlustina,Beroun,Středočeský kraj,254,26751
534463,Točník,Beroun,Středočeský kraj,281,26751
534471,Záhornice,Nymburk,Středočeský kraj,433,28903
534480,Tupadly,Kutná Hora,Středočeský kraj,683,28563
534498,Uhlířské Janovice,Kutná Hora,Středočeský kraj,3114,28504
534501,Úmonín,Kutná Hora,Středočeský kraj,545,28546|28601
534510,Úžice,Kutná Hora,Středočeský kraj,736,28504|28506
534528,Vavřinec,Kutná Hora,Středočeský kraj,592,28504
534536,Vidice,Kutná Hora,Středočeský kraj,278,28401
534544,Vinaře,Kutná Hora,Středočeský kraj,265,28601
534552,Vlačice,Kutná Hora,Středočeský kraj,251,28601
534561,Vlastějovice,Kutná Hora,Středočeský kraj,471,25768|28522|28523
534579,Vlkaneč,Kutná Hora,Středočeský kraj,629,28564|28601
534587,Vrdy,Kutná Hora,Středočeský kraj,3104,28571|28601
534595,Záboří nad Labem,Kutná Hora,Středočeský kraj,832,28401|28574
534609,Zbizuby,Kutná Hora,Středočeský kraj,511,28504|28506
534617,Zbraslavice,Kutná Hora,Středočeský kraj,1426,28401|28521|28522
534625,Zbýšov,Kutná Hora,Středočeský kraj,600,28565|28601
534633,Zruč nad Sázavou,Kutná Hora,Středočeský kraj,4777,28522
534641,Žáky,Kutná Hora,Středočeský kraj,412,28601
534650,Žehušice,Kutná Hora,Středočeský kraj,905,28575|28601
534668,Žleby,Kutná Hora,Středočeský kraj,1423,28561|28601
534676,Mělník,Mělník,Středočeský kraj,20301,27601|27741
534684,Borek,Praha-východ,Středočeský kraj,349,27714
534692,Újezd u Boskovic,Blansko,Jihomoravský kraj,453,68001
534706,Chroustov,Nymburk,Středočeský kraj,196,28902
534714,Býkev,Mělník,Středočeský kraj,596,27601
534722,Byšice,Mělník,Středočeský kraj,1450,27732
534731,Cítov,Mělník,Středočeský kraj,1320,27704
534749,Čečelice,Mělník,Středočeský kraj,696,27732
534757,Seletice,Nymburk,Středočeský kraj,221,28934
534765,Dolní Beřkovice,Mělník,Středočeský kraj,1580,27701
534773,Dřínov,Mělník,Středočeský kraj,515,27745
534781,Dřísy,Praha-východ,Středočeský kraj,1111,27714
534790,Horní Počaply,Mělník,Středočeský kraj,1225,27703
534803,Hořín,Mělník,Středočeský kraj,939,27601
534811,Podhradí,Zlín,Zlínský kraj,205,76326
534820,Chlumín,Mělník,Středočeský kraj,482,27743
534838,Chorušice,Mělník,Středočeský kraj,567,27735|27737
534846,Chvatěruby,Mělník,Středočeský kraj,608,27801
534854,Hořany,Nymburk,Středočeský kraj,166,28914
534862,Zvěřínek,Nymburk,Středočeský kraj,317,28913
534871,Velenka,Nymburk,Středočeský kraj,395,28912
534889,Starý Vestec,Nymburk,Středočeský kraj,239,28916
534897,Kly,Mělník,Středočeský kraj,1807,27741
534901,Kokořín,Mělník,Středočeský kraj,405,27723
534919,Netřebice,Nymburk,Středočeský kraj,260,28802
534927,Dubicko,Šumperk,Olomoucký kraj,1131,78972
534935,Kostelec nad Labem,Mělník,Středočeský kraj,4459,27713
534943,Kouty,Nymburk,Středočeský kraj,337,29001
534951,Kralupy nad Vltavou,Mělník,Středočeský kraj,19138,27801
534960,Křenek,Praha-východ,Středočeský kraj,332,27714
534978,Ledčice,Mělník,Středočeský kraj,704,27708
534986,Lhota,Praha-východ,Středočeský kraj,548,27714
534994,Choťovice,Kolín,Středočeský kraj,257,28905
535001,Liběchov,Mělník,Středočeský kraj,1077,27721
535010,Běleč,Kladno,Středočeský kraj,326,27363
535028,Lužec nad Vltavou,Mělník,Středočeský kraj,1587,27706
535036,Malý Újezd,Mělník,Středočeský kraj,1154,27731
535044,Mělnické Vtelno,Mělník,Středočeský kraj,1012,27738
535052,Mšeno,Mělník,Středočeský kraj,1406,27735
535061,Nebužely,Mělník,Středočeský kraj,408,27734
535079,Nelahozeves,Mělník,Středočeský kraj,2213,27751
535087,Neratovice,Mělník,Středočeský kraj,16279,27711|27745
535095,Loucká,Kladno,Středočeský kraj,145,27324
535109,Královice,Kladno,Středočeský kraj,270,27401
535117,Nová Ves,Mělník,Středočeský kraj,1032,27751|27752
535125,Bílichov,Kladno,Středočeský kraj,215,27374
535133,Obříství,Mělník,Středočeský kraj,1689,27742
535141,Ovčáry,Mělník,Středočeský kraj,525,27714
535150,Hořešovičky,Kladno,Středočeský kraj,148,27374
535168,Řepín,Mělník,Středočeský kraj,721,27733
535176,Planá,České Budějovice,Jihočeský kraj,256,37001
535184,Tichov,Zlín,Zlínský kraj,347,76601
535192,Spomyšl,Mělník,Středočeský kraj,603,27705
535206,Dobrá Voda u Českých Budějovic,České Budějovice,Jihočeský kraj,2625,37006|37316
535214,Střemy,Mělník,Středočeský kraj,494,27731|27734
535222,Tišice,Mělník,Středočeský kraj,2636,27715
535231,Ostrolovský Újezd,České Budějovice,Jihočeský kraj,188,37401
535249,Dasný,České Budějovice,Jihočeský kraj,357,37341
535257,Úžice,Mělník,Středočeský kraj,1133,27745
535265,Velký Borek,Mělník,Středočeský kraj,1216,27731
535273,Veltrusy,Mělník,Středočeský kraj,2328,27746
535281,Mydlovary,České Budějovice,Jihočeský kraj,299,37349
535290,Vojkovice,Mělník,Středočeský kraj,1055,27744|27745
535303,Vraňany,Mělník,Středočeský kraj,973,27707
535311,Všestudy,Mělník,Středočeský kraj,459,27744|27746
535320,Všetaty,Mělník,Středočeský kraj,2495,27716
535338,Vysoká,Mělník,Středočeský kraj,937,27724
535346,Plav,České Budějovice,Jihočeský kraj,438,37007
535354,Zálezlice,Mělník,Středočeský kraj,458,27745
535362,Záryby,Praha-východ,Středočeský kraj,1143,27713
535371,Nákří,České Budějovice,Jihočeský kraj,226,37348
535389,Zlosyň,Mělník,Středočeský kraj,477,27744
535397,Želízy,Mělník,Středočeský kraj,512,27721
535401,Bošilec,České Budějovice,Jihočeský kraj,226,37364|37365
535419,Mladá Boleslav,Mladá Boleslav,Středočeský kraj,47874,29301
535427,Bakov nad Jizerou,Mladá Boleslav,Středočeský kraj,5355,29306|29401
535435,Neplachov,České Budějovice,Jihočeský kraj,365,37365
535443,Bělá pod Bezdězem,Mladá Boleslav,Středočeský kraj,4815,29421|29425
535451,Benátky nad Jizerou,Mladá Boleslav,Středočeský kraj,7963,29471
535460,Hradce,České Budějovice,Jihočeský kraj,116,37001
535478,Bezno,Mladá Boleslav,Středočeský kraj,993,29429
535486,Bítouchov,Mladá Boleslav,Středočeský kraj,441,29401
535494,Úsilné,České Budějovice,Jihočeský kraj,497,37010
535508,Boreč,Mladá Boleslav,Středočeský kraj,281,29426
535516,Boseň,Mladá Boleslav,Středočeský kraj,540,29501
535524,Hosty,České Budějovice,Jihočeský kraj,167,37501
535532,Hanušovice,Šumperk,Olomoucký kraj,2837,78832|78833
535541,Čakov,České Budějovice,Jihočeský kraj,303,37384
535559,Brodce,Mladá Boleslav,Středočeský kraj,1137,29473
535567,Březina,Mladá Boleslav,Středočeský kraj,445,29411|29501
535575,Habří,České Budějovice,Jihočeský kraj,126,37384
535583,Březno,Mladá Boleslav,Středočeský kraj,1060,29406
535591,Zvíkov,České Budějovice,Jihočeský kraj,267,37372
535605,Bukovno,Mladá Boleslav,Středočeský kraj,815,29301|29425
535613,Hvozdec,České Budějovice,Jihočeský kraj,147,37372
535621,Čachovice,Mladá Boleslav,Středočeský kraj,880,29443
535630,Čistá,Mladá Boleslav,Středočeský kraj,886,29423
535648,Nová Ves,České Budějovice,Jihočeský kraj,784,37006|37315
535656,Dlouhá Lhota,Mladá Boleslav,Středočeský kraj,492,29405
535664,Doubravice,České Budějovice,Jihočeský kraj,337,37006|37007|37008
535672,Dobrovice,Mladá Boleslav,Středočeský kraj,3643,29441|29442|29446
535681,Borovnice,České Budějovice,Jihočeský kraj,156,37006|37007
535699,Petříkov,České Budějovice,Jihočeský kraj,322,37401
535702,Dolní Bousov,Mladá Boleslav,Středočeský kraj,3059,29404
535711,Dolní Krupá,Mladá Boleslav,Středočeský kraj,248,29501
535729,Dolní Slivno,Mladá Boleslav,Středočeský kraj,399,29478
535737,Vidov,České Budějovice,Jihočeský kraj,599,37007
535745,Domousnice,Mladá Boleslav,Středočeský kraj,307,29404|29448
535753,Hůry,České Budějovice,Jihočeský kraj,607,37371
535761,Jivno,České Budějovice,Jihočeský kraj,423,37371
535770,Horní Studénky,Šumperk,Olomoucký kraj,350,78901
535788,Dubičné,České Budějovice,Jihočeský kraj,417,37006|37371
535796,Vráto,České Budějovice,Jihočeský kraj,512,37001|37371
535800,Libníč,České Budějovice,Jihočeský kraj,599,37367|37371
535818,Horky nad Jizerou,Mladá Boleslav,Středočeský kraj,623,29473
535826,Adamov,České Budějovice,Jihočeský kraj,1025,37371
535834,Horní Bukovina,Mladá Boleslav,Středočeský kraj,292,29501
535842,Mokrý Lom,České Budějovice,Jihočeský kraj,113,37401
535851,Hlavatce,České Budějovice,Jihočeský kraj,146,37348
535869,Hrdlořezy,Mladá Boleslav,Středočeský kraj,741,29307
535877,Komařice,České Budějovice,Jihočeský kraj,364,37314|37401
535885,Hoštejn,Šumperk,Olomoucký kraj,433,78901
535893,Vitín,České Budějovice,Jihočeský kraj,489,37363
535907,Chotýčany,České Budějovice,Jihočeský kraj,262,37362
535915,Vlkov,České Budějovice,Jihočeský kraj,55,37341
535923,Chocnějovice,Mladá Boleslav,Středočeský kraj,431,29413
535931,Chotětov,Mladá Boleslav,Středočeský kraj,1439,29428|29479
535940,Mazelov,České Budějovice,Jihočeský kraj,235,37363
535958,Drahotěšice,České Budějovice,Jihočeský kraj,335,37341
535966,Jabkenice,Mladá Boleslav,Středočeský kraj,495,29445
535974,Jivina,Mladá Boleslav,Středočeský kraj,500,29414
535982,Kamenná,České Budějovice,Jihočeský kraj,341,37401
535991,Pištín,České Budějovice,Jihočeský kraj,682,37341|37346
536008,Katusice,Mladá Boleslav,Středočeský kraj,853,29425
536016,Zahájí,České Budějovice,Jihočeský kraj,458,37348
536024,Klášter Hradiště nad Jizerou,Mladá Boleslav,Středočeský kraj,1026,29415
536032,Strýčice,České Budějovice,Jihočeský kraj,48,37341
536041,Kněžmost,Mladá Boleslav,Středočeský kraj,2346,29402|29406
536059,Břehov,České Budějovice,Jihočeský kraj,178,37341
536067,Kochánky,Mladá Boleslav,Středočeský kraj,516,29474
536075,Hartmanice,České Budějovice,Jihočeský kraj,194,37365
536083,Velenice,Nymburk,Středočeský kraj,222,28901
536091,Hrabišín,Šumperk,Olomoucký kraj,876,78804
536105,Horní Kněžeklady,České Budějovice,Jihočeský kraj,115,37501
536113,Hynčina,Šumperk,Olomoucký kraj,203,78901
536121,Kosořice,Mladá Boleslav,Středočeský kraj,527,29441
536130,Kostelní Hlavno,Praha-východ,Středočeský kraj,512,29476
536148,Javorník,Jeseník,Olomoucký kraj,2544,79070
536156,Bečice,České Budějovice,Jihočeský kraj,106,37501
536164,Krásná Ves,Mladá Boleslav,Středočeský kraj,186,29425
536172,Krnsko,Mladá Boleslav,Středočeský kraj,592,29431
536181,Kropáčova Vrutice,Mladá Boleslav,Středočeský kraj,940,29479
536199,Dobšice,České Budějovice,Jihočeský kraj,141,37501
536202,Ledce,Mladá Boleslav,Středočeský kraj,413,29447
536211,Lhotky,Mladá Boleslav,Středočeský kraj,161,29406
536229,Chlumec,Český Krumlov,Jihočeský kraj,111,38232
536237,Zvíkov,Český Krumlov,Jihočeský kraj,95,38232
536245,Srnín,Český Krumlov,Jihočeský kraj,382,38101
536253,Bohdalovice,Český Krumlov,Jihočeský kraj,291,38101|38211
536261,Loukovec,Mladá Boleslav,Středočeský kraj,398,29411
536270,Luštěnice,Mladá Boleslav,Středočeský kraj,2369,29442
536288,Jedlí,Šumperk,Olomoucký kraj,662,78901
536296,Malšín,Český Krumlov,Jihočeský kraj,176,38101|38273
536300,Věžovatá Pláně,Český Krumlov,Jihočeský kraj,164,38232
536326,Mnichovo Hradiště,Mladá Boleslav,Středočeský kraj,9123,29411|29413|29501
536334,Němčice,Mladá Boleslav,Středočeský kraj,187,29442
536342,Krajníčko,Strakonice,Jihočeský kraj,98,38773
536351,Nepřevázka,Mladá Boleslav,Středočeský kraj,424,29301
536369,Hornosín,Strakonice,Jihočeský kraj,62,38742
536377,Nová Telib,Mladá Boleslav,Středočeský kraj,301,29406
536385,Jeseník,Jeseník,Olomoucký kraj,10324,79001
536393,Jestřebí,Šumperk,Olomoucký kraj,701,78901
536407,Obruby,Mladá Boleslav,Středočeský kraj,256,29403
536415,Měkynec,Strakonice,Jihočeský kraj,51,38773
536423,Radějovice,Strakonice,Jihočeský kraj,47,38773
536431,Petkovy,Mladá Boleslav,Středočeský kraj,359,29404|29406
536440,Písková Lhota,Mladá Boleslav,Středočeský kraj,1111,29431
536458,Plazy,Mladá Boleslav,Středočeský kraj,507,29301
536466,Mačkov,Strakonice,Jihočeský kraj,299,38801
536474,Němčice,Strakonice,Jihočeský kraj,102,38719
536482,Zahorčice,Strakonice,Jihočeský kraj,51,38719
536491,Předměřice nad Jizerou,Mladá Boleslav,Středočeský kraj,996,29474
536504,Vacovice,Strakonice,Jihočeský kraj,50,38473|38719
536512,Truskovice,Strakonice,Jihočeský kraj,211,38901
536521,Jindřichov,Šumperk,Olomoucký kraj,1087,78823
536539,Milejovice,Strakonice,Jihočeský kraj,73,38701
536547,Přechovice,Strakonice,Jihočeský kraj,149,38701
536555,Krty-Hradec,Strakonice,Jihočeský kraj,127,38601
536563,Mnichov,Strakonice,Jihočeský kraj,252,38601
536571,Kamenná,Šumperk,Olomoucký kraj,475,78974
536580,Řepov,Mladá Boleslav,Středočeský kraj,786,29301
536598,Tchořovice,Strakonice,Jihočeský kraj,236,38801
536601,Kocelovice,Strakonice,Jihočeský kraj,159,38742
536610,Semčice,Mladá Boleslav,Středočeský kraj,745,29446
536628,Hlupín,Strakonice,Jihočeský kraj,89,38601
536636,Skalsko,Mladá Boleslav,Středočeský kraj,389,29426
536644,Nebřehovice,Strakonice,Jihočeský kraj,181,38601
536652,Smilovice,Mladá Boleslav,Středočeský kraj,819,29442
536661,Sojovice,Mladá Boleslav,Středočeský kraj,606,29475
536679,Třešovice,Strakonice,Jihočeský kraj,69,38601
536687,Klopina,Šumperk,Olomoucký kraj,626,78973
536695,Úlehle,Strakonice,Jihočeský kraj,92,38601|38719
536709,Strašnov,Mladá Boleslav,Středočeský kraj,308,29431
536717,Strenice,Mladá Boleslav,Středočeský kraj,203,29430
536725,Němětice,Strakonice,Jihočeský kraj,125,38701
536733,Kolšov,Šumperk,Olomoucký kraj,701,78821
536741,Velká Turná,Strakonice,Jihočeský kraj,169,38601
536750,Kváskovice,Strakonice,Jihočeský kraj,115,38601
536768,Sukorady,Mladá Boleslav,Středočeský kraj,385,29406
536776,Slaník,Strakonice,Jihočeský kraj,142,38601
536784,Strunkovice nad Volyňkou,Strakonice,Jihočeský kraj,135,38701
536792,Přední Zborovice,Strakonice,Jihočeský kraj,88,38701
536806,Krašlovice,Strakonice,Jihočeský kraj,172,38901
536814,Kosov,Šumperk,Olomoucký kraj,321,78901
536822,Lom,Strakonice,Jihočeský kraj,121,38801
536831,Libětice,Strakonice,Jihočeský kraj,87,38601
536849,Řepice,Strakonice,Jihočeský kraj,447,38601
536857,Velké Všelisy,Mladá Boleslav,Středočeský kraj,409,29426|29427
536865,Rovná,Strakonice,Jihočeský kraj,247,38601
536873,Zvotoky,Strakonice,Jihočeský kraj,55,38716
536881,Horní Poříčí,Strakonice,Jihočeský kraj,306,38601
536890,Uzeničky,Strakonice,Jihočeský kraj,112,38801
536903,Chobot,Strakonice,Jihočeský kraj,39,38801
536911,Pohorovice,Strakonice,Jihočeský kraj,82,38901
536920,Štěchovice,Strakonice,Jihočeský kraj,203,38716
536938,Všejany,Mladá Boleslav,Středočeský kraj,725,29443
536946,Kalenice,Strakonice,Jihočeský kraj,81,38601|38716
536954,Krejnice,Strakonice,Jihočeský kraj,68,38716
536962,Nišovice,Strakonice,Jihočeský kraj,246,38701
536971,Žďár,Mladá Boleslav,Středočeský kraj,1501,29411|29412
536989,Žerčice,Mladá Boleslav,Středočeský kraj,406,29446
536997,Židněves,Mladá Boleslav,Středočeský kraj,433,29406
537004,Nymburk,Nymburk,Středočeský kraj,15795,28802|28913
537021,Běrunice,Nymburk,Středočeský kraj,890,28908|50351
537039,Bobnice,Nymburk,Středočeský kraj,882,28931
537047,Bříství,Nymburk,Středočeský kraj,392,28915
537055,Budiměřice,Nymburk,Středočeský kraj,652,28802
537063,Bratronice,Strakonice,Jihočeský kraj,77,38601|38801
537071,Lipovice,Prachatice,Jihočeský kraj,222,38422
537080,Činěves,Nymburk,Středočeský kraj,503,28901
537098,Dlouhopolsko,Nymburk,Středočeský kraj,238,28903
537101,Dobšice,Nymburk,Středočeský kraj,257,28905
537110,Dvory,Nymburk,Středočeský kraj,619,28802
537128,Dymokury,Nymburk,Středočeský kraj,919,28901
537136,Kratušín,Prachatice,Jihočeský kraj,42,38301
537144,Dvory,Prachatice,Jihočeský kraj,99,38301
537152,Hořátev,Nymburk,Středočeský kraj,796,28913
537161,Hradčany,Nymburk,Středočeský kraj,291,28905
537179,Hradištko,Nymburk,Středočeský kraj,948,28912
537187,Drslavice,Prachatice,Jihočeský kraj,90,38301
537195,Zábrdí,Prachatice,Jihočeský kraj,67,38301
537209,Žernovice,Prachatice,Jihočeský kraj,343,38301
537217,Choťánky,Nymburk,Středočeský kraj,534,29001
537225,Chotěšice,Nymburk,Středočeský kraj,321,28901|28902|28903|28934
537233,Chrást,Nymburk,Středočeský kraj,538,28914
537241,Babice,Prachatice,Jihočeský kraj,159,38411
537250,Jíkev,Nymburk,Středočeský kraj,349,28932
537268,Jizbice,Nymburk,Středočeský kraj,395,28802
537276,Kamenné Zboží,Nymburk,Středočeský kraj,508,28802
537284,Lesnice,Šumperk,Olomoucký kraj,627,78901
537292,Kněžice,Nymburk,Středočeský kraj,565,28902
537306,Kolaje,Nymburk,Středočeský kraj,85,28904
537314,Kostelní Lhota,Nymburk,Středočeský kraj,986,28912
537322,Lužice,Prachatice,Jihočeský kraj,45,38411
537331,Kostomlaty nad Labem,Nymburk,Středočeský kraj,1939,28921
537349,Košík,Nymburk,Středočeský kraj,361,28934|28935
537357,Kounice,Nymburk,Středočeský kraj,1755,28915
537365,Olšovice,Prachatice,Jihočeský kraj,60,38411
537373,Kovanice,Nymburk,Středočeský kraj,974,28802
537381,Mahouš,Prachatice,Jihočeský kraj,147,38411
537390,Krchleby,Nymburk,Středočeský kraj,804,28802
537403,Křečkov,Nymburk,Středočeský kraj,449,29001
537411,Křinec,Nymburk,Středočeský kraj,1391,28933
537420,Chvalovice,Prachatice,Jihočeský kraj,174,38411
537438,Libice nad Cidlinou,Nymburk,Středočeský kraj,1219,28907
537446,Loučeň,Nymburk,Středočeský kraj,1422,28937
537454,Lysá nad Labem,Nymburk,Středočeský kraj,10072,28922
537462,Mcely,Nymburk,Středočeský kraj,423,28936
537489,Městec Králové,Nymburk,Středočeský kraj,2867,28903
537497,Milčice,Nymburk,Středočeský kraj,303,28911
537501,Milovice,Nymburk,Středočeský kraj,14609,28923|28924
537519,Buk,Prachatice,Jihočeský kraj,313,38301
537527,Bohunice,Prachatice,Jihočeský kraj,43,38422
537535,Újezdec,Prachatice,Jihočeský kraj,79,38422
537543,Pěčnov,Prachatice,Jihočeský kraj,175,38301
537551,Odřepsy,Nymburk,Středočeský kraj,307,28907
537560,Okřínek,Nymburk,Středočeský kraj,207,28904|29001
537578,Opočnice,Nymburk,Středočeský kraj,479,28904
537586,Opolany,Nymburk,Středočeský kraj,940,28906|28907
537594,Střítež,Pelhřimov,Kraj Vysočina,111,39301|39470
537608,Ústrašín,Pelhřimov,Kraj Vysočina,260,39301
537616,Oskořínek,Nymburk,Středočeský kraj,566,28932
537624,Ostrá,Nymburk,Středočeský kraj,697,28922
537632,Pátek,Nymburk,Středočeský kraj,780,29001
537641,Pečky,Kolín,Středočeský kraj,4951,28911
537659,Písková Lhota,Nymburk,Středočeský kraj,578,29001
537667,Písty,Nymburk,Středočeský kraj,452,28913
537675,Pňov-Předhradí,Kolín,Středočeský kraj,621,28941
537683,Poděbrady,Nymburk,Středočeský kraj,15238,29001
537691,Ondřejov,Pelhřimov,Kraj Vysočina,168,39301
537705,Poříčany,Kolín,Středočeský kraj,1580,28914
537713,Leština,Šumperk,Olomoucký kraj,1228,78971
537721,Přerov nad Labem,Nymburk,Středočeský kraj,1278,28916
537730,Útěchovičky,Pelhřimov,Kraj Vysočina,71,39501
537748,Ratenice,Kolín,Středočeský kraj,682,28911
537756,Rožďalovice,Nymburk,Středočeský kraj,1716,28934
537764,Sadská,Nymburk,Středočeský kraj,3308,28912
537772,Sány,Nymburk,Středočeský kraj,617,28906
537781,Semice,Nymburk,Středočeský kraj,1445,28917
537799,Senice,Nymburk,Středočeský kraj,203,29001
537802,Sloveč,Nymburk,Středočeský kraj,538,28903
537811,Sokoleč,Nymburk,Středočeský kraj,1121,29001
537829,Proseč,Pelhřimov,Kraj Vysočina,70,39601
537837,Stará Lysá,Nymburk,Středočeský kraj,890,28926
537845,Teplička,Karlovy Vary,Karlovarský kraj,103,36464
537853,Straky,Nymburk,Středočeský kraj,529,28925
537861,Stratov,Nymburk,Středočeský kraj,762,28922
537870,Březová,Karlovy Vary,Karlovarský kraj,714,36001
537888,Tatce,Kolín,Středočeský kraj,679,28911
537896,Třebestovice,Nymburk,Středočeský kraj,1334,28912
537900,Úmyslovice,Nymburk,Středočeský kraj,333,29001
537918,Dalovice,Karlovy Vary,Karlovarský kraj,1992,36263
537926,Jenišov,Karlovy Vary,Karlovarský kraj,1116,36001
537934,Mírová,Karlovy Vary,Karlovarský kraj,382,35735
537942,Vestec,Nymburk,Středočeský kraj,359,28933
537951,Vlkov pod Oškobrhem,Nymburk,Středočeský kraj,97,28904
537969,Otovice,Karlovy Vary,Karlovarský kraj,1061,36001
537977,Vrbová Lhota,Nymburk,Středočeský kraj,561,28911
537985,Všechlapy,Nymburk,Středočeský kraj,833,28802
537993,Vykáň,Nymburk,Středočeský kraj,438,28915
538001,Andělská Hora,Karlovy Vary,Karlovarský kraj,408,36471
538019,Černava,Karlovy Vary,Karlovarský kraj,308,36221
538027,Smolné Pece,Karlovy Vary,Karlovarský kraj,242,36225
538035,Žehuň,Kolín,Středočeský kraj,444,28905
538043,Babice,Praha-východ,Středočeský kraj,1529,25101
538051,Bašť,Praha-východ,Středočeský kraj,3071,25085
538086,Bořanovice,Praha-východ,Středočeský kraj,986,25065
538094,Brandýs nad Labem-Stará Boleslav,Praha-východ,Středočeský kraj,20926,25001
538108,Brázdim,Praha-východ,Středočeský kraj,720,25063
538116,Děpoltovice,Karlovy Vary,Karlovarský kraj,466,36225
538132,Čelákovice,Praha-východ,Středočeský kraj,12507,25088
538141,Čestlice,Praha-východ,Středočeský kraj,778,25101
538159,Hájek,Karlovy Vary,Karlovarský kraj,643,36301
538167,Dobřejovice,Praha-východ,Středočeský kraj,1356,25101
538183,Kbelany,Plzeň-sever,Plzeňský kraj,127,33023
538191,Dřevčice,Praha-východ,Středočeský kraj,764,25001
538221,Horoušany,Praha-východ,Středočeský kraj,2155,25082
538230,Hovorčovice,Praha-východ,Středočeský kraj,2657,25064
538248,Hrusice,Praha-východ,Středočeský kraj,964,25166
538256,Husinec,Praha-východ,Středočeský kraj,1578,25068
538264,Jenštejn,Praha-východ,Středočeský kraj,1526,25073|25091
538272,Jirny,Praha-východ,Středočeský kraj,3280,25090
538281,Kaliště,Praha-východ,Středočeský kraj,384,25165
538299,Kamenice,Praha-východ,Středočeský kraj,5307,25168
538311,Klecany,Praha-východ,Středočeský kraj,3997,25067
538329,Klíčany,Praha-východ,Středočeský kraj,665,25069
538337,Krásno,Sokolov,Karlovarský kraj,712,35731
538345,Kojetice,Mělník,Středočeský kraj,1050,25072
538370,Kostelec u Křížků,Praha-východ,Středočeský kraj,784,25168
538396,Šabina,Sokolov,Karlovarský kraj,394,35601|35751
538418,Křížkový Újezdec,Praha-východ,Středočeský kraj,338,25168
538426,Kunice,Praha-východ,Středočeský kraj,1946,25163|25164|25169
538434,Svatava,Sokolov,Karlovarský kraj,1593,35703
538442,Líbeznice,Praha-východ,Středočeský kraj,3303,25065
538451,Louňovice,Praha-východ,Středočeský kraj,1296,25162
538469,Máslovice,Praha-východ,Středočeský kraj,396,25069|25266
538477,Měšice,Praha-východ,Středočeský kraj,2211,25064
538485,Mirošovice,Praha-východ,Středočeský kraj,1531,25166
538493,Mnichovice,Praha-východ,Středočeský kraj,4206,25164
538507,Mochov,Praha-východ,Středočeský kraj,1642,25087
538515,Mratín,Praha-východ,Středočeský kraj,1394,25063
538523,Mukařov,Praha-východ,Středočeský kraj,3036,25162
538540,Nehvizdy,Praha-východ,Středočeský kraj,4528,25081
538558,Nová Ves,Praha-východ,Středočeský kraj,1578,25063
538566,Nový Vestec,Praha-východ,Středočeský kraj,515,25075
538574,Odolena Voda,Praha-východ,Středočeský kraj,6639,25070
538582,Ondřejov,Praha-východ,Středočeský kraj,1867,25165|25166
538591,Dolní Rychnov,Sokolov,Karlovarský kraj,1280,35604
538604,Panenské Břežany,Praha-východ,Středočeský kraj,684,25070
538612,Petříkov,Praha-východ,Středočeský kraj,648,25169
538621,Podolanka,Praha-východ,Středočeský kraj,639,25073
538639,Polerady,Praha-východ,Středočeský kraj,876,25063
538647,Postřižín,Mělník,Středočeský kraj,2033,25070
538655,Předboj,Praha-východ,Středočeský kraj,1453,25072
538663,Tatrovice,Sokolov,Karlovarský kraj,166,35735
538671,Přezletice,Praha-východ,Středočeský kraj,2495,25073
538680,Pyšely,Benešov,Středočeský kraj,2361,25167|25722
538698,Radějovice,Praha-východ,Středočeský kraj,540,25168
538701,Radonice,Praha-východ,Středočeský kraj,1159,25073|25074
538710,Řehenice,Benešov,Středočeský kraj,572,25167|25168
538728,Říčany,Praha-východ,Středočeský kraj,17314,25101
538744,Březnice,Zlín,Zlínský kraj,1470,76001
538752,Senohraby,Praha-východ,Středočeský kraj,1404,25166
538761,Sibřina,Praha-východ,Středočeský kraj,1089,25084
538779,Sluhy,Praha-východ,Středočeský kraj,743,25063
538787,Sluštice,Praha-východ,Středočeský kraj,758,25084
538795,Krásná,Cheb,Karlovarský kraj,632,35201
538809,Strančice,Praha-východ,Středočeský kraj,2990,25163
538817,Podhradí,Cheb,Karlovarský kraj,219,35201
538825,Struhařov,Praha-východ,Středočeský kraj,1024,25164
538833,Sulice,Praha-východ,Středočeský kraj,2716,25168
538841,Světice,Praha-východ,Středočeský kraj,1457,25101
538850,Svojetice,Praha-východ,Středočeský kraj,1410,25162
538868,Pomezí nad Ohří,Cheb,Karlovarský kraj,378,35002
538876,Šestajovice,Praha-východ,Středočeský kraj,4220,25092
538884,Škvorec,Praha-východ,Středočeský kraj,2269,25083
538892,Tehov,Praha-východ,Středočeský kraj,1196,25101
538906,Milíkov,Cheb,Karlovarský kraj,293,35002
538914,Lázně Toušeň,Praha-východ,Středočeský kraj,1500,25089
538922,Okrouhlá,Cheb,Karlovarský kraj,266,35002
538957,Úvaly,Praha-východ,Středočeský kraj,7507,25082
538965,Veleň,Praha-východ,Středočeský kraj,2072,25063
538973,Veliká Ves,Praha-východ,Středočeský kraj,402,25070
538981,Velké Popovice,Praha-východ,Středočeský kraj,3338,25169
538990,Větrušice,Praha-východ,Středočeský kraj,719,25067
539015,Vodochody,Praha-východ,Středočeský kraj,849,25069
539023,Třebeň,Cheb,Karlovarský kraj,484,35002|35134
539031,Všestary,Praha-východ,Středočeský kraj,1044,25163
539040,Vyšehořovice,Praha-východ,Středočeský kraj,682,25087
539058,Zdiby,Praha-východ,Středočeský kraj,4088,25066
539066,Zeleneč,Praha-východ,Středočeský kraj,3197,25091
539074,Vojtanov,Cheb,Karlovarský kraj,248,35002|35134
539082,Zlonín,Praha-východ,Středočeský kraj,1421,25064
539091,Zvánovice,Praha-východ,Středočeský kraj,619,25165
539104,Bojanovice,Praha-západ,Středočeský kraj,495,25206|26203|26205
539112,Stará Voda,Cheb,Karlovarský kraj,494,35002|35301
539121,Černolice,Praha-západ,Středočeský kraj,591,25210
539139,Černošice,Praha-západ,Středočeský kraj,7781,25226|25228
539147,Číčovice,Praha-západ,Středočeský kraj,335,25268
539155,Čisovice,Praha-západ,Středočeský kraj,1182,25204|25210
539163,Davle,Praha-západ,Středočeský kraj,1911,25206
539171,Dobrovíz,Praha-západ,Středočeský kraj,570,25261
539180,Dobříč,Praha-západ,Středočeský kraj,461,25225
539198,Dobřichovice,Praha-západ,Středočeský kraj,3821,25229
539201,Dolany nad Vltavou,Mělník,Středočeský kraj,939,27801
539210,Dolní Břežany,Praha-západ,Středočeský kraj,4806,25241|25246
539228,Holubice,Praha-západ,Středočeský kraj,2200,25265
539236,Horoměřice,Praha-západ,Středočeský kraj,5586,25262
539244,Hostivice,Praha-západ,Středočeský kraj,9266,25301
539252,Hradištko,Praha-západ,Středočeský kraj,2543,25209
539261,Hvozdnice,Praha-západ,Středočeský kraj,586,25205|25210
539279,Velká Hleďsebe,Cheb,Karlovarský kraj,2483,35301
539287,Choteč,Praha-západ,Středočeský kraj,367,25226
539295,Chrášťany,Praha-západ,Středočeský kraj,1257,25219
539309,Chýně,Praha-západ,Středočeský kraj,5168,25303
539317,Jeneč,Praha-západ,Středočeský kraj,1353,25261
539325,Jesenice,Praha-západ,Středočeský kraj,10625,14900|25242
539333,Jílové u Prahy,Praha-západ,Středočeský kraj,5301,25401
539341,Jíloviště,Praha-západ,Středočeský kraj,689,25202
539350,Jinočany,Praha-západ,Středočeský kraj,2427,25225
539368,Kamenný Přívoz,Praha-západ,Středočeský kraj,1612,25282
539376,Vlkovice,Cheb,Karlovarský kraj,120,35301
539384,Kněževes,Praha-západ,Středočeský kraj,653,25268
539392,Kosoř,Praha-západ,Středočeský kraj,864,25226
539406,Lety,Praha-západ,Středočeský kraj,1697,25229|25230
539414,Libčice nad Vltavou,Praha-západ,Středočeský kraj,3575,25266
539422,Libeř,Praha-západ,Středočeský kraj,1655,25241|25401
539431,Zádub-Závišín,Cheb,Karlovarský kraj,430,35301
539457,Líšnice,Praha-západ,Středočeský kraj,798,25203|25210
539473,Ovesné Kladruby,Cheb,Karlovarský kraj,149,35301
539481,Valy,Cheb,Karlovarský kraj,468,35301
539490,Měchenice,Praha-západ,Středočeský kraj,875,25206
539503,Ohrobec,Praha-západ,Středočeský kraj,1617,25245|25246
539511,Okrouhlo,Praha-západ,Středočeský kraj,813,25401
539520,Ořech,Praha-západ,Středočeský kraj,957,25225
539538,Prameny,Cheb,Karlovarský kraj,89,35301
539546,Petrov,Praha-západ,Středočeský kraj,841,25206|25281|25401
539554,Odrava,Cheb,Karlovarský kraj,238,35002
539562,Pohoří,Praha-západ,Středočeský kraj,426,25401
539571,Průhonice,Praha-západ,Středočeský kraj,2867,25243
539597,Psáry,Praha-západ,Středočeský kraj,4322,25244
539619,Tuřany,Cheb,Karlovarský kraj,137,35002
539627,Roztoky,Praha-západ,Středočeský kraj,9147,25263
539643,Řevnice,Praha-západ,Středočeský kraj,3786,25230
539651,Řitka,Praha-západ,Středočeský kraj,1411,25203
539660,Slapy,Praha-západ,Středočeský kraj,925,25208
539686,Statenice,Praha-západ,Středočeský kraj,1649,25262
539708,Středokluky,Praha-západ,Středočeský kraj,1299,25268
539716,Měcholupy,Plzeň-jih,Plzeňský kraj,206,33551
539732,Štěchovice,Praha-západ,Středočeský kraj,2208,25207|25208
539741,Štěnovický Borek,Plzeň-město,Plzeňský kraj,629,33209
539759,Třebotov,Praha-západ,Středočeský kraj,1531,25226|25228
539767,Tuchoměřice,Praha-západ,Středočeský kraj,1718,25267
539775,Tursko,Praha-západ,Středočeský kraj,998,25265
539783,Oplot,Plzeň-jih,Plzeňský kraj,349,33401
539805,Únětice,Praha-západ,Středočeský kraj,919,25262
539813,Velké Přílepy,Praha-západ,Středočeský kraj,3598,25264
539821,Horní Lukavice,Plzeň-jih,Plzeňský kraj,507,33401
539830,Vonoklasy,Praha-západ,Středočeský kraj,567,25228
539848,Vrané nad Vltavou,Praha-západ,Středočeský kraj,2688,25245|25246
539856,Všenory,Praha-západ,Středočeský kraj,1778,25231
539872,Zbuzany,Praha-západ,Středočeský kraj,1416,25225
539881,Zlatníky-Hodkovice,Praha-západ,Středočeský kraj,1392,25241
539902,Zvole,Praha-západ,Středočeský kraj,1985,25245
539911,Příbram,Příbram,Středočeský kraj,32917,26101|26231|26241
539929,Týniště,Plzeň-jih,Plzeňský kraj,52,33401
539937,Skašov,Plzeň-jih,Plzeňský kraj,224,33601
539945,Dolce,Plzeň-jih,Plzeňský kraj,300,33401
539953,Bohutín,Příbram,Středočeský kraj,2030,26241
539961,Libina,Šumperk,Olomoucký kraj,3230,78805|78974
539970,Borotice,Příbram,Středočeský kraj,416,26203|26215|26301
539988,Bratkovice,Příbram,Středočeský kraj,334,26223
540005,Lipinka,Olomouc,Olomoucký kraj,182,78383
540013,Březnice,Příbram,Středočeský kraj,3546,26272
540021,Buková u Příbramě,Příbram,Středočeský kraj,459,26223
540030,Lipová-lázně,Jeseník,Olomoucký kraj,2020,79061|79063
540048,Buš,Praha-západ,Středočeský kraj,339,25208
540056,Střelice,Plzeň-jih,Plzeňský kraj,151,33301
540064,Lisov,Plzeň-jih,Plzeňský kraj,142,33301
540072,Čenkov,Příbram,Středočeský kraj,403,26223
540081,Čím,Příbram,Středočeský kraj,405,26203
540099,Daleké Dušníky,Příbram,Středočeský kraj,443,26301
540102,Nezdřev,Plzeň-jih,Plzeňský kraj,103,33544
540111,Dobříš,Příbram,Středočeský kraj,8882,26202|26301
540129,Dolní Hbity,Příbram,Středočeský kraj,912,26262|26263
540137,Životice,Plzeň-jih,Plzeňský kraj,56,33544
540145,Drahlín,Příbram,Středočeský kraj,578,26101
540153,Drásov,Příbram,Středočeský kraj,436,26101
540161,Líšnice,Šumperk,Olomoucký kraj,421,78985
540170,Drevníky,Příbram,Středočeský kraj,414,26301
540188,Drhovy,Příbram,Středočeský kraj,314,26301
540196,Loštice,Šumperk,Olomoucký kraj,3078,78983
540200,Kozlovice,Plzeň-jih,Plzeňský kraj,100,33501
540218,Dublovice,Příbram,Středočeský kraj,1094,26251|26256|26401
540226,Loučná nad Desnou,Šumperk,Olomoucký kraj,1409,78811
540234,Lukavice,Šumperk,Olomoucký kraj,869,78901
540242,Hluboš,Příbram,Středočeský kraj,692,26101|26222|26223
540251,Drahkov,Plzeň-jih,Plzeňský kraj,137,33601
540269,Nová Ves,Plzeň-jih,Plzeňský kraj,294,33441
540285,Hřiměždice,Příbram,Středočeský kraj,423,26214|26301
540293,Otěšice,Plzeň-jih,Plzeňský kraj,149,33401
540307,Chlumy,Plzeň-jih,Plzeňský kraj,100,33501
540315,Hvožďany,Příbram,Středočeský kraj,795,26242|26244
540323,Chotilsko,Příbram,Středočeský kraj,598,26203
540331,Malá Morava,Šumperk,Olomoucký kraj,511,78833
540340,Nebílovy,Plzeň-jih,Plzeňský kraj,390,33204
540358,Chraštice,Příbram,Středočeský kraj,251,26272
540366,Maletín,Šumperk,Olomoucký kraj,449,78901
540374,Jablonná,Příbram,Středočeský kraj,419,26263
540382,Mikulovice,Jeseník,Olomoucký kraj,2462,79084
540391,Jesenice,Příbram,Středočeský kraj,556,26401
540404,Jince,Příbram,Středočeský kraj,2468,26223
540412,Předenice,Plzeň-jih,Plzeňský kraj,254,33209
540421,Radkovice,Plzeň-jih,Plzeňský kraj,113,33401
540439,Kamýk nad Vltavou,Příbram,Středočeský kraj,1010,26263
540447,Klučenice,Příbram,Středočeský kraj,481,26256
540463,Bolkov,Plzeň-jih,Plzeňský kraj,59,33401
540471,Mohelnice,Šumperk,Olomoucký kraj,9886,78985
540480,Moravičany,Šumperk,Olomoucký kraj,1385,78982
540498,Kosova Hora,Příbram,Středočeský kraj,1350,26291|26401
540501,Nový Malín,Šumperk,Olomoucký kraj,3637,78803
540510,Olšany,Šumperk,Olomoucký kraj,1017,78962
540528,Únětice,Plzeň-jih,Plzeňský kraj,166,33601
540536,Kozárovice,Příbram,Středočeský kraj,411,26272|26284
540544,Oskava,Šumperk,Olomoucký kraj,1283,78801
540552,Krásná Hora nad Vltavou,Příbram,Středočeský kraj,1144,26256
540561,Letkov,Plzeň-město,Plzeňský kraj,918,32600
540579,Křepenice,Příbram,Středočeský kraj,212,26401
540587,Křešín,Příbram,Středočeský kraj,152,26223
540595,Palonín,Šumperk,Olomoucký kraj,346,78983
540609,Pavlov,Šumperk,Olomoucký kraj,663,78985
540617,Líšina,Plzeň-jih,Plzeňský kraj,154,33301
540625,Láz,Příbram,Středočeský kraj,626,26241
540633,Kotovice,Plzeň-jih,Plzeňský kraj,294,33301
540641,Mokrouše,Plzeň-město,Plzeňský kraj,352,33201
540650,Písařov,Šumperk,Olomoucký kraj,728,78991
540668,Honezovice,Plzeň-jih,Plzeňský kraj,294,33301
540676,Srby,Plzeň-jih,Plzeňský kraj,175,33501
540684,Písečná,Jeseník,Olomoucký kraj,1025,79082
540692,Sedliště,Plzeň-jih,Plzeňský kraj,132,33501
540706,Vlčtejn,Plzeň-jih,Plzeňský kraj,93,33204
540714,Malá Hraštice,Příbram,Středočeský kraj,1166,26203
540722,Smědčice,Rokycany,Plzeňský kraj,314,33824
540731,Police,Šumperk,Olomoucký kraj,244,78973
540749,Milešov,Příbram,Středočeský kraj,325,26256
540757,Milín,Příbram,Středočeský kraj,2184,26231|26263
540765,Mníšek pod Brdy,Praha-západ,Středočeský kraj,6377,25210
540773,Postřelmov,Šumperk,Olomoucký kraj,2894,78969
540781,Mokrovraty,Příbram,Středočeský kraj,797,26203
540790,Nalžovice,Příbram,Středočeský kraj,628,26293|26401
540803,Chlum,Rokycany,Plzeňský kraj,50,33808
540811,Nečín,Příbram,Středočeský kraj,778,26213|26301
540820,Nedrahovice,Příbram,Středočeský kraj,475,26401
540846,Nechvalice,Příbram,Středočeský kraj,660,25791|26401|39901
540854,Rájec,Šumperk,Olomoucký kraj,559,78901
540862,Rapotín,Šumperk,Olomoucký kraj,3322,78701|78813|78814
540871,Rohle,Šumperk,Olomoucký kraj,615,78974
540889,Nová Ves pod Pleší,Příbram,Středočeský kraj,1604,26204
540897,Nové Dvory,Příbram,Středočeský kraj,277,26203
540901,Nový Knín,Příbram,Středočeský kraj,2156,26203
540919,Rovensko,Šumperk,Olomoucký kraj,815,78901
540927,Čilá,Rokycany,Plzeňský kraj,20,33808
540935,Obecnice,Příbram,Středočeský kraj,1260,26101|26221
540943,Obory,Příbram,Středočeský kraj,280,26301
540951,Obořiště,Příbram,Středočeský kraj,721,26212|26301
540960,Ohrazenice,Příbram,Středočeský kraj,308,26223
540978,Ruda nad Moravou,Šumperk,Olomoucký kraj,2498,78963
540986,Sobotín,Šumperk,Olomoucký kraj,1154,78816
541001,Hradiště,Rokycany,Plzeňský kraj,46,33808
541010,Ouběnice,Příbram,Středočeský kraj,255,26301
541028,Pečice,Příbram,Středočeský kraj,405,26231|26232
541036,Stará Červená Voda,Jeseník,Olomoucký kraj,590,79053
541044,Petrovice,Příbram,Středočeský kraj,1334,26255|26401|39901
541052,Pičín,Příbram,Středočeský kraj,655,26223|26225
541061,Zvíkovec,Rokycany,Plzeňský kraj,201,33808
541079,Staré Město,Šumperk,Olomoucký kraj,1667,78832
541087,Počepice,Příbram,Středočeský kraj,549,26255|26401
541095,Bezděkov,Rokycany,Plzeňský kraj,162,33824
541109,Sudkov,Šumperk,Olomoucký kraj,1186,78821
541117,Supíkovice,Jeseník,Olomoucký kraj,637,79051
541125,Svébohov,Šumperk,Olomoucký kraj,418,78901
541133,Prosenická Lhota,Příbram,Středočeský kraj,534,26401
541141,Chomle,Rokycany,Plzeňský kraj,79,33828
541150,Kamenný Újezd,Rokycany,Plzeňský kraj,983,33701|33842
541168,Štíty,Šumperk,Olomoucký kraj,1892,78901|78991
541176,Svojkovice,Rokycany,Plzeňský kraj,500,33822
541192,Nevid,Rokycany,Plzeňský kraj,191,33701
541206,Rosovice,Příbram,Středočeský kraj,898,26211|26301
541214,Uhelná,Jeseník,Olomoucký kraj,470,79065|79070
541222,Úsov,Šumperk,Olomoucký kraj,1162,78973
541231,Rožmitál pod Třemšínem,Příbram,Středočeský kraj,4255,26242
541249,Vápenná,Jeseník,Olomoucký kraj,1161,79064
541257,Rybníky,Příbram,Středočeský kraj,478,26301
541265,Velké Losiny,Šumperk,Olomoucký kraj,2460,78815
541273,Sádek,Příbram,Středočeský kraj,246,26101
541281,Sedlčany,Příbram,Středočeský kraj,6784,26401
541290,Horní Kozolupy,Tachov,Plzeňský kraj,255,34901|34952
541303,Vidnava,Jeseník,Olomoucký kraj,1192,79055
541311,Smolotely,Příbram,Středočeský kraj,306,26263
541320,Solenice,Příbram,Středočeský kraj,353,26263
541338,Stará Huť,Příbram,Středočeský kraj,1677,26202
541346,Vlčice,Jeseník,Olomoucký kraj,452,79065
541354,Zábřeh,Šumperk,Olomoucký kraj,13157,78901
541362,Zadní Chodov,Tachov,Plzeňský kraj,240,34815
541371,Suchodol,Příbram,Středočeský kraj,434,26101
541389,Svaté Pole,Příbram,Středočeský kraj,551,26301
541397,Svatý Jan,Příbram,Středočeský kraj,636,26256|26263
541401,Broumov,Tachov,Plzeňský kraj,137,34815
541419,Štětkovice,Příbram,Středočeský kraj,347,26401
541427,Tochovice,Příbram,Středočeský kraj,670,26272|26281
541435,Únehle,Tachov,Plzeňský kraj,140,34901
541443,Obora,Tachov,Plzeňský kraj,180,34701
541451,Třebsko,Příbram,Středočeský kraj,282,26242
541460,Zhoř,Tachov,Plzeňský kraj,176,34901
541478,Zvole,Šumperk,Olomoucký kraj,857,78901
541486,Prostiboř,Tachov,Plzeňský kraj,249,34901
541494,Kokašice,Tachov,Plzeňský kraj,282,34952|34953
541508,Věšín,Příbram,Středočeský kraj,685,26242|26243
541516,Višňová,Příbram,Středočeský kraj,720,26101|26261
541524,Volenice,Příbram,Středočeský kraj,376,26272
541532,Milíře,Tachov,Plzeňský kraj,227,34701
541541,Voznice,Příbram,Středočeský kraj,744,25210|26301
541559,Kočov,Tachov,Plzeňský kraj,225,34815
541567,Vranovice,Příbram,Středočeský kraj,336,26242
541575,Žulová,Jeseník,Olomoucký kraj,1119,79065
541583,Vysoká u Příbramě,Příbram,Středočeský kraj,365,26242
541591,Vysoký Chlumec,Příbram,Středočeský kraj,790,26252|26401
541605,Brod nad Tichou,Tachov,Plzeňský kraj,254,34815
541613,Zalužany,Příbram,Středočeský kraj,325,26272|26284
541621,Tisová,Tachov,Plzeňský kraj,542,34801
541630,Vsetín,Vsetín,Zlínský kraj,24974,75501
541648,Branky,Vsetín,Zlínský kraj,1029,75645
541656,Rakovník,Rakovník,Středočeský kraj,15745,26901|27036
541664,Záchlumí,Tachov,Plzeňský kraj,477,34901
541672,Branov,Rakovník,Středočeský kraj,196,27023
541681,Ošelín,Tachov,Plzeňský kraj,162,34802|34901
541699,Čistá,Rakovník,Středočeský kraj,907,27034
541702,Lom u Tachova,Tachov,Plzeňský kraj,501,34701
541711,Bystřička,Vsetín,Zlínský kraj,1038,75624
541729,Hořesedly,Rakovník,Středočeský kraj,428,27004
541737,Hořovičky,Rakovník,Středočeský kraj,491,27004
541745,Myslovice,Klatovy,Plzeňský kraj,128,33901
541753,Ježovy,Klatovy,Plzeňský kraj,207,34012
541761,Hřebečníky,Rakovník,Středočeský kraj,244,27041
541770,Hředle,Rakovník,Středočeský kraj,570,27008
541788,Poleň,Klatovy,Plzeňský kraj,297,33901
541796,Hejná,Klatovy,Plzeňský kraj,153,34101
541800,Dolní Bečva,Vsetín,Zlínský kraj,1919,75655|75661
541818,Chrášťany,Rakovník,Středočeský kraj,688,27001
541826,Kejnice,Klatovy,Plzeňský kraj,100,34101
541834,Jesenice,Rakovník,Středočeský kraj,1638,27033
541842,Běhařov,Klatovy,Plzeňský kraj,191,34021
541851,Klenová,Klatovy,Plzeňský kraj,105,34021
541869,Javor,Klatovy,Plzeňský kraj,82,34021
541877,Kněževes,Rakovník,Středočeský kraj,1025,27001
541885,Týnec,Klatovy,Plzeňský kraj,365,34021
541893,Kolešovice,Rakovník,Středočeský kraj,840,27002|27004
541907,Kounov,Rakovník,Středočeský kraj,556,27006
541915,Obytce,Klatovy,Plzeňský kraj,238,33901
541923,Břežany,Klatovy,Plzeňský kraj,210,34101
541931,Kvášňovice,Klatovy,Plzeňský kraj,125,34101
541940,Kroučová,Rakovník,Středočeský kraj,285,27054
541958,Olšany,Klatovy,Plzeňský kraj,197,34101
541966,Krupá,Rakovník,Středočeský kraj,459,27009
541974,Krušovice,Rakovník,Středočeský kraj,634,27053
541982,Křivoklát,Rakovník,Středočeský kraj,655,27023
541991,Lány,Kladno,Středočeský kraj,2294,27061|27101
542008,Lašovice,Rakovník,Středočeský kraj,129,27021
542016,Lišany,Rakovník,Středočeský kraj,694,26901|27052
542024,Číhaň,Klatovy,Plzeňský kraj,222,34142
542032,Lubná,Rakovník,Středočeský kraj,1119,27036
542041,Lužná,Rakovník,Středočeský kraj,1988,26901|27051
542059,Mlýnské Struhadlo,Klatovy,Plzeňský kraj,56,33901
542067,Městečko,Rakovník,Středočeský kraj,447,27023
542075,Milostín,Rakovník,Středočeský kraj,312,27004
542083,Hnačov,Klatovy,Plzeňský kraj,83,34034
542091,Horská Kvilda,Klatovy,Plzeňský kraj,69,34192|38501
542105,Mšec,Rakovník,Středočeský kraj,879,27064
542113,Mšecké Žehrovice,Rakovník,Středočeský kraj,664,27064
542121,Mutějovice,Rakovník,Středočeský kraj,855,27007
542130,Nesuchyně,Rakovník,Středočeský kraj,452,27007
542148,Modrava,Klatovy,Plzeňský kraj,103,34192
542156,Borovy,Plzeň-jih,Plzeňský kraj,217,33401
542164,Nové Strašecí,Rakovník,Středočeský kraj,5710,27101
542172,Červené Poříčí,Klatovy,Plzeňský kraj,235,34012
542181,Nový Dům,Rakovník,Středočeský kraj,176,26901
542199,Olešná,Rakovník,Středočeský kraj,654,26901
542202,Oráčov,Rakovník,Středočeský kraj,389,27032|27033
542211,Panoší Újezd,Rakovník,Středočeský kraj,274,27021
542229,Petrovice,Rakovník,Středočeský kraj,277,27035
542237,Pochvalov,Rakovník,Středočeský kraj,232,27055
542253,Příčina,Rakovník,Středočeský kraj,210,27035
542270,Pšovlky,Rakovník,Středočeský kraj,259,27031
542288,Pustověty,Rakovník,Středočeský kraj,116,27023
542296,Nezdice,Plzeň-jih,Plzeňský kraj,206,33401
542318,Blazice,Kroměříž,Zlínský kraj,218,76861
542326,Ruda,Rakovník,Středočeský kraj,824,26901|27101
542334,Rynholec,Rakovník,Středočeský kraj,1097,27062|27101
542342,Honětice,Kroměříž,Zlínský kraj,82,76813
542351,Řevničov,Rakovník,Středočeský kraj,1537,27054|27101
542369,Senec,Rakovník,Středočeský kraj,273,27035|27036
542377,Senomaty,Rakovník,Středočeský kraj,1307,27031|27035
542385,Skryje,Rakovník,Středočeský kraj,160,27042
542393,Vrbka,Kroměříž,Zlínský kraj,194,76821
542407,Trnovany,Litoměřice,Ústecký kraj,481,41201
542415,Slabce,Rakovník,Středočeský kraj,734,27041
542423,Černouček,Litoměřice,Ústecký kraj,343,41301
542431,Srbeč,Rakovník,Středočeský kraj,317,27065
542440,Oleško,Litoměřice,Ústecký kraj,101,41201
542458,Svojetín,Rakovník,Středočeský kraj,365,27004
542466,Sýkořice,Rakovník,Středočeský kraj,587,27024
542474,Šanov,Rakovník,Středočeský kraj,566,27031
542482,Záluží,Litoměřice,Ústecký kraj,220,41301
542491,Malíč,Litoměřice,Ústecký kraj,192,41201
542504,Třeboc,Rakovník,Středočeský kraj,161,27054
542512,Třtice,Rakovník,Středočeský kraj,525,27101
542521,Michalovice,Litoměřice,Ústecký kraj,177,41201
542539,Píšťany,Litoměřice,Ústecký kraj,219,41101
542547,Blšany u Loun,Louny,Ústecký kraj,408,44001
542555,Opočno,Louny,Ústecký kraj,117,44001
542563,Velká Buková,Rakovník,Středočeský kraj,279,27023
542571,Cítoliby,Louny,Ústecký kraj,1093,43902
542580,Obora,Louny,Ústecký kraj,440,44001
542598,Všetaty,Rakovník,Středočeský kraj,310,27021
542601,Zavidov,Rakovník,Středočeský kraj,372,27035
542610,Zbečno,Rakovník,Středočeský kraj,627,27024
542628,Černčice,Louny,Ústecký kraj,1311,43901
542636,Nová Ves,Louny,Ústecký kraj,125,44001
542644,Francova Lhota,Vsetín,Zlínský kraj,1463,75612|75614
542679,Halenkov,Vsetín,Zlínský kraj,2354,75603
542687,Horní Bečva,Vsetín,Zlínský kraj,2435,75657
542725,Horní Lideč,Vsetín,Zlínský kraj,1317,75612
542750,Hošťálková,Vsetín,Zlínský kraj,2289,75622
542768,Hovězí,Vsetín,Zlínský kraj,2329,75601
542784,Huslenky,Vsetín,Zlínský kraj,2159,75602
542814,Hutisko-Solanec,Vsetín,Zlínský kraj,1947,75662
542831,Choryně,Vsetín,Zlínský kraj,752,75642
542865,Jablůnka,Vsetín,Zlínský kraj,2067,75623
542903,Jarcová,Vsetín,Zlínský kraj,848,75624|75701
542911,Karolinka,Vsetín,Zlínský kraj,2340,75605
542946,Kateřinice,Vsetín,Zlínský kraj,1084,75621
542989,Kelč,Vsetín,Zlínský kraj,2700,75643
542997,Kladeruby,Vsetín,Zlínský kraj,488,75643
543012,Žerotín,Louny,Ústecký kraj,226,44001
543021,Kunovice,Vsetín,Zlínský kraj,660,75644
543098,Lačnov,Vsetín,Zlínský kraj,851,75612
543128,Staňkovice,Louny,Ústecký kraj,1148,43801|43949|44001
543543,Hruška,Prostějov,Olomoucký kraj,249,79827
544248,Pavlíkov,Rakovník,Středočeský kraj,1071,26901|27021
544256,České Budějovice,České Budějovice,Jihočeský kraj,97128,37001|37004|37005|37006|37007|37008|37010|37011
544264,Leskovec,Vsetín,Zlínský kraj,676,75611
544272,Borek,České Budějovice,Jihočeský kraj,1583,37367
544281,Borovany,České Budějovice,Jihočeský kraj,4168,37312
544299,Boršov nad Vltavou,České Budějovice,Jihočeský kraj,2143,37001|37382
544302,Lešná,Vsetín,Zlínský kraj,2159,75641|75701
544329,Čejkovice,České Budějovice,Jihočeský kraj,397,37341
544337,Hamr na Jezeře,Česká Lípa,Liberecký kraj,473,47128
544345,Proseč pod Ještědem,Liberec,Liberecký kraj,452,46343
544353,Heřmanice,Liberec,Liberecký kraj,286,46401
544361,Dívčice,České Budějovice,Jihočeský kraj,627,37348
544370,Lidečko,Vsetín,Zlínský kraj,1813,75612
544388,Dolní Bukovsko,České Budějovice,Jihočeský kraj,1731,37341|37365
544396,Liptál,Vsetín,Zlínský kraj,1547,75631
544400,Doudleby,České Budějovice,Jihočeský kraj,456,37007
544418,Loučka,Vsetín,Zlínský kraj,768,75644
544426,Dříteň,České Budějovice,Jihočeský kraj,1734,37348|37351|37501
544434,Lužná,Vsetín,Zlínský kraj,615,75611
544442,Dubné,České Budějovice,Jihočeský kraj,1763,37341|37384
544451,Dynín,České Budějovice,Jihočeský kraj,386,37364|37365
544469,Malá Bystřice,Vsetín,Zlínský kraj,320,75627
544477,Stráž nad Nisou,Liberec,Liberecký kraj,2448,46001|46303
544485,Hluboká nad Vltavou,České Budějovice,Jihočeský kraj,5679,37341|37343
544493,Homole,České Budějovice,Jihočeský kraj,1727,37001
544507,Mikulůvka,Vsetín,Zlínský kraj,824,75624
544515,Horní Stropnice,České Budějovice,Jihočeský kraj,1485,37335|37336|37401
544523,Hosín,České Budějovice,Jihočeský kraj,970,37341|37361
544531,Čtveřín,Liberec,Liberecký kraj,601,46345
544540,Hranice,České Budějovice,Jihočeský kraj,213,37401
544558,Hrdějovice,České Budějovice,Jihočeský kraj,1517,37010|37341|37361|37367
544566,Nový Hrozenkov,Vsetín,Zlínský kraj,2480,75604
544574,Oznice,Vsetín,Zlínský kraj,524,75624
544582,Radimovice,Liberec,Liberecký kraj,360,46344
544591,Chrášťany,České Budějovice,Jihočeský kraj,721,37304|37501
544604,Žďárek,Liberec,Liberecký kraj,165,46344
544612,Jankov,České Budějovice,Jihočeský kraj,393,37384
544621,Police,Vsetín,Zlínský kraj,617,75644
544639,Jílovice,České Budějovice,Jihočeský kraj,1120,37312|37332|37901
544647,Bynovec,Děčín,Ústecký kraj,346,40502
544655,Pozděchov,Vsetín,Zlínský kraj,582,75611
544663,Kamenný Újezd,České Budějovice,Jihočeský kraj,2697,37007|37381|37382
544671,Prlov,Vsetín,Zlínský kraj,505,75611
544680,Janov,Děčín,Ústecký kraj,324,40502
544698,Prostřední Bečva,Vsetín,Zlínský kraj,1825,75656
544701,Labská Stráň,Děčín,Ústecký kraj,239,40502
544710,Vincencov,Prostějov,Olomoucký kraj,123,79804
544728,Pržno,Vsetín,Zlínský kraj,602,75623
544736,Ledenice,České Budějovice,Jihočeský kraj,2528,37006|37311|37312
544744,Libín,České Budějovice,Jihočeský kraj,431,37373|37901
544752,Příštpo,Třebíč,Kraj Vysočina,256,67551
544761,Lipí,České Budějovice,Jihočeský kraj,690,37384
544779,Lišov,České Budějovice,Jihočeský kraj,4670,37372|37373
544787,Ratiboř,Vsetín,Zlínský kraj,1830,75621
544795,Litvínovice,České Budějovice,Jihočeský kraj,2782,37001
544809,Ločenice,České Budějovice,Jihočeský kraj,780,37322|37401
544817,Mladošovice,České Budějovice,Jihočeský kraj,427,37312|37901
544825,Nedabyle,České Budějovice,Jihočeský kraj,376,37006|37007|37008
544833,Bačkovice,Třebíč,Kraj Vysočina,85,67532
544841,Rožnov pod Radhoštěm,Vsetín,Zlínský kraj,15916,75661
544850,Růžďka,Vsetín,Zlínský kraj,887,75625
544868,Nové Hrady,České Budějovice,Jihočeský kraj,2432,37333|37401
544876,Lhotice,Třebíč,Kraj Vysočina,153,67531
544884,Olešnice,České Budějovice,Jihočeský kraj,889,37331|37401
544892,Olešník,České Budějovice,Jihočeský kraj,832,37341|37350|37501
544906,Seninka,Vsetín,Zlínský kraj,296,75611
544914,Střelná,Vsetín,Zlínský kraj,539,75612
544922,Střítež nad Bečvou,Vsetín,Zlínský kraj,889,75652
544931,Študlov,Zlín,Zlínský kraj,478,75612
544949,Valašská Bystřice,Vsetín,Zlínský kraj,2197,75627
544957,Lovčovice,Třebíč,Kraj Vysočina,67,67531
544965,Radošovice,České Budějovice,Jihočeský kraj,212,37341
544973,Roudné,České Budějovice,Jihočeský kraj,1545,37007
544981,Rudolfov,České Budějovice,Jihočeský kraj,2617,37001|37371
544990,Valašská Polanka,Vsetín,Zlínský kraj,1477,75611
545007,Římov,České Budějovice,Jihočeský kraj,1045,37007|37324|37401
545015,Sedlec,České Budějovice,Jihočeský kraj,530,37341|37347|37348
545023,Slavče,České Budějovice,Jihočeský kraj,753,37321|37401
545031,Menhartice,Třebíč,Kraj Vysočina,136,67531
545040,Radotice,Třebíč,Kraj Vysočina,108,67532
545058,Valašské Meziříčí,Vsetín,Zlínský kraj,22568,75642|75701
545066,Srubec,České Budějovice,Jihočeský kraj,2971,37006|37316
545074,Staré Hodějovice,České Budějovice,Jihočeský kraj,1370,37006|37008
545082,Strážkovice,České Budějovice,Jihočeský kraj,538,37312|37314|37401
545091,Střížov,České Budějovice,Jihočeský kraj,216,37401
545104,Svatý Jan nad Malší,České Budějovice,Jihočeský kraj,649,37323|37401
545112,Valašské Příkazy,Zlín,Zlínský kraj,313,75612
545121,Ševětín,České Budějovice,Jihočeský kraj,1388,37363|37365
545139,Štěpánovice,České Budějovice,Jihočeský kraj,1019,37373
545147,Velká Lhota,Vsetín,Zlínský kraj,535,75627|75701
545155,Temelín,České Budějovice,Jihočeský kraj,916,37301|37305|37501
545163,Velké Karlovice,Vsetín,Zlínský kraj,2342,75606
545171,Trhové Sviny,České Budějovice,Jihočeský kraj,5292,37401
545180,Slavíkovice,Třebíč,Kraj Vysočina,193,67531
545198,Vidče,Vsetín,Zlínský kraj,1754,75653
545201,Týn nad Vltavou,České Budějovice,Jihočeský kraj,7728,37501
545210,Vigantice,Vsetín,Zlínský kraj,1078,75661
545228,Včelná,České Budějovice,Jihočeský kraj,2286,37382
545236,Zašová,Vsetín,Zlínský kraj,3082,75651
545244,Zděchov,Vsetín,Zlínský kraj,546,75607
545252,Zubří,Vsetín,Zlínský kraj,5603,75654
545261,Vrábče,České Budějovice,Jihočeský kraj,887,37001
545279,Domašov nad Bystřicí,Olomouc,Olomoucký kraj,487,78306
545287,Všemyslice,České Budějovice,Jihočeský kraj,1204,37302|37501
545295,Skalička,Brno-venkov,Jihomoravský kraj,164,66603
545309,Kožichovice,Třebíč,Kraj Vysočina,479,67401
545317,Záboří,České Budějovice,Jihočeský kraj,373,37384
545325,Velký Karlov,Znojmo,Jihomoravský kraj,400,67128
545341,Zliv,České Budějovice,Jihočeský kraj,3426,37344
545368,Žabovřesky,České Budějovice,Jihočeský kraj,454,37341
545376,Žár,České Budějovice,Jihočeský kraj,343,37401
545384,Žimutice,České Budějovice,Jihočeský kraj,622,37365|37366|37501
545392,Český Krumlov,Český Krumlov,Jihočeský kraj,12658,38101
545406,Benešov nad Černou,Český Krumlov,Jihočeský kraj,1366,38241|38282
545414,Besednice,Český Krumlov,Jihočeský kraj,824,38241|38281
545431,Brloh,Český Krumlov,Jihočeský kraj,1044,38203|38206
545449,Bujanov,Český Krumlov,Jihočeský kraj,623,38241
545457,Černá v Pošumaví,Český Krumlov,Jihočeský kraj,828,38223|38226
545465,Dolní Dvořiště,Český Krumlov,Jihočeský kraj,1408,38241|38272
545473,Dolní Třebonín,Český Krumlov,Jihočeský kraj,1356,38201|38232
545481,Frymburk,Český Krumlov,Jihočeský kraj,1347,38226|38279
545490,Holubov,Český Krumlov,Jihočeský kraj,1100,38203
545503,Horní Dvořiště,Český Krumlov,Jihočeský kraj,458,38241|38293
545511,Horní Planá,Český Krumlov,Jihočeský kraj,1933,38226|38451
545520,Hořice na Šumavě,Český Krumlov,Jihočeský kraj,913,38101|38222
545538,Starý Šachov,Děčín,Ústecký kraj,220,40502
545546,Chvalšiny,Český Krumlov,Jihočeský kraj,1211,38101|38203|38208
545554,Kájov,Český Krumlov,Jihočeský kraj,1971,38101|38221
545562,Kaplice,Český Krumlov,Jihočeský kraj,7547,38232|38241
545571,Křemže,Český Krumlov,Jihočeský kraj,3012,38203
545597,Lipno nad Vltavou,Český Krumlov,Jihočeský kraj,668,38278
545601,Loučovice,Český Krumlov,Jihočeský kraj,1469,38273|38276
545619,Malonty,Český Krumlov,Jihočeský kraj,1456,38241|38291
545627,Mirkovice,Český Krumlov,Jihočeský kraj,564,38232
545643,Netřebice,Český Krumlov,Jihočeský kraj,461,38232
545660,Omlenice,Český Krumlov,Jihočeský kraj,606,38241
545678,Markvartice,Děčín,Ústecký kraj,739,40742
545694,Pohorská Ves,Český Krumlov,Jihočeský kraj,231,38241|38283
545708,Lobendava,Děčín,Ústecký kraj,261,40747|40784
545716,Přední Výtoň,Český Krumlov,Jihočeský kraj,180,38273
545724,Přídolí,Český Krumlov,Jihočeský kraj,719,38101
545732,Přísečná,Český Krumlov,Jihočeský kraj,210,38101
545767,Rožmberk nad Vltavou,Český Krumlov,Jihočeský kraj,369,38218
545775,Rožmitál na Šumavě,Český Krumlov,Jihočeský kraj,427,38101|38241|38292
545783,Dobrná,Děčín,Ústecký kraj,450,40741
545791,Merboltice,Děčín,Ústecký kraj,197,40502
545805,Soběnov,Český Krumlov,Jihočeský kraj,371,38241
545813,Světlík,Český Krumlov,Jihočeský kraj,236,38216
545821,Velešín,Český Krumlov,Jihočeský kraj,3846,38232
545830,Větřní,Český Krumlov,Jihočeský kraj,3753,38101|38211
545848,Vyšší Brod,Český Krumlov,Jihočeský kraj,2649,38273
545856,Dolní Habartice,Děčín,Ústecký kraj,603,40502
545864,Zlatá Koruna,Český Krumlov,Jihočeský kraj,799,38101|38202|38232
545872,Zubčice,Český Krumlov,Jihočeský kraj,428,38232
545881,Jindřichův Hradec,Jindřichův Hradec,Jihočeský kraj,20369,37701
545899,Františkov nad Ploučnicí,Děčín,Ústecký kraj,392,40502|40723
545902,Borová Lada,Prachatice,Jihočeský kraj,279,38492|38501
545929,Horní Habartice,Děčín,Ústecký kraj,454,40502
545937,Lažany,Liberec,Liberecký kraj,234,46345
545953,Paceřice,Liberec,Liberecký kraj,401,46344
545996,Černousy,Liberec,Liberecký kraj,312,46373
546011,Jimlín,Louny,Ústecký kraj,887,44001
546020,Budeč,Jindřichův Hradec,Jihočeský kraj,218,37892|38001
546038,Budíškovice,Jindřichův Hradec,Jihočeský kraj,735,37891|38001
546054,Cizkrajov,Jindřichův Hradec,Jihočeský kraj,513,37881
546062,Pesvice,Chomutov,Ústecký kraj,201,43111
546071,Račetice,Chomutov,Ústecký kraj,433,43801
546089,České Velenice,Jindřichův Hradec,Jihočeský kraj,3687,37810
546097,Český Rudolec,Jindřichův Hradec,Jihočeský kraj,862,37853|37881|37883|38001
546101,Číměř,Jindřichův Hradec,Jihočeský kraj,679,37802|37832|37833
546127,Dačice,Jindřichův Hradec,Jihočeský kraj,7118,38001
546143,Dešná,Jindřichův Hradec,Jihočeský kraj,592,37873|37881
546151,Deštná,Jindřichův Hradec,Jihočeský kraj,738,37821|37825
546160,Nezabylice,Chomutov,Ústecký kraj,289,43001
546178,Úherce,Louny,Ústecký kraj,96,44001
546186,Ryjice,Ústí nad Labem,Ústecký kraj,187,40331
546194,Bačkov,Havlíčkův Brod,Kraj Vysočina,113,58291
546216,Jitkov,Havlíčkův Brod,Kraj Vysočina,251,58301
546232,Kozly,Česká Lípa,Liberecký kraj,150,47001
546259,Kvítkov,Česká Lípa,Liberecký kraj,234,47001
546267,Tuhaň,Česká Lípa,Liberecký kraj,264,47201
546275,Slunečná,Česká Lípa,Liberecký kraj,153,47301
546283,Svojkov,Česká Lípa,Liberecký kraj,298,47153
546291,Hatín,Jindřichův Hradec,Jihočeský kraj,258,37701|37802|37901
546305,Heřmaneč,Jindřichův Hradec,Jihočeský kraj,97,37853
546330,Kunratice,Děčín,Ústecký kraj,258,40502
546348,Srbská Kamenice,Děčín,Ústecký kraj,277,40715
546364,Horní Pěna,Jindřichův Hradec,Jihočeský kraj,589,37701|37831
546372,Buková,Plzeň-jih,Plzeňský kraj,253,33452
546381,Horní Radouň,Jindřichův Hradec,Jihočeský kraj,269,37842|37843
546399,Míšov,Plzeň-jih,Plzeňský kraj,111,33563
546402,Hospříz,Jindřichův Hradec,Jihočeský kraj,457,37701
546411,Úherce,Plzeň-sever,Plzeňský kraj,425,33023
546429,Chraberce,Louny,Ústecký kraj,125,44001
546437,Volevčice,Most,Ústecký kraj,135,43401
546445,Hříšice,Jindřichův Hradec,Jihočeský kraj,327,38001
546453,Kámen,Děčín,Ústecký kraj,259,40713
546461,Chlum u Třeboně,Jindřichův Hradec,Jihočeský kraj,1815,37804|37806|37901
546470,Litíč,Trutnov,Královéhradecký kraj,199,54401
546488,Sirá,Rokycany,Plzeňský kraj,149,33701
546496,Ludvíkovice,Děčín,Ústecký kraj,916,40713
546500,Jarošov nad Nežárkou,Jindřichův Hradec,Jihočeský kraj,1078,37841|37842
546518,Loučná pod Klínovcem,Chomutov,Ústecký kraj,214,43191
546526,Těškov,Rokycany,Plzeňský kraj,322,33701
546534,Týček,Rokycany,Plzeňský kraj,262,33808
546542,Kardašova Řečice,Jindřichův Hradec,Jihočeský kraj,2227,37821
546551,Újezd u Svatého Kříže,Rokycany,Plzeňský kraj,241,33824
546577,Pulečný,Jablonec nad Nisou,Liberecký kraj,489,46802
546585,Jiřetín pod Bukovou,Jablonec nad Nisou,Liberecký kraj,431,46843
546593,Nová Ves,Liberec,Liberecký kraj,967,46331
546607,Dětřichov,Liberec,Liberecký kraj,731,46401
546615,Kunžak,Jindřichův Hradec,Jihočeský kraj,1463,37833|37853|37862
546623,Lásenice,Jindřichův Hradec,Jihočeský kraj,556,37801
546631,Bílý Potok,Liberec,Liberecký kraj,693,46362
546658,Janův Důl,Liberec,Liberecký kraj,180,46352
546666,Lodhéřov,Jindřichův Hradec,Jihočeský kraj,712,37701|37826
546674,Lomnice nad Lužnicí,Jindřichův Hradec,Jihočeský kraj,1779,37816|37901
546691,Lkáň,Litoměřice,Ústecký kraj,194,41115
546712,Majdalena,Jindřichův Hradec,Jihočeský kraj,486,37803
546721,Sedlec,Litoměřice,Ústecký kraj,206,41115
546755,Brzánky,Litoměřice,Ústecký kraj,90,41301
546763,Horní Řepčice,Litoměřice,Ústecký kraj,109,41145
546771,Kamýk,Litoměřice,Ústecký kraj,225,41201
546780,Býčkovice,Litoměřice,Ústecký kraj,288,41201
546798,Nová Bystřice,Jindřichův Hradec,Jihočeský kraj,3209,37833|37881
546801,Nová Včelnice,Jindřichův Hradec,Jihočeský kraj,2165,37842
546810,Chudoslavice,Litoměřice,Ústecký kraj,180,41201
546828,Staňkovice,Litoměřice,Ústecký kraj,35,41201
546844,Novosedly nad Nežárkou,Jindřichův Hradec,Jihočeský kraj,694,37802|37817|37901
546852,Černěves,Litoměřice,Ústecký kraj,238,41301
546861,Dobroměřice,Louny,Ústecký kraj,1395,44001
546879,Líšťany,Louny,Ústecký kraj,467,44001
546887,Vršovice,Louny,Ústecký kraj,248,44001
546895,Brodec,Louny,Ústecký kraj,92,44001
546909,Lukov,Teplice,Ústecký kraj,132,41804
546917,Písečné,Jindřichův Hradec,Jihočeský kraj,484,37872|37881
546925,Stebno,Ústí nad Labem,Ústecký kraj,472,40002
546933,Okřešice,Třebíč,Kraj Vysočina,195,67401
546941,Dobšice,Znojmo,Jihomoravský kraj,2225,67182
546950,Nová Pláň,Bruntál,Moravskoslezský kraj,56,79201
546968,Pluhův Žďár,Jindřichův Hradec,Jihočeský kraj,599,37821|37824
546976,Hraničné Petrovice,Olomouc,Olomoucký kraj,136,78306
546984,Bílov,Nový Jičín,Moravskoslezský kraj,620,74301
546992,Popelín,Jindřichův Hradec,Jihočeský kraj,479,37853|37855
547000,Životice u Nového Jičína,Nový Jičín,Moravskoslezský kraj,651,74272
547018,Střeň,Olomouc,Olomoucký kraj,604,78332
547026,Bystrovany,Olomouc,Olomoucký kraj,977,77900
547069,Rapšach,Jindřichův Hradec,Jihočeský kraj,599,37807
547077,Samotišky,Olomouc,Olomoucký kraj,1318,77900
547085,Rodvínov,Jindřichův Hradec,Jihočeský kraj,638,37701
547093,Mutkov,Olomouc,Olomoucký kraj,45,78501
547123,Komárov,Olomouc,Olomoucký kraj,224,78501
547131,Svatoňovice,Opava,Moravskoslezský kraj,251,74787
547166,Slavonice,Jindřichův Hradec,Jihočeský kraj,2207,37881
547182,Kozmice,Opava,Moravskoslezský kraj,1896,74711
547191,Jezdkovice,Opava,Moravskoslezský kraj,236,74755
547204,Staré Hobzí,Jindřichův Hradec,Jihočeský kraj,512,37871|37881|38001
547212,Staré Město pod Landštejnem,Jindřichův Hradec,Jihočeský kraj,466,37881|37882
547221,Stráž nad Nežárkou,Jindřichův Hradec,Jihočeský kraj,877,37802
547239,Strmilov,Jindřichův Hradec,Jihočeský kraj,1381,37853
547247,Stříbřec,Jindřichův Hradec,Jihočeský kraj,419,37818|37901
547255,Švábov,Jihlava,Kraj Vysočina,86,58851
547263,Studená,Jindřichův Hradec,Jihočeský kraj,2177,37853|37856
547280,Suchdol nad Lužnicí,Jindřichův Hradec,Jihočeský kraj,3559,37806
547336,Třeboň,Jindřichův Hradec,Jihočeský kraj,8249,37901
547433,Vlkoš,Přerov,Olomoucký kraj,666,75119
547441,Volfířov,Jindřichův Hradec,Jihočeský kraj,736,38001
547450,Výkleky,Přerov,Olomoucký kraj,289,75125
547468,Zahrádky,Jindřichův Hradec,Jihočeský kraj,246,37853
547476,Paseky nad Jizerou,Semily,Liberecký kraj,251,51247
547484,Ktová,Semily,Liberecký kraj,222,51263
547492,Pelhřimov,Pelhřimov,Kraj Vysočina,16233,39301
547514,Zábeštní Lhota,Přerov,Olomoucký kraj,175,75127
547531,Hořenice,Náchod,Královéhradecký kraj,152,55101
547549,Bohdalín,Pelhřimov,Kraj Vysočina,187,39491
547565,Vestec,Náchod,Královéhradecký kraj,191,55205
547581,Božejov,Pelhřimov,Kraj Vysočina,624,39301|39461
547603,Bratřice,Pelhřimov,Kraj Vysočina,156,39501
547638,Budíkov,Pelhřimov,Kraj Vysočina,331,39601
547646,Velké Poříčí,Náchod,Královéhradecký kraj,2310,54931|54932
547654,Šestajovice,Náchod,Královéhradecký kraj,165,55101
547662,Cetoraz,Pelhřimov,Kraj Vysočina,314,39411
547689,Čáslavsko,Pelhřimov,Kraj Vysočina,107,39501
547701,Libchyně,Náchod,Královéhradecký kraj,74,54901
547719,Častrov,Pelhřimov,Kraj Vysočina,630,39463|39468|39470
547727,Sendraž,Náchod,Královéhradecký kraj,111,54901
547735,Čejov,Pelhřimov,Kraj Vysočina,647,39601
547743,Vernéřovice,Náchod,Královéhradecký kraj,318,54982
547751,Bukovice,Náchod,Královéhradecký kraj,375,54954
547760,Černovice,Pelhřimov,Kraj Vysočina,1782,39470|39494
547778,Červená Řečice,Pelhřimov,Kraj Vysočina,1026,39301|39446
547786,Adršpach,Náchod,Královéhradecký kraj,491,54952|54957
547794,Hodonín,Chrudim,Pardubický kraj,82,53825
547808,Rozhovice,Chrudim,Pardubický kraj,323,53803
547816,Jeníkov,Chrudim,Pardubický kraj,459,53901
547824,Křižanovice,Chrudim,Pardubický kraj,123,53821
547832,Licibořice,Chrudim,Pardubický kraj,261,53821|53823
547841,Vyžice,Chrudim,Pardubický kraj,249,53803
547859,Zájezdec,Chrudim,Pardubický kraj,107,53851
547867,Bor u Skutče,Chrudim,Pardubický kraj,132,53944
547875,Lipovec,Chrudim,Pardubický kraj,239,53843
547883,Hojanovice,Pelhřimov,Kraj Vysočina,108,39601
547891,Stolany,Chrudim,Pardubický kraj,408,53803
547905,Rybník,Ústí nad Orlicí,Pardubický kraj,851,56002
547913,Horní Cerekev,Pelhřimov,Kraj Vysočina,1872,39301|39403
547921,Trpík,Ústí nad Orlicí,Pardubický kraj,85,56301
547930,Horní Ves,Pelhřimov,Kraj Vysočina,337,39301
547948,Hořepník,Pelhřimov,Kraj Vysočina,629,39421|39501
547956,Hořice,Pelhřimov,Kraj Vysočina,206,39601
547964,Sobkovice,Ústí nad Orlicí,Pardubický kraj,262,56164
547972,Hrádek,Ústí nad Orlicí,Pardubický kraj,95,56201
547981,Albrechtice,Ústí nad Orlicí,Pardubický kraj,448,56301
547999,Humpolec,Pelhřimov,Kraj Vysočina,11487,39601
548006,Bošín,Ústí nad Orlicí,Pardubický kraj,101,56501
548014,Dlouhá Třebová,Ústí nad Orlicí,Pardubický kraj,1298,56117
548022,Vračovice-Orlov,Ústí nad Orlicí,Pardubický kraj,175,56601
548031,Dlouhoňovice,Ústí nad Orlicí,Pardubický kraj,845,56401
548049,Helvíkovice,Ústí nad Orlicí,Pardubický kraj,574,56401
548057,Vrchovnice,Hradec Králové,Královéhradecký kraj,90,50303
548065,Obědovice,Hradec Králové,Královéhradecký kraj,338,50351
548073,Ježov,Pelhřimov,Kraj Vysočina,69,39601
548081,Jiřice,Pelhřimov,Kraj Vysočina,948,39601
548090,Kaliště,Pelhřimov,Kraj Vysočina,398,39451|39601
548103,Kámen,Pelhřimov,Kraj Vysočina,270,39413|39501
548111,Kamenice nad Lipou,Pelhřimov,Kraj Vysočina,3687,39470
548120,Kejžlice,Pelhřimov,Kraj Vysočina,483,39452
548146,Koberovice,Pelhřimov,Kraj Vysočina,181,39459|39601
548154,Světí,Hradec Králové,Královéhradecký kraj,356,50312
548162,Komorovice,Pelhřimov,Kraj Vysočina,202,39601
548171,Košetice,Pelhřimov,Kraj Vysočina,760,39422|39501
548189,Kouty,Havlíčkův Brod,Kraj Vysočina,196,58401
548197,Nejepín,Havlíčkův Brod,Kraj Vysočina,101,58301
548201,Křeč,Pelhřimov,Kraj Vysočina,232,39495
548219,Křelovice,Pelhřimov,Kraj Vysočina,328,39445|39601
548227,Křešín,Pelhřimov,Kraj Vysočina,189,39424|39501
548235,Leskovice,Pelhřimov,Kraj Vysočina,120,39414
548243,Horní Paseka,Havlíčkův Brod,Kraj Vysočina,66,58401
548251,Podmoky,Havlíčkův Brod,Kraj Vysočina,156,58282
548260,Bartoušov,Havlíčkův Brod,Kraj Vysočina,195,58001
548278,Břevnice,Havlíčkův Brod,Kraj Vysočina,168,58001
548286,Knyk,Havlíčkův Brod,Kraj Vysočina,439,58001
548308,Kyjov,Havlíčkův Brod,Kraj Vysočina,172,58001
548316,Michalovice,Havlíčkův Brod,Kraj Vysočina,225,58001
548324,Skorkov,Havlíčkův Brod,Kraj Vysočina,111,58253
548332,Lukavec,Pelhřimov,Kraj Vysočina,965,39426|39501
548341,Slavníč,Havlíčkův Brod,Kraj Vysočina,69,58255
548359,Ostrov,Havlíčkův Brod,Kraj Vysočina,166,58401
548367,Mezilesí,Pelhřimov,Kraj Vysočina,103,39501
548375,Čečkovice,Havlíčkův Brod,Kraj Vysočina,89,58301
548383,Mladé Bříště,Pelhřimov,Kraj Vysočina,293,39443|39601
548391,Mnich,Pelhřimov,Kraj Vysočina,405,39470|39492|39493
548405,Moraveč,Pelhřimov,Kraj Vysočina,205,39301
548413,Jilem,Havlíčkův Brod,Kraj Vysočina,155,58301
548421,Sedletín,Havlíčkův Brod,Kraj Vysočina,302,58301
548430,Bezděkov,Havlíčkův Brod,Kraj Vysočina,238,58301
548448,Dolní Sokolovec,Havlíčkův Brod,Kraj Vysočina,74,58301
548456,Nová Cerekev,Pelhřimov,Kraj Vysočina,1196,39301|39415|39470
548464,Nový Rychnov,Pelhřimov,Kraj Vysočina,985,39301|39404
548472,Obrataň,Pelhřimov,Kraj Vysočina,783,39412|39501
548481,Lány,Havlíčkův Brod,Kraj Vysočina,60,58301
548499,Sloupno,Havlíčkův Brod,Kraj Vysočina,44,58301
548502,Onšov,Pelhřimov,Kraj Vysočina,224,39501
548511,Pacov,Pelhřimov,Kraj Vysočina,4757,39501
548529,Kochánov,Havlíčkův Brod,Kraj Vysočina,181,58253
548537,Úhořilka,Havlíčkův Brod,Kraj Vysočina,53,58253
548545,Píšť,Pelhřimov,Kraj Vysočina,77,39601
548553,Slavětín,Havlíčkův Brod,Kraj Vysočina,132,58263
548561,Počátky,Pelhřimov,Kraj Vysočina,2452,39464
548570,Kunemil,Havlíčkův Brod,Kraj Vysočina,127,58291
548588,Okrouhlička,Havlíčkův Brod,Kraj Vysočina,282,58253
548596,Heřmanice,Havlíčkův Brod,Kraj Vysočina,55,58282
548600,Pošná,Pelhřimov,Kraj Vysočina,270,39501
548618,Kraborovice,Havlíčkův Brod,Kraj Vysočina,123,58282
548626,Zvěstovice,Havlíčkův Brod,Kraj Vysočina,79,58282
548634,Podmoklany,Havlíčkův Brod,Kraj Vysočina,129,58264
548642,Hřibiny-Ledská,Rychnov nad Kněžnou,Královéhradecký kraj,404,51741
548651,Libel,Rychnov nad Kněžnou,Královéhradecký kraj,188,51741
548669,Rohenice,Rychnov nad Kněžnou,Královéhradecký kraj,333,51771
548677,Vysoký Újezd,Hradec Králové,Královéhradecký kraj,109,51771
548685,Krchleby,Rychnov nad Kněžnou,Královéhradecký kraj,109,51741
548693,Svídnice,Rychnov nad Kněžnou,Královéhradecký kraj,168,51741
548707,Vrbice,Rychnov nad Kněžnou,Královéhradecký kraj,158,51741
548715,Řečice,Pelhřimov,Kraj Vysočina,158,39601
548723,Polom,Rychnov nad Kněžnou,Královéhradecký kraj,174,51741
548731,Salačova Lhota,Pelhřimov,Kraj Vysočina,131,39501
548740,Samšín,Pelhřimov,Kraj Vysočina,153,39501
548758,Proruby,Rychnov nad Kněžnou,Královéhradecký kraj,56,51741
548766,Sedlice,Pelhřimov,Kraj Vysočina,153,39601
548774,Senožaty,Pelhřimov,Kraj Vysočina,882,39456|39601
548782,Jahodov,Rychnov nad Kněžnou,Královéhradecký kraj,98,51601
548791,Chlístov,Rychnov nad Kněžnou,Královéhradecký kraj,78,51801
548804,Lampertice,Trutnov,Královéhradecký kraj,350,54101
548812,Stanovice,Trutnov,Královéhradecký kraj,58,54401
548821,Borovnička,Trutnov,Královéhradecký kraj,231,54475
548839,Zábřezí-Řečice,Trutnov,Královéhradecký kraj,148,54401
548847,Zdobín,Trutnov,Královéhradecký kraj,149,54401
548855,Bříšťany,Jičín,Královéhradecký kraj,249,50801
548863,Milovice u Hořic,Jičín,Královéhradecký kraj,314,50801
548871,Petrovičky,Jičín,Královéhradecký kraj,47,50801
548880,Sukorady,Jičín,Královéhradecký kraj,226,50801
548898,Rokytňany,Jičín,Královéhradecký kraj,156,50723
548901,Bílsko u Hořic,Jičín,Královéhradecký kraj,118,50801
548910,Ohaveč,Jičín,Královéhradecký kraj,149,50601
548928,Kostelec,Jičín,Královéhradecký kraj,38,50601
548936,Těmice,Pelhřimov,Kraj Vysočina,418,39470|39496
548944,Kovač,Jičín,Královéhradecký kraj,147,50601
548952,Budčeves,Jičín,Královéhradecký kraj,158,50732
548961,Sedliště,Jičín,Královéhradecký kraj,93,50723
548979,Borek,Jičín,Královéhradecký kraj,95,50771
548987,Útěchovice,Pelhřimov,Kraj Vysočina,63,39501
548995,Červená Třemešná,Jičín,Královéhradecký kraj,186,50801
549002,Včelnička,Pelhřimov,Kraj Vysočina,271,39470
549011,Velká Chyška,Pelhřimov,Kraj Vysočina,268,39428
549029,Vřesník,Jičín,Královéhradecký kraj,102,50771
549037,Choteč,Jičín,Královéhradecký kraj,213,50781
549045,Velký Rybník,Pelhřimov,Kraj Vysočina,202,39301
549053,Veselá,Pelhřimov,Kraj Vysočina,232,39470
549061,Věžná,Pelhřimov,Kraj Vysočina,138,39501
549070,Březina,Jičín,Královéhradecký kraj,133,50601
549088,Dolní Lochov,Jičín,Královéhradecký kraj,58,50601
549096,Staré Místo,Jičín,Královéhradecký kraj,292,50601
549100,Brada-Rybníček,Jičín,Královéhradecký kraj,192,50601
549118,Dílce,Jičín,Královéhradecký kraj,59,50601
549126,Vojslavice,Pelhřimov,Kraj Vysočina,103,39601
549134,Vyklantice,Pelhřimov,Kraj Vysočina,142,39427|39501
549142,Vyskytná,Pelhřimov,Kraj Vysočina,707,39301|39405
549151,Jinolice,Jičín,Královéhradecký kraj,186,50601
549169,Kbelnice,Jičín,Královéhradecký kraj,228,50601
549177,Zachotín,Pelhřimov,Kraj Vysočina,228,39301
549185,Ohařice,Jičín,Královéhradecký kraj,79,50601
549193,Zámostí-Blata,Jičín,Královéhradecký kraj,116,50601
549207,Nevratice,Jičín,Královéhradecký kraj,191,50801
549215,Želiv,Pelhřimov,Kraj Vysočina,1142,39444|39601
549223,Chyjice,Jičín,Královéhradecký kraj,184,50601
549231,Žirovnice,Pelhřimov,Kraj Vysočina,3135,39468
549240,Písek,Písek,Jihočeský kraj,31002,39701
549258,Albrechtice nad Vltavou,Písek,Jihočeský kraj,1009,37501|39701|39811|39816|39817
549266,Bernartice,Písek,Jihočeský kraj,1402,39843
549274,Rašín,Jičín,Královéhradecký kraj,100,50801
549282,Butoves,Jičín,Královéhradecký kraj,296,50601
549291,Božetice,Písek,Jihočeský kraj,353,39851|39901
549304,Branice,Písek,Jihočeský kraj,308,39843
549312,Kacákova Lhota,Jičín,Královéhradecký kraj,182,50601
549321,Cerhonice,Písek,Jihočeský kraj,145,39804
549339,Čimelice,Písek,Jihočeský kraj,1018,39804
549347,Čížová,Písek,Jihočeský kraj,1388,39701|39831
549355,Cholenice,Jičín,Královéhradecký kraj,211,50732
549363,Dobev,Písek,Jihočeský kraj,1178,39701
549371,Dražíč,České Budějovice,Jihočeský kraj,283,37501
549380,Drhovle,Písek,Jihočeský kraj,661,39701
549398,Heřmaň,Písek,Jihočeský kraj,322,39811
549401,Pozlovice,Zlín,Zlínský kraj,1322,76326
549410,Hrazany,Písek,Jihočeský kraj,291,39901
549428,Hrejkovice,Písek,Jihočeský kraj,481,39859|39901
549436,Komárov,Zlín,Zlínský kraj,312,76361
549444,Oldřichovice,Zlín,Zlínský kraj,373,76361
549452,Chyšky,Písek,Jihočeský kraj,1054,39853|39901
549461,Pohořelice,Zlín,Zlínský kraj,935,76361
549479,Jetětice,Písek,Jihočeský kraj,373,39843|39848
549487,Kestřany,Písek,Jihočeský kraj,727,39701|39821
549495,Kluky,Písek,Jihočeský kraj,618,39701|39819
549509,Kostelec nad Vltavou,Písek,Jihočeský kraj,392,39858|39901
549517,Kovářov,Písek,Jihočeský kraj,1480,39855|39901
549525,Králova Lhota,Písek,Jihočeský kraj,194,39804
549533,Poteč,Zlín,Zlínský kraj,746,76601
549541,Kučeř,Písek,Jihočeský kraj,183,39834
549550,Lhotsko,Zlín,Zlínský kraj,299,76312
549568,Lety,Písek,Jihočeský kraj,303,39804
549576,Milevsko,Písek,Jihočeský kraj,7956,39901
549584,Mirotice,Písek,Jihočeský kraj,1207,39801|39804
549592,Mirovice,Písek,Jihočeský kraj,1627,39804|39806
549606,Mišovice,Písek,Jihočeský kraj,250,39804
549614,Myslín,Písek,Jihočeský kraj,95,39804
549622,Lípa,Zlín,Zlínský kraj,837,76311
549631,Nadějkov,Tábor,Jihočeský kraj,723,39852|39901
549649,Tečovice,Zlín,Zlínský kraj,1480,76302
549657,Nevězice,Písek,Jihočeský kraj,128,39804
549665,Raškovice,Frýdek-Místek,Moravskoslezský kraj,2043,73904
549673,Krásná,Frýdek-Místek,Moravskoslezský kraj,697,73904
549681,Orlík nad Vltavou,Písek,Jihočeský kraj,293,39807
549690,Bořenovice,Kroměříž,Zlínský kraj,205,76901
549703,Oslov,Písek,Jihočeský kraj,344,39701|39835
549711,Ostrovec,Písek,Jihočeský kraj,378,39701|39833
549720,Přílepy,Kroměříž,Zlínský kraj,1012,76901
549738,Ponětovice,Brno-venkov,Jihomoravský kraj,436,66451
549746,Předklášteří,Brno-venkov,Jihomoravský kraj,1464,66601|66602
549754,Podolí I,Písek,Jihočeský kraj,356,39843
549771,Protivín,Písek,Jihočeský kraj,4706,39811
549789,Říčky,Brno-venkov,Jihomoravský kraj,445,66483
549797,Přeštěnice,Písek,Jihočeský kraj,280,39901
549801,Putim,Písek,Jihočeský kraj,558,39701
549827,Ražice,Písek,Jihočeský kraj,415,39811|39822
549835,Milasín,Žďár nad Sázavou,Kraj Vysočina,50,59251
549843,Sepekov,Písek,Jihočeský kraj,1344,39851|39901
549851,Skály,Písek,Jihočeský kraj,325,39811
549860,Slabčice,Písek,Jihočeský kraj,369,39843|39847
549878,Smetanova Lhota,Písek,Jihočeský kraj,276,39701|39804
549886,Střítež,Žďár nad Sázavou,Kraj Vysočina,98,59251
549894,Skryje,Brno-venkov,Jihomoravský kraj,71,59455
549908,Újezd u Tišnova,Brno-venkov,Jihomoravský kraj,151,59455
549916,Pikárec,Žďár nad Sázavou,Kraj Vysočina,336,59253
549924,Radkov,Žďár nad Sázavou,Kraj Vysočina,169,59253
549932,Tálín,Písek,Jihočeský kraj,172,39811|39815
549941,Rosička,Žďár nad Sázavou,Kraj Vysočina,45,59212
549959,Ubušínek,Žďár nad Sázavou,Kraj Vysočina,85,59265
549967,Hačky,Prostějov,Olomoucký kraj,104,79855
549975,Veselíčko,Písek,Jihočeský kraj,204,39842|39843
549983,Polomí,Prostějov,Olomoucký kraj,135,79855
549991,Vráž,Písek,Jihočeský kraj,324,39701|39832
550001,Vrcovice,Písek,Jihočeský kraj,196,39701
550019,Vracovice,Znojmo,Jihomoravský kraj,190,67102
550027,Záhoří,Písek,Jihočeský kraj,789,39701|39818
550035,Zbelítov,Písek,Jihočeský kraj,323,39901
550043,Zběšičky,Písek,Jihočeský kraj,165,39843
550051,Plenkovice,Znojmo,Jihomoravský kraj,402,67151
550060,Zhoř,Písek,Jihočeský kraj,313,39901
550078,Přeskače,Znojmo,Jihomoravský kraj,100,67140
550086,Křídlůvky,Znojmo,Jihomoravský kraj,249,67128
550094,Prachatice,Prachatice,Jihočeský kraj,11036,38301
550108,Kozlany,Vyškov,Jihomoravský kraj,394,68341
550116,Bohumilice,Prachatice,Jihočeský kraj,317,38481
550124,Bošice,Prachatice,Jihočeský kraj,381,38481
550132,Olšany,Vyškov,Jihomoravský kraj,642,68301
550141,Medlovice,Vyškov,Jihomoravský kraj,442,68201
550159,Bušanovice,Prachatice,Jihočeský kraj,267,38422
550167,Čkyně,Prachatice,Jihočeský kraj,1553,38481
550175,Podomí,Vyškov,Jihomoravský kraj,459,68304
550183,Dub,Prachatice,Jihočeský kraj,425,38301|38422|38425
550191,Uhřice,Vyškov,Jihomoravský kraj,266,68333
550205,Horní Vltavice,Prachatice,Jihočeský kraj,350,38451|38491|38501
550213,Heršpice,Vyškov,Jihomoravský kraj,953,68401|68501
550221,Hracholusky,Prachatice,Jihočeský kraj,487,38301|38411
550230,Husinec,Prachatice,Jihočeský kraj,1389,38301|38421
550248,Chlumany,Prachatice,Jihočeský kraj,373,38422
550256,Kašnice,Břeclav,Jihomoravský kraj,226,69172
550264,Chroboly,Prachatice,Jihočeský kraj,599,38301|38404
550272,Cvrčovice,Brno-venkov,Jihomoravský kraj,676,69123
550281,Hybrálec,Jihlava,Kraj Vysočina,486,58601|58841
550299,Smrčná,Jihlava,Kraj Vysočina,489,58801
550302,Kuroslepy,Třebíč,Kraj Vysočina,156,67575
550311,Třesov,Třebíč,Kraj Vysočina,107,67502
550329,Ktiš,Prachatice,Jihočeský kraj,477,38301|38403
550337,Kvilda,Prachatice,Jihočeský kraj,116,38493|38501
550345,Lažiště,Prachatice,Jihočeský kraj,308,38432
550353,Lenora,Prachatice,Jihočeský kraj,646,38442|38451|38501
550361,Lhenice,Prachatice,Jihočeský kraj,2161,38301|38402|38411
550370,Pokojovice,Třebíč,Kraj Vysočina,112,67521
550388,Martínkov,Třebíč,Kraj Vysočina,249,67544
550396,Němčice,Prachatice,Jihočeský kraj,174,38411
550400,Bohušice,Třebíč,Kraj Vysočina,121,67551
550418,Malovice,Prachatice,Jihočeský kraj,709,38411
550426,Mičovice,Prachatice,Jihočeský kraj,370,38301
550434,Nebahovy,Prachatice,Jihočeský kraj,633,38301|38401
550442,Netolice,Prachatice,Jihočeský kraj,2494,38411
550451,Nová Pec,Prachatice,Jihočeský kraj,432,38451|38462
550469,Pálovice,Třebíč,Kraj Vysočina,171,67531
550477,Chotěbudice,Třebíč,Kraj Vysočina,106,67531
550485,Radhostice,Prachatice,Jihočeský kraj,150,38481
550493,Radkovice u Budče,Třebíč,Kraj Vysočina,144,38001
550507,Litohoř,Třebíč,Kraj Vysočina,556,67544
550515,Stachy,Prachatice,Jihočeský kraj,1089,38473
550523,Stožec,Prachatice,Jihočeský kraj,209,38444|38451
550531,Strážný,Prachatice,Jihočeský kraj,405,38443
550540,Strunkovice nad Blanicí,Prachatice,Jihočeský kraj,1313,38301|38411|38426
550558,Svatá Maří,Prachatice,Jihočeský kraj,630,38301|38481|38501
550566,Lukov,Třebíč,Kraj Vysočina,389,67602
550574,Šumavské Hoštice,Prachatice,Jihočeský kraj,411,38301|38471
550582,Těšovice,Prachatice,Jihočeský kraj,336,38301
550591,Jiratice,Třebíč,Kraj Vysočina,79,67532
550604,Tvrzice,Prachatice,Jihočeský kraj,131,38422
550612,Horní Smrčné,Třebíč,Kraj Vysočina,55,67507
550621,Vacov,Prachatice,Jihočeský kraj,1430,38473|38486
550639,Hroznatín,Třebíč,Kraj Vysočina,108,67505
550647,Vimperk,Prachatice,Jihočeský kraj,7270,38501
550655,Vitějovice,Prachatice,Jihočeský kraj,511,38427
550663,Vlachovo Březí,Prachatice,Jihočeský kraj,1738,38301|38422
550671,Volary,Prachatice,Jihočeský kraj,3657,38301|38451
550680,Záblatí,Prachatice,Jihočeský kraj,335,38301|38433
550698,Zálezly,Prachatice,Jihočeský kraj,344,38481
550701,Zbytiny,Prachatice,Jihočeský kraj,357,38301|38441
550710,Krahulov,Třebíč,Kraj Vysočina,297,67521
550728,Zdíkov,Prachatice,Jihočeský kraj,1697,38472|38473
550736,Hostětín,Uherské Hradiště,Zlínský kraj,216,68771
550744,Kunovice,Uherské Hradiště,Zlínský kraj,5592,68604
550752,Staré Město,Uherské Hradiště,Zlínský kraj,6660,68601|68603
550761,Želnava,Prachatice,Jihočeský kraj,128,38451
550779,Naloučany,Třebíč,Kraj Vysočina,163,67571
550787,Strakonice,Strakonice,Jihočeský kraj,22275,38601
550795,Podbřežice,Vyškov,Jihomoravský kraj,314,68301
550809,Bavorov,Strakonice,Jihočeský kraj,1672,38773|38901
550817,Bělčice,Strakonice,Jihočeský kraj,1031,26242|38742|38743|38801
550825,Holubice,Vyškov,Jihomoravský kraj,1929,68351
550833,Bílsko,Strakonice,Jihočeský kraj,201,38773
550841,Jiřice u Moravských Budějovic,Znojmo,Jihomoravský kraj,59,67154
550850,Blatná,Strakonice,Jihočeský kraj,6679,38801
550906,Cehnice,Strakonice,Jihočeský kraj,522,38752|38901
550922,Čejetice,Strakonice,Jihočeský kraj,946,38601|38901
550949,Čepřovice,Strakonice,Jihočeský kraj,217,38701|38756
550957,Čestice,Strakonice,Jihočeský kraj,887,38601|38701|38719
550965,Číčenice,Strakonice,Jihočeský kraj,486,38771|38901
550981,Doubravice,Strakonice,Jihočeský kraj,251,38601|38735
551015,Drahonice,Strakonice,Jihočeský kraj,400,38901
551023,Drážov,Strakonice,Jihočeský kraj,233,38473|38719
551040,Dřešín,Strakonice,Jihočeský kraj,321,38473|38719
551104,Hoslovice,Strakonice,Jihočeský kraj,187,38716|38719
551121,Hoštice,Strakonice,Jihočeský kraj,156,38701
551139,Chelčice,Strakonice,Jihočeský kraj,409,38901
551155,Chrášťovice,Strakonice,Jihočeský kraj,270,38601
551163,Jinín,Strakonice,Jihočeský kraj,208,38601
551180,Kadov,Strakonice,Jihočeský kraj,388,38733|38801
551201,Katovice,Strakonice,Jihočeský kraj,1336,38711
551261,Kraselov,Strakonice,Jihočeský kraj,237,38716
551333,Libějovice,Strakonice,Jihočeský kraj,499,38411|38772|38901
551341,Litochovice,Strakonice,Jihočeský kraj,291,38701
551350,Lnáře,Strakonice,Jihočeský kraj,730,38742
551384,Malenice,Strakonice,Jihočeský kraj,737,38701|38706
551392,Mečichov,Strakonice,Jihočeský kraj,286,38736
551414,Miloňovice,Strakonice,Jihočeský kraj,260,38601
551457,Studeněves,Kladno,Středočeský kraj,522,27379
551465,Košice,Kutná Hora,Středočeský kraj,58,28504
551473,Myštice,Strakonice,Jihočeský kraj,260,38801
551481,Kněžičky,Nymburk,Středočeský kraj,197,28908
551490,Branišov,České Budějovice,Jihočeský kraj,278,37384
551503,Čížkrajice,České Budějovice,Jihočeský kraj,296,37401
551520,Nihošovice,Strakonice,Jihočeský kraj,316,38701|38719
551538,Střítež,Český Krumlov,Jihočeský kraj,407,38232|38241|38242
551546,Dubovice,Pelhřimov,Kraj Vysočina,79,39301
551554,Novosedly,Strakonice,Jihočeský kraj,344,38716
551562,Osek,Strakonice,Jihočeský kraj,654,38601
551571,Paračov,Strakonice,Jihočeský kraj,107,38601
551589,Horní Rápotice,Pelhřimov,Kraj Vysočina,182,39601
551597,Hajany,Strakonice,Jihočeský kraj,182,38801
551601,Turovec,Tábor,Jihočeský kraj,281,39121|39155|39156
551619,Pracejovice,Strakonice,Jihočeský kraj,319,38601|38716
551627,Předmíř,Strakonice,Jihočeský kraj,284,38742
551635,Předslavice,Strakonice,Jihočeský kraj,235,38701
551643,Přešťovice,Strakonice,Jihočeský kraj,479,38601
551651,Hory,Karlovy Vary,Karlovarský kraj,502,36001
551660,Radomyšl,Strakonice,Jihočeský kraj,1359,38601|38731
551678,Radošovice,Strakonice,Jihočeský kraj,635,38601|38701
551686,Podmokly,Klatovy,Plzeňský kraj,153,34201
551694,Velká Štáhle,Bruntál,Moravskoslezský kraj,330,79351
551708,Dlouhá Stráň,Bruntál,Moravskoslezský kraj,110,79201
551716,Sedlice,Strakonice,Jihočeský kraj,1258,38732|38801
551724,Mezina,Bruntál,Moravskoslezský kraj,366,79201
551732,Moravskoslezský Kočov,Bruntál,Moravskoslezský kraj,601,79201
551741,Skočice,Strakonice,Jihočeský kraj,243,38775|38901
551759,Sousedovice,Strakonice,Jihočeský kraj,334,38601
551767,Staré Město,Bruntál,Moravskoslezský kraj,913,79201
551775,Strašice,Strakonice,Jihočeský kraj,174,38716
551783,Valšov,Bruntál,Moravskoslezský kraj,255,79201
551791,Střelské Hoštice,Strakonice,Jihočeský kraj,907,38601|38715
551805,Horní Životice,Bruntál,Moravskoslezský kraj,337,79312
551813,Staré Heřminovy,Bruntál,Moravskoslezský kraj,217,79312
551821,Tvrdkov,Bruntál,Moravskoslezský kraj,244,79344
551830,Škvořetice,Strakonice,Jihočeský kraj,323,38801
551848,Petrovice,Bruntál,Moravskoslezský kraj,137,79384
551856,Štěkeň,Strakonice,Jihočeský kraj,891,38601|38751
551864,Dívčí Hrad,Bruntál,Moravskoslezský kraj,305,79399
551872,Hlinka,Bruntál,Moravskoslezský kraj,216,79399
551881,Slezské Pavlovice,Bruntál,Moravskoslezský kraj,177,79399
551899,Třebohostice,Strakonice,Jihočeský kraj,303,38601|38737
551902,Malá Štáhle,Bruntál,Moravskoslezský kraj,109,79501
551911,Stará Ves,Bruntál,Moravskoslezský kraj,448,79501
551929,Andělská Hora,Bruntál,Moravskoslezský kraj,355,79331
551937,Uzenice,Strakonice,Jihočeský kraj,101,38801
551945,Rudná pod Pradědem,Bruntál,Moravskoslezský kraj,358,79331
551953,Vodňany,Strakonice,Jihočeský kraj,7464,38901
551961,Volenice,Strakonice,Jihočeský kraj,580,38716
551970,Volyně,Strakonice,Jihočeský kraj,3033,38701
551988,Záboří,Strakonice,Jihočeský kraj,335,38734
551996,Ludvíkov,Bruntál,Moravskoslezský kraj,272,79326
552003,Čaková,Bruntál,Moravskoslezský kraj,348,79316
552011,Štarnov,Olomouc,Olomoucký kraj,862,78314
552020,Hlušovice,Olomouc,Olomoucký kraj,1077,78314
552038,Loučka,Olomouc,Olomoucký kraj,215,78322
552046,Tábor,Tábor,Jihočeský kraj,34339,39001|39002|39003|39005|39131|39137|39156
552054,Bechyně,Tábor,Jihočeský kraj,4757,37501|39165
552062,Bílsko,Olomouc,Olomoucký kraj,235,78322
552071,Dubčany,Olomouc,Olomoucký kraj,275,78322
552089,Tovéř,Olomouc,Olomoucký kraj,630,78316
552097,Borkovice,Tábor,Jihočeský kraj,250,39181
552101,Borotín,Tábor,Jihočeský kraj,724,39133|39135
552119,Věrovany,Olomouc,Olomoucký kraj,1405,78375
552127,Bradáčov,Tábor,Jihočeský kraj,42,39143
552135,Březnice,Tábor,Jihočeský kraj,267,39171
552143,Budislav,Tábor,Jihočeský kraj,379,39201
552151,Skrbeň,Olomouc,Olomoucký kraj,1158,78335
552160,Pňovice,Olomouc,Olomoucký kraj,1009,78401
552178,Haňovice,Olomouc,Olomoucký kraj,505,78321
552186,Červenka,Olomouc,Olomoucký kraj,1468,78401
552194,Slavětín,Olomouc,Olomoucký kraj,212,78324
552208,Dírná,Tábor,Jihočeský kraj,427,39127|39201
552216,Luběnice,Olomouc,Olomoucký kraj,502,78346
552224,Dobronice u Bechyně,Tábor,Jihočeský kraj,123,39165
552232,Loučany,Olomouc,Olomoucký kraj,619,78344
552241,Dolní Hořice,Tábor,Jihočeský kraj,859,39155
552259,Olbramice,Olomouc,Olomoucký kraj,219,78322
552267,Senička,Olomouc,Olomoucký kraj,354,78345
552275,Dráchov,Tábor,Jihočeský kraj,229,39201
552283,Dražice,Tábor,Jihočeský kraj,859,39131
552291,Dražičky,Tábor,Jihočeský kraj,178,39175
552305,Lipina,Olomouc,Olomoucký kraj,170,78501
552313,Domašov u Šternberka,Olomouc,Olomoucký kraj,345,78501
552321,Hlavatce,Tábor,Jihočeský kraj,432,39173|39175|39201
552330,Hlásnice,Olomouc,Olomoucký kraj,259,78501
552348,Mladějovice,Olomouc,Olomoucký kraj,732,78501
552356,Babice,Olomouc,Olomoucký kraj,457,78501
552364,Ústín,Olomouc,Olomoucký kraj,491,78346
552372,Medlov,Olomouc,Olomoucký kraj,1673,78391
552381,Nová Hradečná,Olomouc,Olomoucký kraj,748,78383
552399,Želechovice,Olomouc,Olomoucký kraj,250,78391
552402,Bukovany,Olomouc,Olomoucký kraj,680,77900
552411,Přáslavice,Olomouc,Olomoucký kraj,1473,78354|78356
552429,Svésedlice,Olomouc,Olomoucký kraj,306,78354
552437,Krčmaň,Olomouc,Olomoucký kraj,475,77900
552445,Daskabát,Olomouc,Olomoucký kraj,627,77900
552453,Chotěmice,Tábor,Jihočeský kraj,120,39201
552461,Chotoviny,Tábor,Jihočeský kraj,1909,39137
552470,Choustník,Tábor,Jihočeský kraj,479,39118|39201
552488,Vojkovice,Frýdek-Místek,Moravskoslezský kraj,800,73951
552496,Chýnov,Tábor,Jihočeský kraj,2563,39155
552500,Pazderna,Frýdek-Místek,Moravskoslezský kraj,422,73951
552518,Nošovice,Frýdek-Místek,Moravskoslezský kraj,1032,73951
552526,Nižní Lhoty,Frýdek-Místek,Moravskoslezský kraj,296,73951
552534,Jistebnice,Tábor,Jihočeský kraj,2121,39131|39132|39133
552542,Dobratice,Frýdek-Místek,Moravskoslezský kraj,1383,73951|73953
552551,Staré Město,Frýdek-Místek,Moravskoslezský kraj,1494,73801|73901
552569,Staříč,Frýdek-Místek,Moravskoslezský kraj,2214,73943
552577,Pstruží,Frýdek-Místek,Moravskoslezský kraj,1061,73911
552585,Košice,Tábor,Jihočeský kraj,773,39002|39117|39201
552593,Malenovice,Frýdek-Místek,Moravskoslezský kraj,784,73911
552607,Dolní Tošanovice,Frýdek-Místek,Moravskoslezský kraj,434,73953
552615,Vělopolí,Frýdek-Místek,Moravskoslezský kraj,326,73959
552623,Třanovice,Frýdek-Místek,Moravskoslezský kraj,1111,73953
552631,Horní Tošanovice,Frýdek-Místek,Moravskoslezský kraj,742,73953
552640,Řeka,Frýdek-Místek,Moravskoslezský kraj,548,73955
552658,Smilovice,Frýdek-Místek,Moravskoslezský kraj,874,73955
552666,Malšice,Tábor,Jihočeský kraj,1880,39175
552674,Střítež,Frýdek-Místek,Moravskoslezský kraj,1084,73959
552682,Vyšní Lhoty,Frýdek-Místek,Moravskoslezský kraj,903,73951
552691,Žabeň,Frýdek-Místek,Moravskoslezský kraj,981,73925
552704,Mladá Vožice,Tábor,Jihočeský kraj,2711,39143
552712,Mlýny,Tábor,Jihočeský kraj,119,39201
552721,Myslkovice,Tábor,Jihočeský kraj,440,39116
552739,Horní Suchá,Karviná,Moravskoslezský kraj,4341,73535
552747,Nemyšl,Tábor,Jihočeský kraj,306,39143
552755,Věžky,Přerov,Olomoucký kraj,205,75119
552763,Nová Ves u Chýnova,Tábor,Jihočeský kraj,331,39155
552771,Čechy,Přerov,Olomoucký kraj,329,75115
552780,Křtomil,Přerov,Olomoucký kraj,406,75114
552798,Oldřichov,Tábor,Jihočeský kraj,238,39143
552801,Opařany,Tábor,Jihočeský kraj,1420,39161
552810,Nahošovice,Přerov,Olomoucký kraj,167,75114
552828,Planá nad Lužnicí,Tábor,Jihočeský kraj,4604,39002|39102|39111
552836,Turovice,Přerov,Olomoucký kraj,253,75114
552844,Olšovec,Přerov,Olomoucký kraj,526,75301
552852,Pohnání,Tábor,Jihočeský kraj,82,39143
552861,Pojbuky,Tábor,Jihočeský kraj,100,39143
552879,Uhřičice,Přerov,Olomoucký kraj,531,75201
552887,Stříbrnice,Přerov,Olomoucký kraj,234,75201
552895,Přehořov,Tábor,Jihočeský kraj,352,39201
552909,Měrovice nad Hanou,Přerov,Olomoucký kraj,695,75201
552917,Radenín,Tábor,Jihočeský kraj,500,39120|39155
552925,Radětice,Tábor,Jihočeský kraj,252,39165
552933,Radimovice u Želče,Tábor,Jihočeský kraj,443,39002
552941,Radkov,Tábor,Jihočeský kraj,167,39131
552950,Šišma,Přerov,Olomoucký kraj,210,75111
552968,Horní Těšice,Přerov,Olomoucký kraj,159,75353
552976,Rataje,Tábor,Jihočeský kraj,222,39165
552984,Dolní Těšice,Přerov,Olomoucký kraj,66,75353
552992,Ratibořské Hory,Tábor,Jihočeský kraj,825,39142|39143
553000,Oplocany,Přerov,Olomoucký kraj,379,75101
553018,Roudná,Tábor,Jihočeský kraj,574,39201
553026,Valašská Senice,Vsetín,Zlínský kraj,423,75614
553034,Řepeč,Tábor,Jihočeský kraj,282,39161
553042,Mladecko,Opava,Moravskoslezský kraj,157,74754
553051,Dolní Životice,Opava,Moravskoslezský kraj,1030,74755|74756
553069,Sezimovo Ústí,Tábor,Jihočeský kraj,7131,39101|39102|39156
553077,Skalice,Tábor,Jihočeský kraj,535,39201
553085,Skopytce,Tábor,Jihočeský kraj,170,39201
553093,Hlavnice,Opava,Moravskoslezský kraj,684,74752
553107,Bratříkovice,Opava,Moravskoslezský kraj,162,74752
553115,Lhotka u Litultovic,Opava,Moravskoslezský kraj,224,74755
553123,Smilovy Hory,Tábor,Jihočeský kraj,345,39143|39152
553131,Soběslav,Tábor,Jihočeský kraj,6979,39201
553140,Stádlec,Tábor,Jihočeský kraj,582,39161|39162|39165
553158,Neplachovice,Opava,Moravskoslezský kraj,940,74774
553166,Sudoměřice u Bechyně,Tábor,Jihočeský kraj,765,39165|39172
553174,Sudoměřice u Tábora,Tábor,Jihočeský kraj,335,39136
553182,Sviny,Tábor,Jihočeský kraj,335,39181
553191,Vikantice,Šumperk,Olomoucký kraj,66,78825
553204,Šebířov,Tábor,Jihočeský kraj,368,39143
553212,Janoušov,Šumperk,Olomoucký kraj,53,78991
553221,Hrabová,Šumperk,Olomoucký kraj,713,78901
553239,Tučapy,Tábor,Jihočeský kraj,818,39126|39201
553247,Kopřivná,Šumperk,Olomoucký kraj,305,78833
553255,Val,Tábor,Jihočeský kraj,253,39181
553263,Vesce,Tábor,Jihočeský kraj,302,39201
553271,Veselí nad Lužnicí,Tábor,Jihočeský kraj,6492,39181
553280,Vilice,Tábor,Jihočeský kraj,151,39143
553298,Vlastiboř,Tábor,Jihočeský kraj,341,39201
553301,Hradec-Nová Ves,Jeseník,Olomoucký kraj,390,79084
553310,Vlkov,Tábor,Jihočeský kraj,187,39181
553328,Vodice,Tábor,Jihočeský kraj,153,39153|39155
553336,Třeština,Šumperk,Olomoucký kraj,410,78973
553344,Jakubovice,Šumperk,Olomoucký kraj,204,78991
553352,Postřelmůvek,Šumperk,Olomoucký kraj,299,78901
553361,Zálší,Tábor,Jihočeský kraj,231,39181
553379,Dolní Studénky,Šumperk,Olomoucký kraj,1425,78820
553387,Hraběšice,Šumperk,Olomoucký kraj,205,78815
553395,Rejchartice,Šumperk,Olomoucký kraj,174,78701
553409,Zvěrotice,Tábor,Jihočeský kraj,399,39201
553417,Želeč,Tábor,Jihočeský kraj,1046,39174|39175
553425,Domažlice,Domažlice,Plzeňský kraj,10973,34401
553433,Babylon,Domažlice,Plzeňský kraj,377,34401
553441,Bělá nad Radbuzou,Domažlice,Plzeňský kraj,1733,34525|34526
553450,Blížejov,Domažlice,Plzeňský kraj,1561,34545|34601
553468,Velká Kraš,Jeseník,Olomoucký kraj,725,79058
553476,Nemile,Šumperk,Olomoucký kraj,681,78901
553484,Skorošice,Jeseník,Olomoucký kraj,656,79065
553492,Závada,Opava,Moravskoslezský kraj,624,74719
553506,Bukovec,Plzeň-jih,Plzeňský kraj,129,34562
553514,Čermná,Domažlice,Plzeňský kraj,270,34561
553522,Tužice,Klatovy,Plzeňský kraj,89,34142
553531,Černíkov,Klatovy,Plzeňský kraj,370,34506
553549,Česká Kubice,Domažlice,Plzeňský kraj,989,34401|34532
553557,Díly,Domažlice,Plzeňský kraj,379,34401
553565,Polánka,Plzeň-jih,Plzeňský kraj,50,33501
553573,Drahotín,Domažlice,Plzeňský kraj,195,34522
553581,Draženov,Domažlice,Plzeňský kraj,476,34401
553590,Nezbavětice,Plzeň-město,Plzeňský kraj,263,33204
553603,Studená,Plzeň-sever,Plzeňský kraj,37,33141
553611,Litohlavy,Rokycany,Plzeňský kraj,563,33701
553620,Hlohová,Domažlice,Plzeňský kraj,314,34561
553638,Tachov,Česká Lípa,Liberecký kraj,222,47201
553646,Dolánky nad Ohří,Litoměřice,Ústecký kraj,301,41301
553654,Holýšov,Plzeň-jih,Plzeňský kraj,5436,33452|34562
553662,Horní Kamenice,Plzeň-jih,Plzeňský kraj,251,34562
553671,Horšovský Týn,Domažlice,Plzeňský kraj,5098,34525|34601
553689,Hostouň,Domažlice,Plzeňský kraj,1224,34525
553697,Trmice,Ústí nad Labem,Ústecký kraj,3372,40002|40004
553701,Bačalky,Jičín,Královéhradecký kraj,170,50723
553719,Srnojedy,Pardubice,Pardubický kraj,783,53002
553727,Chocomyšl,Domažlice,Plzeňský kraj,114,34543
553735,Chodov,Domažlice,Plzeňský kraj,752,34533
553743,Chodská Lhota,Domažlice,Plzeňský kraj,394,34506
553751,Chrastavice,Domažlice,Plzeňský kraj,362,34401
553760,Běstovice,Ústí nad Orlicí,Pardubický kraj,436,56501
553778,Kaničky,Domažlice,Plzeňský kraj,31,34543
553786,Kdyně,Domažlice,Plzeňský kraj,5132,34506
553794,Klenčí pod Čerchovem,Domažlice,Plzeňský kraj,1409,34401|34534
553816,Koloveč,Domažlice,Plzeňský kraj,1011,34543
553824,Kout na Šumavě,Domažlice,Plzeňský kraj,1065,34502|34506
553832,Křenovy,Domažlice,Plzeňský kraj,147,34561
553841,Kvíčovice,Plzeň-jih,Plzeňský kraj,440,34562
553859,Libkov,Domažlice,Plzeňský kraj,125,34506
553867,Loučim,Domažlice,Plzeňský kraj,117,34506
553875,Louka,Blansko,Jihomoravský kraj,62,59301|67974
553883,Ústup,Blansko,Jihomoravský kraj,38,67974
553891,Luženičky,Domažlice,Plzeňský kraj,425,34401
553905,Mrlínek,Kroměříž,Zlínský kraj,272,76861
553913,Meclov,Domažlice,Plzeňský kraj,1220,34521|34601
553921,Mezholezy,Domažlice,Plzeňský kraj,116,34506|34601
553930,Mezholezy,Domažlice,Plzeňský kraj,121,34506|34601
553948,Milavče,Domažlice,Plzeňský kraj,595,34401
553956,Mířkov,Domažlice,Plzeňský kraj,319,34601
553964,Častohostice,Třebíč,Kraj Vysočina,193,67602
553972,Rybníček,Vyškov,Jihomoravský kraj,266,68201
553981,Mrákov,Domažlice,Plzeňský kraj,1153,34401|34501
553999,Mutěnín,Domažlice,Plzeňský kraj,272,34525
554006,Nemanice,Domažlice,Plzeňský kraj,287,34401
554014,Návsí,Frýdek-Místek,Moravskoslezský kraj,3906,73992
554022,Neuměř,Plzeň-jih,Plzeňský kraj,159,34562
554031,Nevolice,Domažlice,Plzeňský kraj,197,34401
554049,Olbramice,Ostrava-město,Moravskoslezský kraj,731,74283|74301
554057,Nový Kramolín,Domažlice,Plzeňský kraj,236,34401
554065,Jakubčovice nad Odrou,Nový Jičín,Moravskoslezský kraj,628,74236
554073,Osvračín,Domažlice,Plzeňský kraj,676,34561
554081,Pasečnice,Domažlice,Plzeňský kraj,195,34401
554090,Pec,Domažlice,Plzeňský kraj,206,34401
554103,Řídeč,Olomouc,Olomoucký kraj,188,78501
554111,Poběžovice,Domažlice,Plzeňský kraj,1541,34522
554120,Pocinovice,Domažlice,Plzeňský kraj,589,34506|34509
554138,Postřekov,Domažlice,Plzeňský kraj,1102,34535
554146,Vernířovice,Šumperk,Olomoucký kraj,196,78815
554154,Puclice,Domažlice,Plzeňský kraj,370,34561
554162,Crhov,Blansko,Jihomoravský kraj,170,67974
554171,Šenov u Nového Jičína,Nový Jičín,Moravskoslezský kraj,2088,74242
554189,Rybník,Domažlice,Plzeňský kraj,158,34525
554197,Branka u Opavy,Opava,Moravskoslezský kraj,1063,74741
554201,Semněvice,Domažlice,Plzeňský kraj,213,34601
554251,Spáňov,Domažlice,Plzeňský kraj,214,34401
554260,Srbice,Domažlice,Plzeňský kraj,406,33452|34543
554278,Srby,Domažlice,Plzeňský kraj,477,34601
554294,Staňkov,Domažlice,Plzeňský kraj,3363,34561
554316,Stráž,Domažlice,Plzeňský kraj,220,34401
554341,Tlumačov,Domažlice,Plzeňský kraj,404,34401
554359,Trhanov,Domažlice,Plzeňský kraj,521,34401|34533
554383,Újezd,Domažlice,Plzeňský kraj,449,34401
554391,Únějovice,Domažlice,Plzeňský kraj,107,34543
554405,Úsilov,Domažlice,Plzeňský kraj,130,34506
554413,Velký Malahov,Domažlice,Plzeňský kraj,227,34601
554421,Vidice,Domažlice,Plzeňský kraj,183,34601
554448,Všepadly,Domažlice,Plzeňský kraj,46,34543
554456,Všeruby,Domažlice,Plzeňský kraj,806,34401|34506|34507
554464,Zahořany,Domažlice,Plzeňský kraj,1070,34401|34506|34543
554472,Ždánov,Domažlice,Plzeňský kraj,150,34401
554481,Cheb,Cheb,Karlovarský kraj,32892,35002|35134
554499,Aš,Cheb,Karlovarský kraj,12683,35201
554502,Dolní Žandov,Cheb,Karlovarský kraj,1186,35002|35493
554511,Drmoul,Cheb,Karlovarský kraj,1046,35301
554529,Františkovy Lázně,Cheb,Karlovarský kraj,5648,35002|35101
554545,Hazlov,Cheb,Karlovarský kraj,1507,35132|35201
554553,Hranice,Cheb,Karlovarský kraj,2070,35124|35201
554596,Křižovatka,Cheb,Karlovarský kraj,261,35134
554600,Lázně Kynžvart,Cheb,Karlovarský kraj,1403,35491
554618,Libá,Cheb,Karlovarský kraj,817,35002|35131
554626,Lipová,Cheb,Karlovarský kraj,752,35002
554634,Luby,Cheb,Karlovarský kraj,2147,35134|35137
554642,Mariánské Lázně,Cheb,Karlovarský kraj,13921,35301
554651,Milhostov,Cheb,Karlovarský kraj,311,35002|35134
554677,Mnichov,Cheb,Karlovarský kraj,409,35301
554693,Nebanice,Cheb,Karlovarský kraj,320,35002
554707,Nový Kostel,Cheb,Karlovarský kraj,530,35134
554740,Plesná,Cheb,Karlovarský kraj,1890,35134|35135
554782,Praha,Praha,Hlavní město Praha,1407084,10000|10100|10200|10300|10400|10600|10700|10800|10900|11000|11101|11800|11900|12000|12800|13000|14000|14100|14200|14300|14700|14800|14900|15000|15200|15300|15400|15500|15521|15531|15600|15800|15900|16000|16100|16200|16300|16400|16500|16900|17000|17100|18000|18100|18200|18400|18600|19000|19011|19012|19014|19015|19016|19017|19300|19600|19700|19800|19900|25226|25228
554791,Plzeň,Plzeň-město,Plzeňský kraj,187863,30100|31200|31600|31800|32100|32200|32300|32600
554804,Ústí nad Labem,Ústí nad Labem,Ústecký kraj,90035,40001|40002|40003|40007|40010|40011|40302|40321|40322|40331|40340
554812,Skalná,Cheb,Karlovarský kraj,1875,35134
554821,Ostrava,Ostrava-město,Moravskoslezský kraj,280853,70030|70200|70300|70800|70900|71000|71100|71200|71300|71500|71600|71700|71800|71900|72000|72100|72200|72300|72400|72525|72526|72527|72528|72529|73924|73932|73934
554847,Mrákotín,Chrudim,Pardubický kraj,347,53901
554855,Trstěnice,Cheb,Karlovarský kraj,407,35301
554863,Dolní Brusnice,Trutnov,Královéhradecký kraj,377,54472
554871,Střítež,Třebíč,Kraj Vysočina,555,67401
554880,Tři Sekery,Cheb,Karlovarský kraj,1072,35301
554898,Rostěnice-Zvonovice,Vyškov,Jihomoravský kraj,650,68201
554901,Křelov-Břuchotín,Olomouc,Olomoucký kraj,1996,78336
554910,Vražné,Nový Jičín,Moravskoslezský kraj,848,74235
554928,Vendryně,Frýdek-Místek,Moravskoslezský kraj,4511,73994|73995
554936,Bítov,Nový Jičín,Moravskoslezský kraj,488,74301
554944,Mrsklesy,Olomouc,Olomoucký kraj,715,78365
554952,Otradov,Chrudim,Pardubický kraj,279,53943
554961,Karlovy Vary,Karlovy Vary,Karlovarský kraj,48788,36001|36004|36005|36006|36007|36010|36017|36018|36464
554979,Abertamy,Karlovy Vary,Karlovarský kraj,817,36235
554995,Bečov nad Teplou,Karlovy Vary,Karlovarský kraj,911,36464
555029,Bochov,Karlovy Vary,Karlovarský kraj,1876,36471
555045,Božičany,Karlovy Vary,Karlovarský kraj,589,36225
555088,Havířov,Karviná,Moravskoslezský kraj,67998,73564|73601
555134,Pardubice,Pardubice,Pardubický kraj,92713,53002|53003|53006|53009|53012|53301|53333|53351|53352|53353
555169,Horní Blatná,Karlovy Vary,Karlovarský kraj,350,36235
555185,Hroznětín,Karlovy Vary,Karlovarský kraj,2179,36233|36301
555193,Těchlovice,Děčín,Ústecký kraj,503,40502
555207,Chyše,Karlovy Vary,Karlovarský kraj,586,36453
555215,Jáchymov,Karlovy Vary,Karlovarský kraj,2248,36251|36301
555223,Velké Chvojno,Ústí nad Labem,Ústecký kraj,872,40002|40334
555231,Suchohrdly,Znojmo,Jihomoravský kraj,1431,66902
555240,Semanín,Ústí nad Orlicí,Pardubický kraj,656,56002
555258,Kolová,Karlovy Vary,Karlovarský kraj,952,36001
555266,Nová Ves u Světlé,Havlíčkův Brod,Kraj Vysočina,549,58291
555274,Nové Sedlice,Opava,Moravskoslezský kraj,506,74706
555282,Kurdějov,Břeclav,Jihomoravský kraj,462,69301
555291,Chotěbuz,Karviná,Moravskoslezský kraj,1412,73561
555304,Krásné Údolí,Karlovy Vary,Karlovarský kraj,389,36401
555312,Kujavy,Nový Jičín,Moravskoslezský kraj,584,74245
555347,Kyselka,Karlovy Vary,Karlovarský kraj,820,36272
555363,Merklín,Karlovy Vary,Karlovarský kraj,888,36234|36301
555380,Nejdek,Karlovy Vary,Karlovarský kraj,7647,36221|36222|36225
555398,Nová Role,Karlovy Vary,Karlovarský kraj,4298,36225
555428,Ostrov,Karlovy Vary,Karlovarský kraj,15615,36251|36301
555444,Otročín,Karlovy Vary,Karlovarský kraj,438,36401|36464
555452,Pernink,Karlovy Vary,Karlovarský kraj,581,36235|36236
555479,Potůčky,Karlovy Vary,Karlovarský kraj,405,36235
555525,Pšov,Karlovy Vary,Karlovarský kraj,595,36452
555533,Sadov,Karlovy Vary,Karlovarský kraj,1298,36001
555550,Stanovice,Karlovy Vary,Karlovarský kraj,652,36001
555584,Stráž nad Ohří,Karlovy Vary,Karlovarský kraj,565,36301|43151
555592,Stružná,Karlovy Vary,Karlovarský kraj,633,36471
555614,Šemnice,Karlovy Vary,Karlovarský kraj,659,36272
555622,Štědrá,Karlovy Vary,Karlovarský kraj,543,36452
555631,Teplá,Cheb,Karlovarský kraj,2909,35301|36461
555657,Toužim,Karlovy Vary,Karlovarský kraj,3458,36401
555681,Útvina,Karlovy Vary,Karlovarský kraj,590,36401
555690,Valeč,Karlovy Vary,Karlovarský kraj,320,36452|36453|44101
555703,Velichov,Karlovy Vary,Karlovarský kraj,499,36301
555711,Verušičky,Karlovy Vary,Karlovarský kraj,456,36452
555738,Vojkovice,Karlovy Vary,Karlovarský kraj,640,36273|36301
555762,Žlutice,Karlovy Vary,Karlovarský kraj,2153,36452|36453|36471
555771,Klatovy,Klatovy,Plzeňský kraj,22921,33901
555797,Běšiny,Klatovy,Plzeňský kraj,815,33901
555801,Bezděkov,Klatovy,Plzeňský kraj,962,33901
555835,Bolešiny,Klatovy,Plzeňský kraj,796,33901
555894,Budětice,Klatovy,Plzeňský kraj,301,34101|34201
555941,Čachrov,Klatovy,Plzeňský kraj,485,33901|34142
556041,Dešenice,Klatovy,Plzeňský kraj,696,34021|34022
556068,Dlažov,Klatovy,Plzeňský kraj,488,33901|34021
556076,Dlouhá Ves,Klatovy,Plzeňský kraj,867,34201
556084,Prášily,Klatovy,Plzeňský kraj,153,34201
556106,Dolany,Klatovy,Plzeňský kraj,973,33901
556181,Hartmanice,Klatovy,Plzeňský kraj,929,34142|34201
556203,Hlavňovice,Klatovy,Plzeňský kraj,488,34142|34201
556254,Horažďovice,Klatovy,Plzeňský kraj,5056,34101
556301,Hrádek,Klatovy,Plzeňský kraj,1328,34142|34201
556319,Hradešice,Klatovy,Plzeňský kraj,426,34101
556335,Chanovice,Klatovy,Plzeňský kraj,788,34101
556343,Chlistov,Klatovy,Plzeňský kraj,135,33901
556378,Chudenice,Klatovy,Plzeňský kraj,777,33901|34012
556386,Chudenín,Klatovy,Plzeňský kraj,660,34022
556394,Janovice nad Úhlavou,Klatovy,Plzeňský kraj,2455,34021|34022
556432,Kašperské Hory,Klatovy,Plzeňský kraj,1369,34192
556467,Kolinec,Klatovy,Plzeňský kraj,1427,34142
556505,Křenice,Klatovy,Plzeňský kraj,218,34012
556629,Malý Bor,Klatovy,Plzeňský kraj,494,34101
556637,Měčín,Klatovy,Plzeňský kraj,1120,33501|34012
556718,Mochtín,Klatovy,Plzeňský kraj,1160,33901
556726,Mokrosuky,Klatovy,Plzeňský kraj,144,34201
556734,Myslív,Klatovy,Plzeňský kraj,423,34101
556751,Nalžovské Hory,Klatovy,Plzeňský kraj,1151,34101|34142
556815,Nezdice na Šumavě,Klatovy,Plzeňský kraj,333,34201
556831,Nýrsko,Klatovy,Plzeňský kraj,5023,34022
556858,Bravantice,Nový Jičín,Moravskoslezský kraj,1082,74281
556866,Lhota u Vsetína,Vsetín,Zlínský kraj,792,75501
556874,Petrůvka,Zlín,Zlínský kraj,318,76321
556882,Rabštejnská Lhota,Chrudim,Pardubický kraj,888,53701|53821
556912,Pačejov,Klatovy,Plzeňský kraj,677,34101
556921,Petrovice u Sušice,Klatovy,Plzeňský kraj,664,34201
556947,Pila,Karlovy Vary,Karlovarský kraj,573,36001
556955,Plánice,Klatovy,Plzeňský kraj,1627,33901|34034|34101|34142
556963,Spešov,Blansko,Jihomoravský kraj,648,67902
556971,Ropice,Frýdek-Místek,Moravskoslezský kraj,1728,73961
556980,Rokytnice,Zlín,Zlínský kraj,587,76321
556998,Jezernice,Přerov,Olomoucký kraj,662,75131
557005,Předslav,Klatovy,Plzeňský kraj,829,33901
557013,Rabí,Klatovy,Plzeňský kraj,504,34201
557021,Rejštejn,Klatovy,Plzeňský kraj,234,34192
557030,Skorkov,Mladá Boleslav,Středočeský kraj,744,29474
557048,Mouřínov,Vyškov,Jihomoravský kraj,507,68501
557081,Sytno,Tachov,Plzeňský kraj,296,34901
557099,Soběšice,Klatovy,Plzeňský kraj,378,34201
557102,Bohuslavice nad Vláří,Zlín,Zlínský kraj,349,76321
557111,Srní,Klatovy,Plzeňský kraj,269,34192
557129,Strašín,Klatovy,Plzeňský kraj,310,34201
557137,Strážov,Klatovy,Plzeňský kraj,1374,33901|34021
557145,Lukoveček,Zlín,Zlínský kraj,447,76316|76841
557153,Sušice,Klatovy,Plzeňský kraj,10689,34201
557161,Svéradice,Klatovy,Plzeňský kraj,285,34101
557170,Ostrata,Zlín,Zlínský kraj,426,76311
557188,Šelešovice,Kroměříž,Zlínský kraj,342,76701
557196,Pavlovice u Kojetína,Prostějov,Olomoucký kraj,286,79827|79830
557200,Švihov,Klatovy,Plzeňský kraj,1673,34012
557218,Kobylá nad Vidnavkou,Jeseník,Olomoucký kraj,353,79065
557226,Písečná,Frýdek-Místek,Moravskoslezský kraj,1067,73991
557366,Velhartice,Klatovy,Plzeňský kraj,858,34142
557374,Velké Hydčice,Klatovy,Plzeňský kraj,218,34101
557382,Velký Bor,Klatovy,Plzeňský kraj,566,34101
557455,Vrhaveč,Klatovy,Plzeňský kraj,930,33901
557463,Zavlekov,Klatovy,Plzeňský kraj,413,34034|34142
557528,Železná Ruda,Klatovy,Plzeňský kraj,1580,34004|34022
557536,Žihobce,Klatovy,Plzeňský kraj,579,34201
557544,Žichovice,Klatovy,Plzeňský kraj,619,34201
557587,Blovice,Plzeň-jih,Plzeňský kraj,4258,33601
557641,Čižice,Plzeň-jih,Plzeňský kraj,560,33209
557650,Čížkov,Plzeň-jih,Plzeňský kraj,676,33501|33563|33564
557668,Dnešice,Plzeň-jih,Plzeňský kraj,890,33401|33443
557676,Dobřany,Plzeň-jih,Plzeňský kraj,6483,32100|33441
557684,Dolní Lukavice,Plzeň-jih,Plzeňský kraj,1085,33401|33444
557722,Horšice,Plzeň-jih,Plzeňský kraj,428,33401|33455
557731,Hradec,Plzeň-jih,Plzeňský kraj,618,33211
557749,Hradiště,Plzeň-jih,Plzeňský kraj,219,33544
557773,Chlum,Plzeň-jih,Plzeňský kraj,240,33204
557781,Chlumčany,Plzeň-jih,Plzeňský kraj,2419,33401|33442
557803,Chocenice,Plzeň-jih,Plzeňský kraj,650,33501|33601
557838,Chotěšov,Plzeň-jih,Plzeňský kraj,3051,33214|33301
557846,Chválenice,Plzeň-město,Plzeňský kraj,762,33204|33205
557862,Kasejovice,Plzeň-jih,Plzeňský kraj,1368,33501|33544
557871,Kbel,Plzeň-jih,Plzeňský kraj,286,34012
557897,Klášter,Plzeň-jih,Plzeňský kraj,215,33501
557943,Kramolín,Plzeň-jih,Plzeňský kraj,111,33501
557951,Letiny,Plzeň-jih,Plzeňský kraj,713,33601
558001,Losiná,Plzeň-město,Plzeňský kraj,1427,33204
558010,Louňová,Plzeň-jih,Plzeňský kraj,116,33601
558028,Lužany,Plzeň-jih,Plzeňský kraj,723,33401|33454
558044,Merklín,Plzeň-jih,Plzeňský kraj,1169,33452
558052,Mileč,Plzeň-jih,Plzeňský kraj,375,33501
558061,Mladý Smolivec,Plzeň-jih,Plzeňský kraj,666,33501|33543
558079,Mohelnice,Plzeň-jih,Plzeňský kraj,68,33501
558095,Nekvasovy,Plzeň-jih,Plzeňský kraj,193,33547
558109,Nepomuk,Plzeň-jih,Plzeňský kraj,3538,33501|33503
558117,Netunice,Plzeň-jih,Plzeňský kraj,212,33204
558125,Neurazy,Plzeň-jih,Plzeňský kraj,702,33501|33555
558141,Nezvěstice,Plzeň-město,Plzeňský kraj,1461,33204
558176,Nové Mitrovice,Plzeň-jih,Plzeňský kraj,360,33563
558184,Oselce,Plzeň-jih,Plzeňský kraj,356,33501|33546
558231,Prádlo,Plzeň-jih,Plzeňský kraj,224,33501
558249,Přeštice,Plzeň-jih,Plzeňský kraj,6757,33401
558257,Příchovice,Plzeň-jih,Plzeňský kraj,1233,33401
558265,Ptenín,Plzeň-jih,Plzeňský kraj,200,33452
558290,Roupov,Plzeň-jih,Plzeňský kraj,278,33453
558303,Řenče,Plzeň-jih,Plzeňský kraj,933,33401|33601
558311,Seč,Plzeň-jih,Plzeňský kraj,323,33601
558346,Soběkury,Plzeň-jih,Plzeňský kraj,630,33401
558362,Spálené Poříčí,Plzeň-jih,Plzeňský kraj,3034,33561|33563
558371,Starý Plzenec,Plzeň-město,Plzeňský kraj,5290,33202
558389,Stod,Plzeň-jih,Plzeňský kraj,3694,33301
558401,Střížovice,Plzeň-jih,Plzeňský kraj,374,33207
558419,Držovice,Prostějov,Olomoucký kraj,1726,79607
558427,Šťáhlavy,Plzeň-město,Plzeňský kraj,2894,33203|33204
558435,Štěnovice,Plzeň-jih,Plzeňský kraj,2356,33209
558443,Ladná,Břeclav,Jihomoravský kraj,1271,69146
558460,Tymákov,Plzeň-město,Plzeňský kraj,1089,33201
558486,Útušice,Plzeň-jih,Plzeňský kraj,711,33209
558494,Ves Touškov,Plzeň-jih,Plzeňský kraj,332,33301
558559,Vrčeň,Plzeň-jih,Plzeňský kraj,408,33541
558567,Vstiš,Plzeň-jih,Plzeňský kraj,575,33441
558583,Zdemyslice,Plzeň-jih,Plzeňský kraj,682,33601
558591,Zemětice,Plzeň-jih,Plzeňský kraj,363,33452
558605,Ždírec,Plzeň-jih,Plzeňský kraj,498,33601
558630,Žinkovy,Plzeň-jih,Plzeňský kraj,857,33501|33554|33601
558656,Bezvěrov,Plzeň-sever,Plzeňský kraj,666,33041
558672,Blatnice,Plzeň-sever,Plzeňský kraj,915,33025
558699,Bučí,Plzeň-sever,Plzeňský kraj,183,33152
558711,Čeminy,Plzeň-sever,Plzeňský kraj,343,33033
558745,Česká Bříza,Plzeň-sever,Plzeňský kraj,579,33011
558770,Dobříč,Plzeň-sever,Plzeňský kraj,427,33005|33151
558788,Dolany,Plzeň-sever,Plzeňský kraj,288,33011
558796,Dolní Bělá,Plzeň-sever,Plzeňský kraj,461,33152
558800,Dolní Hradiště,Plzeň-sever,Plzeňský kraj,74,33151
558834,Druztová,Plzeň-sever,Plzeňský kraj,786,33007
558851,Dýšina,Plzeň-město,Plzeňský kraj,1941,33002
558869,Heřmanova Huť,Plzeň-sever,Plzeňský kraj,1949,33023|33024
558877,Horní Bělá,Plzeň-sever,Plzeňský kraj,585,33152
558885,Horní Bříza,Plzeň-sever,Plzeňský kraj,4041,33012
558915,Hromnice,Plzeň-sever,Plzeňský kraj,1349,33011
558931,Hvozd,Plzeň-sever,Plzeňský kraj,261,33101
558940,Chotíkov,Plzeň-sever,Plzeňský kraj,1307,33017
558966,Chrást,Plzeň-město,Plzeňský kraj,1912,33003
558974,Chříč,Plzeň-sever,Plzeňský kraj,239,33141
558982,Jarov,Plzeň-sever,Plzeňský kraj,145,33151
558991,Kaceřov,Plzeň-sever,Plzeňský kraj,163,33151
559008,Kaznějov,Plzeň-sever,Plzeňský kraj,3087,33151
559016,Nasavrky,Tábor,Jihočeský kraj,92,39131
559024,Kopidlo,Plzeň-sever,Plzeňský kraj,140,33141
559032,Koryta,Plzeň-sever,Plzeňský kraj,121,33151
559041,Kozojedy,Plzeň-sever,Plzeňský kraj,642,33141
559059,Kozolupy,Plzeň-sever,Plzeňský kraj,1075,33032
559067,Kožlany,Plzeň-sever,Plzeňský kraj,1520,33141|33144
559075,Kralovice,Plzeň-sever,Plzeňský kraj,3450,33141
559083,Krašovice,Plzeň-sever,Plzeňský kraj,353,33013
559091,Krsy,Plzeň-sever,Plzeňský kraj,264,33038|33162
559105,Křelovice,Plzeň-sever,Plzeňský kraj,227,33036|34952
559121,Kunějovice,Plzeň-sever,Plzeňský kraj,168,33035
559130,Kyšice,Plzeň-město,Plzeňský kraj,1148,33001
559148,Ledce,Plzeň-sever,Plzeňský kraj,935,33014
559164,Líně,Plzeň-sever,Plzeňský kraj,2879,33021
559172,Líšťany,Plzeň-sever,Plzeňský kraj,791,33035
559202,Manětín,Plzeň-sever,Plzeňský kraj,1143,33162
559211,Město Touškov,Plzeň-sever,Plzeňský kraj,2495,33033
559237,Mladotice,Plzeň-sever,Plzeňský kraj,558,33141
559245,Mrtník,Plzeň-sever,Plzeňský kraj,341,33152
559253,Nadryby,Plzeň-sever,Plzeňský kraj,130,33011
559261,Nečtiny,Plzeň-sever,Plzeňský kraj,642,33162
559270,Nekmíř,Plzeň-sever,Plzeňský kraj,554,33152
559288,Nevřeň,Plzeň-sever,Plzeňský kraj,302,33011
559300,Nýřany,Plzeň-sever,Plzeňský kraj,6994,33023
559318,Obora,Plzeň-sever,Plzeňský kraj,582,33151
559326,Ostrov u Bezdružic,Plzeň-sever,Plzeňský kraj,197,33036|33038
559334,Pernarec,Plzeň-sever,Plzeňský kraj,734,33036
559351,Plasy,Plzeň-sever,Plzeňský kraj,2888,33101
559369,Plešnice,Plzeň-sever,Plzeňský kraj,284,33033
559377,Pňovany,Plzeň-sever,Plzeňský kraj,468,33033|34901
559393,Přehýšov,Plzeň-sever,Plzeňský kraj,592,33023
559423,Rochlov,Plzeň-sever,Plzeňský kraj,307,33023
559431,Rybnice,Plzeň-sever,Plzeňský kraj,629,33151
559482,Tis u Blatna,Plzeň-sever,Plzeňský kraj,117,33165
559491,Tlučná,Plzeň-sever,Plzeňský kraj,3427,33026
559504,Trnová,Plzeň-sever,Plzeňský kraj,980,33013
559521,Třemošná,Plzeň-sever,Plzeňský kraj,5112,33011
559555,Úlice,Plzeň-sever,Plzeňský kraj,485,33033
559563,Úněšov,Plzeň-sever,Plzeňský kraj,624,33035|33036|33038
559571,Úterý,Plzeň-sever,Plzeňský kraj,434,33040|33041
559580,Vejprnice,Plzeň-sever,Plzeňský kraj,4665,33027
559601,Vochov,Plzeň-sever,Plzeňský kraj,1989,33023
559628,Všeruby,Plzeň-sever,Plzeňský kraj,1746,33011|33016|33035
559661,Zbůch,Plzeň-sever,Plzeňský kraj,3057,33022|33023
559679,Zruč-Senec,Plzeň-sever,Plzeňský kraj,3522,33008
559695,Žihle,Plzeň-sever,Plzeňský kraj,1275,33165
559709,Žilov,Plzeň-sever,Plzeňský kraj,459,33011
559717,Rokycany,Rokycany,Plzeňský kraj,14248,33701
559725,Břasy,Rokycany,Plzeňský kraj,2314,33824
559733,Březina,Rokycany,Plzeňský kraj,399,33824
559741,Bujesily,Rokycany,Plzeňský kraj,89,33141
559750,Bušovice,Rokycany,Plzeňský kraj,660,33824
559768,Cekov,Rokycany,Plzeňský kraj,187,33808
559776,Dobřív,Rokycany,Plzeňský kraj,1351,33701|33844
559792,Ejpovice,Rokycany,Plzeňský kraj,828,33701
559806,Hlohovice,Rokycany,Plzeňský kraj,350,33808|33828
559814,Holoubkov,Rokycany,Plzeňský kraj,1454,33801
559822,Hrádek,Rokycany,Plzeňský kraj,2705,33842
559849,Hůrky,Rokycany,Plzeňský kraj,230,33701
559857,Cheznovice,Rokycany,Plzeňský kraj,780,33806
559903,Kařez,Rokycany,Plzeňský kraj,746,33808
559911,Klabava,Rokycany,Plzeňský kraj,530,33841
559920,Kladruby,Rokycany,Plzeňský kraj,152,33808
559946,Lhotka u Radnic,Rokycany,Plzeňský kraj,84,33824
559954,Liblín,Rokycany,Plzeňský kraj,268,33141
559962,Líšná,Rokycany,Plzeňský kraj,205,33808
559997,Mirošov,Rokycany,Plzeňský kraj,2216,33843
560006,Mlečice,Rokycany,Plzeňský kraj,335,33808
560014,Mýto,Rokycany,Plzeňský kraj,1640,33805
560057,Osek,Rokycany,Plzeňský kraj,1448,33701|33821
560081,Podmokly,Rokycany,Plzeňský kraj,255,33808
560111,Přívětice,Rokycany,Plzeňský kraj,197,33828
560120,Radnice,Rokycany,Plzeňský kraj,1829,33828
560146,Sebečice,Rokycany,Plzeňský kraj,80,33808
560162,Strašice,Rokycany,Plzeňský kraj,2805,33845
560171,Budyně,Strakonice,Jihočeský kraj,53,38773
560189,Těně,Rokycany,Plzeňský kraj,308,33845
560197,Lažany,Strakonice,Jihočeský kraj,55,38801
560201,Nová Ves,Strakonice,Jihočeský kraj,105,34201|38719
560219,Drachkov,Strakonice,Jihočeský kraj,196,38601
560227,Vejvanov,Rokycany,Plzeňský kraj,254,33828
560235,Veselá,Rokycany,Plzeňský kraj,321,33701
560243,Droužetice,Strakonice,Jihočeský kraj,132,38601
560251,Volduchy,Rokycany,Plzeňský kraj,1263,33822
560260,Zbiroh,Rokycany,Plzeňský kraj,2500,33808
560278,Mutěnice,Strakonice,Jihočeský kraj,273,38601
560286,Sokolov,Sokolov,Karlovarský kraj,21908,35601
560294,Březová,Sokolov,Karlovarský kraj,2640,35601
560308,Bublava,Sokolov,Karlovarský kraj,409,35801
560316,Bukovany,Sokolov,Karlovarský kraj,1476,35755
560324,Citice,Sokolov,Karlovarský kraj,838,35601|35709
560332,Dasnice,Sokolov,Karlovarský kraj,249,35709
560341,Dolní Nivy,Sokolov,Karlovarský kraj,368,35601
560359,Habartov,Sokolov,Karlovarský kraj,4614,35709
560367,Horní Slavkov,Sokolov,Karlovarský kraj,5071,35731
560375,Chlum Svaté Maří,Sokolov,Karlovarský kraj,314,35709
560383,Chodov,Sokolov,Karlovarský kraj,12451,35735
560391,Kuřimany,Strakonice,Jihočeský kraj,47,38601
560405,Kladruby,Strakonice,Jihočeský kraj,129,38716
560413,Jindřichovice,Sokolov,Karlovarský kraj,543,35601|35801
560421,Kaceřov,Sokolov,Karlovarský kraj,404,35751
560430,Zhoř u Tábora,Tábor,Jihočeský kraj,177,39002
560448,Běleč,Tábor,Jihočeský kraj,197,39143
560456,Krajková,Sokolov,Karlovarský kraj,920,35708|35709
560464,Královské Poříčí,Sokolov,Karlovarský kraj,768,35601
560472,Kraslice,Sokolov,Karlovarský kraj,6369,35801
560481,Hlasivo,Tábor,Jihočeský kraj,133,39143
560499,Kynšperk nad Ohří,Sokolov,Karlovarský kraj,4537,35751
560502,Libavské Údolí,Sokolov,Karlovarský kraj,513,35751
560511,Řemíčov,Tábor,Jihočeský kraj,106,39143
560529,Dolní Hrachovice,Tábor,Jihočeský kraj,130,39143
560537,Loket,Sokolov,Karlovarský kraj,2990,35731|35733
560545,Lomnice,Sokolov,Karlovarský kraj,1344,35601
560553,Pohnánec,Tábor,Jihočeský kraj,61,39143
560561,Nová Ves,Sokolov,Karlovarský kraj,229,35301|36464
560570,Nové Sedlo,Sokolov,Karlovarský kraj,2527,35734|35735
560588,Oloví,Sokolov,Karlovarský kraj,1618,35707|35709
560596,Přebuz,Sokolov,Karlovarský kraj,67,35801
560600,Rotava,Sokolov,Karlovarský kraj,2753,35701|35801
560618,Rovná,Sokolov,Karlovarský kraj,338,35601
560626,Rodná,Tábor,Jihočeský kraj,97,39143
560634,Krátošice,Tábor,Jihočeský kraj,122,39201
560642,Staré Sedlo,Sokolov,Karlovarský kraj,785,35601
560651,Stříbrná,Sokolov,Karlovarský kraj,449,35801
560669,Skrýchov u Malšic,Tábor,Jihočeský kraj,156,39175
560677,Šindelová,Sokolov,Karlovarský kraj,296,35801
560685,Vintířov,Sokolov,Karlovarský kraj,1245,35735
560707,Vřesová,Sokolov,Karlovarský kraj,430,35735
560715,Tachov,Tachov,Plzeňský kraj,14308,34701
560723,Benešovice,Tachov,Plzeňský kraj,281,34901
560740,Bezdružice,Tachov,Plzeňský kraj,924,34953
560758,Bor,Tachov,Plzeňský kraj,4824,34801|34802|34815
560782,Cebiv,Tachov,Plzeňský kraj,262,34952
560804,Částkov,Tachov,Plzeňský kraj,344,34801
560812,Černošín,Tachov,Plzeňský kraj,1193,34901|34958
560839,Dlouhý Újezd,Tachov,Plzeňský kraj,394,34701
560855,Erpužice,Tachov,Plzeňský kraj,350,34901
560863,Halže,Tachov,Plzeňský kraj,1092,34701
560898,Hošťka,Tachov,Plzeňský kraj,457,34806
560901,Chodová Planá,Tachov,Plzeňský kraj,2004,34813
560910,Chodský Újezd,Tachov,Plzeňský kraj,834,34815
560928,Kladruby,Tachov,Plzeňský kraj,1668,34901|34961
560952,Konstantinovy Lázně,Tachov,Plzeňský kraj,908,34952|34953
560979,Kšice,Tachov,Plzeňský kraj,238,34901
560987,Drunče,Jindřichův Hradec,Jihočeský kraj,52,37821
560995,Rosička,Jindřichův Hradec,Jihočeský kraj,65,37821
561002,Lesná,Tachov,Plzeňský kraj,474,34701
561011,Lestkov,Tachov,Plzeňský kraj,435,34953
561029,Světce,Jindřichův Hradec,Jihočeský kraj,133,37821
561037,Vícemil,Jindřichův Hradec,Jihočeský kraj,69,37821
561045,Smržov,Jindřichův Hradec,Jihočeský kraj,110,37901
561053,Bednáreček,Jindřichův Hradec,Jihočeský kraj,171,37842
561061,Horní Skrýchov,Jindřichův Hradec,Jihočeský kraj,261,37701
561070,Pístina,Jindřichův Hradec,Jihočeský kraj,109,37802|37818
561088,Příbraz,Jindřichův Hradec,Jihočeský kraj,270,37802|37901
561096,Hojovice,Pelhřimov,Kraj Vysočina,84,39501
561100,Lidmaň,Pelhřimov,Kraj Vysočina,268,39501
561118,Bácovice,Pelhřimov,Kraj Vysočina,95,39301
561126,Bělá,Pelhřimov,Kraj Vysočina,60,39301
561134,Planá,Tachov,Plzeňský kraj,5528,34815
561142,Černov,Pelhřimov,Kraj Vysočina,141,39301
561151,Přimda,Tachov,Plzeňský kraj,1555,34806
561169,Rozvadov,Tachov,Plzeňský kraj,858,34806
561177,Nová Buková,Pelhřimov,Kraj Vysočina,121,39301
561185,Staré Sedliště,Tachov,Plzeňský kraj,1336,34801
561193,Staré Sedlo,Tachov,Plzeňský kraj,287,34802
561207,Stráž,Tachov,Plzeňský kraj,1369,34802|34806
561215,Stříbro,Tachov,Plzeňský kraj,8218,34901
561223,Studánka,Tachov,Plzeňský kraj,583,34701
561231,Sulislav,Tachov,Plzeňský kraj,231,34901
561240,Bořetice,Pelhřimov,Kraj Vysočina,99,39501
561258,Svojšín,Tachov,Plzeňský kraj,479,34901
561266,Litohošť,Pelhřimov,Kraj Vysočina,85,39501
561274,Rovná,Pelhřimov,Kraj Vysočina,60,39501
561282,Lhota-Vlasenice,Pelhřimov,Kraj Vysočina,116,39470
561291,Trpísty,Tachov,Plzeňský kraj,268,34901
561304,Třemešné,Tachov,Plzeňský kraj,359,34806
561312,Buřenice,Pelhřimov,Kraj Vysočina,221,39501
561321,Chyšná,Pelhřimov,Kraj Vysočina,124,39501
561339,Chýstovice,Pelhřimov,Kraj Vysočina,44,39501
561347,Martinice u Onšova,Pelhřimov,Kraj Vysočina,52,39501
561355,Těchobuz,Pelhřimov,Kraj Vysočina,77,39501
561363,Zhořec,Pelhřimov,Kraj Vysočina,110,39501
561371,Krasíkovice,Pelhřimov,Kraj Vysočina,134,39301
561380,Česká Lípa,Česká Lípa,Liberecký kraj,36364,47001|47006|47111|47121
561398,Bezděz,Česká Lípa,Liberecký kraj,355,47201
561401,Blatce,Česká Lípa,Liberecký kraj,120,47201
561410,Blíževedly,Česká Lípa,Liberecký kraj,655,47002|47104
561428,Bohatice,Česká Lípa,Liberecký kraj,253,47002
561436,Polesí,Pelhřimov,Kraj Vysočina,113,39464
561444,Brniště,Česká Lípa,Liberecký kraj,1323,47129
561452,Stojčín,Pelhřimov,Kraj Vysočina,104,39468
561461,Jankov,Pelhřimov,Kraj Vysočina,47,39301
561479,Cvikov,Česká Lípa,Liberecký kraj,4520,47154|47156|47158|47301
561487,Střítež pod Křemešníkem,Pelhřimov,Kraj Vysočina,63,39301
561495,Doksy,Česká Lípa,Liberecký kraj,5121,47163|47201
561509,Probulov,Písek,Jihočeský kraj,69,39804
561517,Přeborov,Písek,Jihočeský kraj,141,39901
561525,Horosedly,Písek,Jihočeský kraj,165,39804|39806
561533,Dubá,Česká Lípa,Liberecký kraj,1682,47002|47141|47201
561541,Dubnice,Česká Lípa,Liberecký kraj,659,47126
561550,Kožlí,Písek,Jihočeský kraj,53,39804
561568,Nové Hutě,Prachatice,Jihočeský kraj,94,38501
561576,Budkov,Prachatice,Jihočeský kraj,100,38422
561584,Holany,Česká Lípa,Liberecký kraj,550,47002
561592,Horní Libchava,Česká Lípa,Liberecký kraj,867,47111
561606,Horní Police,Česká Lípa,Liberecký kraj,724,47002|47106
561614,Chlum,Česká Lípa,Liberecký kraj,280,47161|47201
561622,Chotovice,Česká Lípa,Liberecký kraj,190,47301
561631,Jablonné v Podještědí,Liberec,Liberecký kraj,3672,47125
561649,Lčovice,Prachatice,Jihočeský kraj,142,38481
561657,Janovice v Podještědí,Liberec,Liberecký kraj,90,46353
561665,Jestřebí,Česká Lípa,Liberecký kraj,857,47161|47201
561673,Křišťanov,Prachatice,Jihočeský kraj,89,38301
561681,Kamenický Šenov,Česká Lípa,Liberecký kraj,3791,47114
561690,Hájek,Strakonice,Jihočeský kraj,43,38773
561703,Člunek,Jindřichův Hradec,Jihočeský kraj,486,37833|37853|37861
561711,Blažejov,Jindřichův Hradec,Jihočeský kraj,479,37701|37852
561720,Kravaře,Česká Lípa,Liberecký kraj,770,47002|47103
561738,Krompach,Česká Lípa,Liberecký kraj,179,47157
561746,Kunratice u Cvikova,Česká Lípa,Liberecký kraj,626,47155
561754,Eš,Pelhřimov,Kraj Vysočina,62,39501
561762,Dobrá Voda u Pacova,Pelhřimov,Kraj Vysočina,108,39501
561771,Vysoká Lhota,Pelhřimov,Kraj Vysočina,16,39501
561789,Rodinov,Pelhřimov,Kraj Vysočina,232,39470
561797,Vystrkov,Pelhřimov,Kraj Vysočina,271,39601
561801,Bystrá,Pelhřimov,Kraj Vysočina,141,39601
561819,Mysletín,Pelhřimov,Kraj Vysočina,117,39601
561827,Mařenice,Česká Lípa,Liberecký kraj,330,47156|47157
561835,Mimoň,Česká Lípa,Liberecký kraj,6321,47124
561843,Staré Bříště,Pelhřimov,Kraj Vysočina,84,39601
561851,Noviny pod Ralskem,Česká Lípa,Liberecký kraj,305,47124
561860,Nový Bor,Česká Lípa,Liberecký kraj,11257,47118|47301
561878,Nový Oldřichov,Česká Lípa,Liberecký kraj,818,47113
561886,Okna,Česká Lípa,Liberecký kraj,335,47162
561894,Okrouhlá,Česká Lípa,Liberecký kraj,588,47301
561908,Žirov,Pelhřimov,Kraj Vysočina,87,39301
561916,Pavlov,Pelhřimov,Kraj Vysočina,115,39301
561924,Dehtáře,Pelhřimov,Kraj Vysočina,123,39301
561932,Dobrá Voda,Pelhřimov,Kraj Vysočina,209,39301
561941,Proseč pod Křemešníkem,Pelhřimov,Kraj Vysočina,93,39301
561959,Polevsko,Česká Lípa,Liberecký kraj,435,47116
561967,Olešná,Pelhřimov,Kraj Vysočina,564,39301
561975,Zajíčkov,Pelhřimov,Kraj Vysočina,228,39301
561983,Provodín,Česká Lípa,Liberecký kraj,730,47167
561991,Prysk,Česká Lípa,Liberecký kraj,460,47115
562009,Rynárec,Pelhřimov,Kraj Vysočina,653,39301|39401
562017,Ralsko,Česká Lípa,Liberecký kraj,2209,29501|46352|47124
562025,Skalice u České Lípy,Česká Lípa,Liberecký kraj,1639,47117
562033,Útěchovice pod Stražištěm,Pelhřimov,Kraj Vysočina,104,39501
562041,Lesná,Pelhřimov,Kraj Vysočina,60,39501
562050,Sloup v Čechách,Česká Lípa,Liberecký kraj,691,47152
562068,Rakovice,Písek,Jihočeský kraj,227,39804
562076,Sosnová,Česká Lípa,Liberecký kraj,691,47001
562084,Jickovice,Písek,Jihočeský kraj,136,39901
562092,Stráž pod Ralskem,Česká Lípa,Liberecký kraj,3773,47127
562106,Stružnice,Česká Lípa,Liberecký kraj,1018,47001|47002|47108
562114,Stvolínky,Česká Lípa,Liberecký kraj,342,47001|47002|47102
562122,Boudy,Písek,Jihočeský kraj,212,39804
562131,Svor,Česká Lípa,Liberecký kraj,720,47151|47301
562149,Minice,Písek,Jihočeský kraj,27,39804
562157,Nerestce,Písek,Jihočeský kraj,103,39804
562165,Zvíkovské Podhradí,Písek,Jihočeský kraj,204,39701
562173,Velenice,Česká Lípa,Liberecký kraj,172,47002
562181,Křenovice,Písek,Jihočeský kraj,183,39843
562190,Olešná,Písek,Jihočeský kraj,131,39843
562203,Velký Valtinov,Česká Lípa,Liberecký kraj,196,47125
562211,Varvažov,Písek,Jihočeský kraj,197,39701|39804
562220,Volfartice,Česká Lípa,Liberecký kraj,736,47112
562238,Vrchovany,Česká Lípa,Liberecký kraj,123,47201
562246,Zahrádky,Česká Lípa,Liberecký kraj,708,47002|47101
562254,Paseky,Písek,Jihočeský kraj,190,39811
562262,Zákupy,Česká Lípa,Liberecký kraj,2907,47002|47123|47301
562271,Temešvár,Písek,Jihočeský kraj,127,39701
562289,Vojníkov,Písek,Jihočeský kraj,85,39701
562297,Žandov,Česká Lípa,Liberecký kraj,1915,47002|47105|47107
562301,Dolní Novosedly,Písek,Jihočeský kraj,274,39701
562319,Horní Slatina,Jindřichův Hradec,Jihočeský kraj,132,38001
562327,Třebětice,Jindřichův Hradec,Jihočeský kraj,335,38001
562335,Děčín,Děčín,Ústecký kraj,46003,40502|40505|40711
562343,Arnoltice,Děčín,Ústecký kraj,414,40714
562351,Benešov nad Ploučnicí,Děčín,Ústecký kraj,3485,40502|40722
562360,Nová Ves nad Lužnicí,Jindřichův Hradec,Jihočeský kraj,353,37806|37809
562378,Staňkov,Jindřichův Hradec,Jihočeský kraj,206,37806
562386,Hamr,Jindřichův Hradec,Jihočeský kraj,346,37806
562394,Česká Kamenice,Děčín,Ústecký kraj,4984,40502|40721
562408,Dobkovice,Děčín,Ústecký kraj,645,40502|40703
562416,Dobrohošť,Jindřichův Hradec,Jihočeský kraj,45,38001
562424,Županovice,Jindřichův Hradec,Jihočeský kraj,50,37881
562432,Dolní Podluží,Děčín,Ústecký kraj,1162,40755
562441,Dolní Poustevna,Děčín,Ústecký kraj,1673,40747|40782
562459,Polště,Jindřichův Hradec,Jihočeský kraj,102,37701
562467,Dolní Pěna,Jindřichův Hradec,Jihočeský kraj,446,37701
562475,Okrouhlá Radouň,Jindřichův Hradec,Jihočeský kraj,221,37842
562483,Heřmanov,Děčín,Ústecký kraj,499,40502
562491,Kačlehy,Jindřichův Hradec,Jihočeský kraj,113,37701
562505,Horní Podluží,Děčín,Ústecký kraj,821,40757
562513,Hřensko,Děčín,Ústecký kraj,251,40502|40717
562521,Huntířov,Děčín,Ústecký kraj,828,40502
562530,Chřibská,Děčín,Ústecký kraj,1316,40744
562548,Bednárec,Jindřichův Hradec,Jihočeský kraj,115,37842
562556,Jetřichovice,Děčín,Ústecký kraj,384,40502|40716
562564,Jílové,Děčín,Ústecký kraj,4891,40502|40701|40702
562572,Jiřetín pod Jedlovou,Děčín,Ústecký kraj,638,40756|40801
562581,Jiříkov,Děčín,Ústecký kraj,3472,40753
562599,Velký Ratmírov,Jindřichův Hradec,Jihočeský kraj,232,37701|37821
562602,Dolní Žďár,Jindřichův Hradec,Jihočeský kraj,164,37802
562611,Krásná Lípa,Děčín,Ústecký kraj,3296,40746|40747
562629,Vydří,Jindřichův Hradec,Jihočeský kraj,118,37802
562637,Frahelž,Jindřichův Hradec,Jihočeský kraj,155,37901
562645,Kytlice,Děčín,Ústecký kraj,478,40745
562653,Ponědrážka,Jindřichův Hradec,Jihočeský kraj,79,37901
562661,Lipová,Děčín,Ústecký kraj,582,40747|40781
562670,Ponědraž,Jindřichův Hradec,Jihočeský kraj,124,37901
562688,Klec,Jindřichův Hradec,Jihočeský kraj,154,37901
562696,Hadravova Rosička,Jindřichův Hradec,Jihočeský kraj,53,37842
562700,Malá Veleň,Děčín,Ústecký kraj,440,40502
562718,Malšovice,Děčín,Ústecký kraj,1024,40502|40703
562726,Báňovice,Jindřichův Hradec,Jihočeský kraj,104,38001
562734,Nová Olešná,Jindřichův Hradec,Jihočeský kraj,127,37853
562742,Bořetín,Jindřichův Hradec,Jihočeský kraj,103,37853
562751,Mikulášovice,Děčín,Ústecký kraj,2060,40779
562769,Jilem,Jindřichův Hradec,Jihočeský kraj,136,37853|37856
562777,Rumburk,Děčín,Ústecký kraj,10780,40801
562785,Horní Němčice,Jindřichův Hradec,Jihočeský kraj,95,37853
562793,Rybniště,Děčín,Ústecký kraj,728,40747|40751
562807,Halámky,Jindřichův Hradec,Jihočeský kraj,160,37806
562815,Dunajovice,Jindřichův Hradec,Jihočeský kraj,225,37901
562823,Staré Křečany,Děčín,Ústecký kraj,1218,40747|40760|40761|40801
562831,Hrachoviště,Jindřichův Hradec,Jihočeský kraj,84,37901
562840,Domanín,Jindřichův Hradec,Jihočeský kraj,453,37901
562858,Šluknov,Děčín,Ústecký kraj,5569,40747|40777
562866,Mažice,Tábor,Jihočeský kraj,146,39181
562874,Valkeřice,Děčín,Ústecký kraj,412,40502|40724
562882,Varnsdorf,Děčín,Ústecký kraj,14645,40747|40752
562891,Velká Bukovina,Děčín,Ústecký kraj,524,40729
562904,Hodonice,Tábor,Jihočeský kraj,131,39165
562912,Velký Šenov,Děčín,Ústecký kraj,1996,40747|40778
562921,Verneřice,Děčín,Ústecký kraj,1166,40502|40725
562939,Veselé,Děčín,Ústecký kraj,398,40502
562947,Vilémov,Děčín,Ústecký kraj,855,40780
562955,Košín,Tábor,Jihočeský kraj,107,39137
562963,Jedlany,Tábor,Jihočeský kraj,72,39137
562971,Chomutov,Chomutov,Ústecký kraj,46560,43001|43003|43004
562980,Bílence,Chomutov,Ústecký kraj,262,43001
562998,Blatno,Chomutov,Ústecký kraj,627,43001
563005,Boleboř,Chomutov,Ústecký kraj,357,43121
563013,Březno,Chomutov,Ústecký kraj,1446,43145|43801
563021,Černovice,Chomutov,Ústecký kraj,694,43001
563030,Krtov,Tábor,Jihočeský kraj,170,39201
563048,Domašín,Chomutov,Ústecký kraj,194,43151
563056,Droužkovice,Chomutov,Ústecký kraj,836,43144
563064,Hora Svatého Šebestiána,Chomutov,Ústecký kraj,339,43001|43182
563072,Hrušovany,Chomutov,Ústecký kraj,514,43001|43143
563081,Chbany,Chomutov,Ústecký kraj,650,43157|43801
563099,Jirkov,Chomutov,Ústecký kraj,19067,43111
563102,Kadaň,Chomutov,Ústecký kraj,18088,43201
563111,Kalek,Chomutov,Ústecký kraj,251,43132
563129,Klášterec nad Ohří,Chomutov,Ústecký kraj,13980,43151
563137,Kovářská,Chomutov,Ústecký kraj,966,43186
563145,Chrbonín,Tábor,Jihočeský kraj,165,39155
563153,Třebějice,Tábor,Jihočeský kraj,72,39201
563161,Křimov,Chomutov,Ústecký kraj,443,43001
563170,Svrabov,Tábor,Jihočeský kraj,49,39131
563188,Libědice,Chomutov,Ústecký kraj,240,43801
563196,Radimovice u Tábora,Tábor,Jihočeský kraj,62,39131
563200,Málkov,Chomutov,Ústecký kraj,1028,43001|43102
563218,Mašťov,Chomutov,Ústecký kraj,565,43156|44101
563226,Měděnec,Chomutov,Ústecký kraj,147,43184
563234,Meziříčí,Tábor,Jihočeský kraj,181,39131
563242,Místo,Chomutov,Ústecký kraj,433,43001|43158
563251,Balkova Lhota,Tábor,Jihočeský kraj,147,39131
563269,Okounov,Chomutov,Ústecký kraj,437,43151
563277,Otvice,Chomutov,Ústecký kraj,712,43111
563285,Perštejn,Chomutov,Ústecký kraj,1157,43151|43163
563293,Pětipsy,Chomutov,Ústecký kraj,199,43153|43801
563307,Drhovice,Tábor,Jihočeský kraj,227,39131
563315,Kryštofovy Hamry,Chomutov,Ústecký kraj,155,43191
563323,Radonice,Chomutov,Ústecký kraj,1143,43155|43201
563331,Rokle,Chomutov,Ústecký kraj,450,43201
563340,Spořice,Chomutov,Ústecký kraj,1550,43101
563358,Strupčice,Chomutov,Ústecký kraj,1194,43114
563366,Bečice,Tábor,Jihočeský kraj,80,39175
563374,Psárov,Tábor,Jihočeský kraj,106,39201
563382,Údlice,Chomutov,Ústecký kraj,1325,43001|43141
563404,Vejprty,Chomutov,Ústecký kraj,2750,43191
563412,Veliká Ves,Chomutov,Ústecký kraj,328,44101
563439,Vilémov,Chomutov,Ústecký kraj,641,43154|43201
563447,Vlčeves,Tábor,Jihočeský kraj,103,39201|39501
563455,Nová Ves u Mladé Vožice,Tábor,Jihočeský kraj,203,39143
563463,Vrskmaň,Chomutov,Ústecký kraj,368,43111|43115
563471,Všehrdy,Chomutov,Ústecký kraj,143,43001
563480,Všestudy,Chomutov,Ústecký kraj,186,43111
563498,Výsluní,Chomutov,Ústecký kraj,299,43183
563501,Vysoká Pec,Chomutov,Ústecký kraj,1188,43111|43159
563510,Jablonec nad Nisou,Jablonec nad Nisou,Liberecký kraj,46206,46601|46602|46604|46605|46606|46801|46804
563528,Albrechtice v Jizerských horách,Jablonec nad Nisou,Liberecký kraj,335,46843
563536,Bedřichov,Jablonec nad Nisou,Liberecký kraj,389,46812
563544,Libějice,Tábor,Jihočeský kraj,123,39002
563552,Desná,Jablonec nad Nisou,Liberecký kraj,2986,46861
563561,Držkov,Jablonec nad Nisou,Liberecký kraj,581,46824
563579,Frýdštejn,Jablonec nad Nisou,Liberecký kraj,853,46342|46822
563587,Lom,Tábor,Jihočeský kraj,172,39002
563595,Janov nad Nisou,Jablonec nad Nisou,Liberecký kraj,1488,46811
563609,Jenišovice,Jablonec nad Nisou,Liberecký kraj,1306,46833
563617,Jílové u Držkova,Jablonec nad Nisou,Liberecký kraj,233,46822
563625,Haškovcova Lhota,Tábor,Jihočeský kraj,74,39165
563633,Josefův Důl,Jablonec nad Nisou,Liberecký kraj,860,46844
563641,Koberovy,Jablonec nad Nisou,Liberecký kraj,998,46822
563650,Dlouhá Lhota,Tábor,Jihočeský kraj,173,39155
563668,Kořenov,Jablonec nad Nisou,Liberecký kraj,934,46848|46849|46850
563676,Líšný,Jablonec nad Nisou,Liberecký kraj,262,46822
563684,Loužnice,Jablonec nad Nisou,Liberecký kraj,212,46822
563692,Lučany nad Nisou,Jablonec nad Nisou,Liberecký kraj,1958,46602|46844|46871
563706,Malá Skála,Jablonec nad Nisou,Liberecký kraj,1254,46822
563714,Maršovice,Jablonec nad Nisou,Liberecký kraj,638,46801|46821
563722,Černýšovice,Tábor,Jihočeský kraj,81,39165
563731,Nová Ves nad Nisou,Jablonec nad Nisou,Liberecký kraj,905,46821|46827
563749,Pěnčín,Jablonec nad Nisou,Liberecký kraj,2102,46821|46826
563757,Plavy,Jablonec nad Nisou,Liberecký kraj,1024,46846
563765,Drahov,Tábor,Jihočeský kraj,149,37821|39181
563773,Radčice,Jablonec nad Nisou,Liberecký kraj,179,46822
563781,Rádlo,Jablonec nad Nisou,Liberecký kraj,1039,46803
563790,Rychnov u Jablonce nad Nisou,Jablonec nad Nisou,Liberecký kraj,2845,46802
563803,Skuhrov,Jablonec nad Nisou,Liberecký kraj,643,46822
563811,Smržovka,Jablonec nad Nisou,Liberecký kraj,3901,46851
563820,Tanvald,Jablonec nad Nisou,Liberecký kraj,5941,46841
563838,Velké Hamry,Jablonec nad Nisou,Liberecký kraj,2716,46845
563846,Vlastiboř,Jablonec nad Nisou,Liberecký kraj,142,46822
563854,Zásada,Jablonec nad Nisou,Liberecký kraj,901,46825
563862,Zlatá Olešnice,Jablonec nad Nisou,Liberecký kraj,506,46822|46847
563871,Železný Brod,Jablonec nad Nisou,Liberecký kraj,5993,46822
563889,Liberec,Liberec,Liberecký kraj,108214,46001|46005|46006|46007|46008|46010|46014|46015|46311|46312
563897,Žíšov,Tábor,Jihočeský kraj,280,39181
563901,Bílá,Liberec,Liberecký kraj,951,46342|46343
563919,Bílý Kostel nad Nisou,Liberec,Liberecký kraj,1097,46331
563927,Zadní Střítež,Tábor,Jihočeský kraj,36,39143
563935,Bulovka,Liberec,Liberecký kraj,894,46401
563943,Cetenov,Liberec,Liberecký kraj,118,46348|46352
563951,Únice,Strakonice,Jihočeský kraj,63,38601
563960,Český Dub,Liberec,Liberecký kraj,2901,46343
563978,Kubova Huť,Prachatice,Jihočeský kraj,92,38501
563986,Klenovice,Tábor,Jihočeský kraj,704,39201
563994,Dolní Řasnice,Liberec,Liberecký kraj,574,46401
564028,Frýdlant,Liberec,Liberecký kraj,7332,46331|46401
564036,Habartice,Liberec,Liberecký kraj,467,46373
564044,Hejnice,Liberec,Liberecký kraj,2726,46362
564052,Hlavice,Liberec,Liberecký kraj,218,46348
564061,Hodkovice nad Mohelkou,Liberec,Liberecký kraj,3024,46342
564079,Horní Řasnice,Liberec,Liberecký kraj,230,46401
564087,Poštovice,Kladno,Středočeský kraj,221,27372
564095,Hrádek nad Nisou,Liberec,Liberecký kraj,8009,46334
564109,Chotyně,Liberec,Liberecký kraj,1092,46334
564117,Chrastava,Liberec,Liberecký kraj,6349,46331
564125,Plchov,Kladno,Středočeský kraj,196,27375
564133,Jindřichovice pod Smrkem,Liberec,Liberecký kraj,619,46365
564141,Kobyly,Liberec,Liberecký kraj,381,46343|46345
564150,Libochovičky,Kladno,Středočeský kraj,86,27342
564168,Krásný Les,Liberec,Liberecký kraj,474,46401
564176,Kryštofovo Údolí,Liberec,Liberecký kraj,434,46001
564184,Křižany,Liberec,Liberecký kraj,861,46353
564192,Páleč,Kladno,Středočeský kraj,221,27371
564206,Lázně Libverda,Liberec,Liberecký kraj,534,46362
564214,Počaply,Příbram,Středočeský kraj,99,26272
564222,Nestrašovice,Příbram,Středočeský kraj,56,26272
564231,Mníšek,Liberec,Liberecký kraj,1830,46331
564249,Chrást,Příbram,Středočeský kraj,223,26242|26272
564257,Horčápsko,Příbram,Středočeský kraj,86,26272
564265,Nové Město pod Smrkem,Liberec,Liberecký kraj,3713,46365
564273,Svojšice,Příbram,Středočeský kraj,113,26272
564281,Oldřichov v Hájích,Liberec,Liberecký kraj,840,46331
564290,Osečná,Liberec,Liberecký kraj,1199,46352
564303,Pěnčín,Liberec,Liberecký kraj,745,46344|46345
564311,Pertoltice,Liberec,Liberecký kraj,311,46373
564320,Zbenice,Příbram,Středočeský kraj,133,26231|26272
564338,Županovice,Příbram,Středočeský kraj,80,26301
564346,Lazsko,Příbram,Středočeský kraj,214,26231
564354,Příšovice,Liberec,Liberecký kraj,1343,46346
564362,Vrančice,Příbram,Středočeský kraj,178,26231
564371,Raspenava,Liberec,Liberecký kraj,2784,46401
564389,Radětice,Příbram,Středočeský kraj,176,26231
564397,Rynoltice,Liberec,Liberecký kraj,861,46353
564401,Soběslavice,Liberec,Liberecký kraj,175,46345
564419,Cetyně,Příbram,Středočeský kraj,143,26231
564427,Světlá pod Ještědem,Liberec,Liberecký kraj,972,46343
564435,Svijanský Újezd,Liberec,Liberecký kraj,447,46345
564443,Svijany,Liberec,Liberecký kraj,373,46346
564451,Sychrov,Liberec,Liberecký kraj,223,46344
564460,Šimonovice,Liberec,Liberecký kraj,1536,46312
564478,Narysov,Příbram,Středočeský kraj,280,26101
564486,Podlesí,Příbram,Středočeský kraj,1139,26101
564494,Višňová,Liberec,Liberecký kraj,1344,46373|46401
564508,Dubno,Příbram,Středočeský kraj,373,26101
564516,Vlastibořice,Liberec,Liberecký kraj,350,46344
564524,Nepomuk,Příbram,Středočeský kraj,231,26242
564532,Všelibice,Liberec,Liberecký kraj,658,29413|46343|46348
564541,Zdislava,Liberec,Liberecký kraj,271,46353
564559,Bohostice,Příbram,Středočeský kraj,211,26231|26263
564567,Litoměřice,Litoměřice,Ústecký kraj,22627,41201
564575,Bechlín,Litoměřice,Ústecký kraj,1334,41108|41186
564583,Starosedlský Hrádek,Příbram,Středočeský kraj,147,26272
564591,Bohušovice nad Ohří,Litoměřice,Ústecký kraj,2393,41156|41201
564605,Hlubyně,Příbram,Středočeský kraj,146,26272
564613,Brňany,Litoměřice,Ústecký kraj,471,41201
564621,Brozany nad Ohří,Litoměřice,Ústecký kraj,1335,41181|41301
564630,Sedlice,Příbram,Středočeský kraj,277,26242
564648,Bříza,Litoměřice,Ústecký kraj,437,41301
564656,Budyně nad Ohří,Litoměřice,Ústecký kraj,2152,41118|41301
564664,Bukovany,Příbram,Středočeský kraj,100,26272
564672,Ctiněves,Litoměřice,Ústecký kraj,398,41301
564681,Drahobudice,Kolín,Středočeský kraj,238,28144
564699,Černiv,Litoměřice,Ústecký kraj,233,41002
564702,Masojedy,Kolín,Středočeský kraj,120,28201
564711,Čížkovice,Litoměřice,Ústecký kraj,1512,41002|41112
564729,Děčany,Litoměřice,Ústecký kraj,380,41115
564737,Dlažkovice,Litoměřice,Ústecký kraj,128,41115
564745,Dobříň,Litoměřice,Ústecký kraj,554,41301
564753,Doksany,Litoměřice,Ústecký kraj,445,41182
564761,Konojedy,Praha-východ,Středočeský kraj,290,28163
564770,Drahobuz,Litoměřice,Ústecký kraj,287,41145
564788,Prusice,Praha-východ,Středočeský kraj,97,28163
564796,Výžerky,Praha-východ,Středočeský kraj,183,28163
564800,Hradešín,Kolín,Středočeský kraj,601,28201
564818,Dušníky,Litoměřice,Ústecký kraj,439,41301
564826,Vrátkov,Kolín,Středočeský kraj,306,28201
564834,Evaň,Litoměřice,Ústecký kraj,291,41002
564842,Hlinná,Litoměřice,Ústecký kraj,293,41201
564851,Horní Beřkovice,Litoměřice,Ústecký kraj,997,41185
564869,Březí,Praha-východ,Středočeský kraj,667,25101
564877,Hoštka,Litoměřice,Ústecký kraj,1764,41108|41172
564885,Doubek,Praha-východ,Středočeský kraj,480,25101
564893,Hrobce,Litoměřice,Ústecký kraj,741,41183|41201
564907,Nupaky,Praha-východ,Středočeský kraj,2080,25101
564915,Herink,Praha-východ,Středočeský kraj,1215,25101
564923,Chodouny,Litoměřice,Ústecký kraj,715,41171|41301
564931,Chodovlice,Litoměřice,Ústecký kraj,162,41115
564940,Chotěšov,Litoměřice,Ústecký kraj,508,41002
564958,Chotiměř,Litoměřice,Ústecký kraj,282,41002
564966,Chotiněves,Litoměřice,Ústecký kraj,200,41145
564974,Káraný,Praha-východ,Středočeský kraj,884,25075
564982,Květnice,Praha-východ,Středočeský kraj,2120,25082|25084
564991,Křenice,Praha-východ,Středočeský kraj,1062,25084
565008,Dobročovice,Praha-východ,Středočeský kraj,327,25082
565016,Keblice,Litoměřice,Ústecký kraj,376,41002
565024,Klapý,Litoměřice,Ústecký kraj,482,41116
565032,Kleneč,Litoměřice,Ústecký kraj,593,41301
565041,Břežany,Rakovník,Středočeský kraj,122,27034
565059,Kostomlaty pod Řípem,Litoměřice,Ústecký kraj,421,41301
565067,Krabčice,Litoměřice,Ústecký kraj,957,41187|41301
565075,Křesín,Litoměřice,Ústecký kraj,335,41002
565083,Křešice,Litoměřice,Ústecký kraj,1473,41148|41201
565091,Kyškovice,Litoměřice,Ústecký kraj,305,41301
565105,Levín,Litoměřice,Ústecký kraj,160,41145
565113,Lhotka nad Labem,Litoměřice,Ústecký kraj,354,41002
565121,Liběšice,Litoměřice,Ústecký kraj,1525,41145|41146|41201
565130,Všesulov,Rakovník,Středočeský kraj,107,27034
565148,Libkovice pod Řípem,Litoměřice,Ústecký kraj,529,41301
565156,Libochovany,Litoměřice,Ústecký kraj,588,41103|41201
565164,Libochovice,Litoměřice,Ústecký kraj,3375,41002|41117
565172,Libotenice,Litoměřice,Ústecký kraj,440,41201
565181,Děkov,Rakovník,Středočeský kraj,247,27004
565199,Kolešov,Rakovník,Středočeský kraj,154,27004
565202,Hracholusky,Rakovník,Středočeský kraj,73,27041
565211,Lovečkovice,Litoměřice,Ústecký kraj,617,41145|41201
565229,Lovosice,Litoměřice,Ústecký kraj,8744,41002
565237,Lukavec,Litoměřice,Ústecký kraj,367,41002
565245,Malé Žernoseky,Litoměřice,Ústecký kraj,728,41002
565253,Martiněves,Litoměřice,Ústecký kraj,823,41119
565261,Přílepy,Rakovník,Středočeský kraj,234,27001
565270,Janov,Rakovník,Středočeský kraj,149,27006
565288,Karlova Ves,Rakovník,Středočeský kraj,120,27023
565296,Mlékojedy,Litoměřice,Ústecký kraj,246,41201
565300,Mnetěš,Litoměřice,Ústecký kraj,584,41301
565318,Mšené-lázně,Litoměřice,Ústecký kraj,1875,41119|41120
565326,Švihov,Rakovník,Středočeský kraj,74,27033
565334,Hvozd,Rakovník,Středočeský kraj,179,27035
565342,Nové Dvory,Litoměřice,Ústecký kraj,388,41301
565351,Krakov,Rakovník,Středočeský kraj,140,27035
565369,Krakovec,Rakovník,Středočeský kraj,70,27035
565377,Malinová,Rakovník,Středočeský kraj,105,27035
565385,Kozojedy,Rakovník,Středočeský kraj,92,27054
565393,Ploskovice,Litoměřice,Ústecký kraj,475,41142|41201
565407,Smilovice,Rakovník,Středočeský kraj,89,27054
565415,Podsedice,Litoměřice,Ústecký kraj,679,41115
565423,Bdín,Rakovník,Středočeský kraj,69,27054
565431,Polepy,Litoměřice,Ústecký kraj,1323,41145|41147|41201
565440,Kalivody,Rakovník,Středočeský kraj,123,27054
565458,Prackovice nad Labem,Litoměřice,Ústecký kraj,642,41133
565466,Milý,Rakovník,Středočeský kraj,221,27054
565474,Přestavlky,Litoměřice,Ústecký kraj,298,41301
565482,Račice,Litoměřice,Ústecký kraj,418,41108
565491,Račiněves,Litoměřice,Ústecký kraj,623,41301
565504,Řeřichy,Rakovník,Středočeský kraj,109,27035
565512,Václavy,Rakovník,Středočeský kraj,60,27035
565521,Radovesice,Litoměřice,Ústecký kraj,533,41002
565539,Sovínky,Mladá Boleslav,Středočeský kraj,371,29429
565547,Rochov,Litoměřice,Ústecký kraj,143,41301
565555,Roudnice nad Labem,Litoměřice,Ústecký kraj,12561,41301
565563,Lipník,Mladá Boleslav,Středočeský kraj,416,29443
565571,Vlkava,Mladá Boleslav,Středočeský kraj,493,29443
565580,Plužná,Mladá Boleslav,Středočeský kraj,281,29423
565598,Siřejovice,Litoměřice,Ústecký kraj,270,41002
565601,Slatina,Litoměřice,Ústecký kraj,289,41002
565610,Snědovice,Litoměřice,Ústecký kraj,787,41108|41162|41174
565628,Vinařice,Mladá Boleslav,Středočeský kraj,290,29441
565636,Rohatsko,Mladá Boleslav,Středočeský kraj,273,29404
565644,Mečeříž,Mladá Boleslav,Středočeský kraj,559,29477
565652,Rabakov,Mladá Boleslav,Středočeský kraj,64,29404
565661,Řitonice,Mladá Boleslav,Středočeský kraj,83,29404
565679,Straškov-Vodochody,Litoměřice,Ústecký kraj,1100,41184
565695,Sulejovice,Litoměřice,Ústecký kraj,694,41111
565709,Štětí,Litoměřice,Ústecký kraj,8536,41108|41173
565717,Terezín,Litoměřice,Ústecký kraj,2852,41155|41201
565725,Veselice,Mladá Boleslav,Středočeský kraj,122,29404
565733,Hrušov,Mladá Boleslav,Středočeský kraj,223,29473
565741,Travčice,Litoměřice,Ústecký kraj,617,41201
565750,Bílá Hlína,Mladá Boleslav,Středočeský kraj,127,29501
565768,Třebenice,Litoměřice,Ústecký kraj,1885,41113|41115
565776,Třebívlice,Litoměřice,Ústecký kraj,841,41115
565784,Charvatce,Mladá Boleslav,Středočeský kraj,392,29445
565792,Třebušín,Litoměřice,Ústecký kraj,630,41201
565806,Úpohlavy,Litoměřice,Ústecký kraj,282,41002
565814,Úštěk,Litoměřice,Ústecký kraj,2830,41108|41145
565822,Mohelnice nad Jizerou,Mladá Boleslav,Středočeský kraj,93,29413
565831,Vědomice,Litoměřice,Ústecký kraj,975,41301
565849,Velemín,Litoměřice,Ústecký kraj,1722,41002|41131|41132
565857,Velké Žernoseky,Litoměřice,Ústecký kraj,507,41201
565865,Vchynice,Litoměřice,Ústecký kraj,307,41002
565873,Vlastislav,Litoměřice,Ústecký kraj,167,41114
565881,Vražkov,Litoměřice,Ústecký kraj,444,41301
565890,Vrbice,Litoměřice,Ústecký kraj,600,41164|41301
565903,Vrbičany,Litoměřice,Ústecký kraj,315,41121
565911,Vrutice,Litoměřice,Ústecký kraj,321,41147|41301
565920,Sudoměř,Mladá Boleslav,Středočeský kraj,102,29425
565938,Žabovřesky nad Ohří,Litoměřice,Ústecký kraj,269,41002
565946,Žalhostice,Litoměřice,Ústecký kraj,593,41101
565954,Židovice,Litoměřice,Ústecký kraj,385,41183
565962,Žitenice,Litoměřice,Ústecký kraj,1656,41141|41201
565971,Louny,Louny,Ústecký kraj,18061,44001
565989,Hlavenec,Praha-východ,Středočeský kraj,414,29476
565997,Bitozeves,Louny,Ústecký kraj,534,43801|44001
566004,Blatno,Louny,Ústecký kraj,508,43984|44101
566012,Blažim,Louny,Ústecký kraj,290,44001
566021,Blšany,Louny,Ústecký kraj,1039,43801|43988
566039,Jizerní Vtelno,Mladá Boleslav,Středočeský kraj,366,29431
566047,Košátky,Mladá Boleslav,Středočeský kraj,237,29479
566055,Vřeskovice,Klatovy,Plzeňský kraj,343,33401
566063,Břvany,Louny,Ústecký kraj,330,44001
566071,Všekary,Plzeň-jih,Plzeňský kraj,106,34562
566080,Čečovice,Plzeň-jih,Plzeňský kraj,101,34562
566098,Černovice,Plzeň-jih,Plzeňský kraj,138,34562
566101,Štichov,Plzeň-jih,Plzeňský kraj,83,34562
566128,Deštnice,Louny,Ústecký kraj,254,43801
566136,Brnířov,Domažlice,Plzeňský kraj,440,34506
566144,Kanice,Domažlice,Plzeňský kraj,196,34543
566152,Domoušice,Louny,Ústecký kraj,625,43968|44001
566161,Úboč,Domažlice,Plzeňský kraj,159,34543
566179,Hradiště,Domažlice,Plzeňský kraj,190,34543
566187,Holedeč,Louny,Ústecký kraj,673,43801
566195,Hříškov,Louny,Ústecký kraj,395,43904|44001
566209,Otov,Domažlice,Plzeňský kraj,109,34522
566217,Hřivice,Louny,Ústecký kraj,629,43965|44001
566233,Chlumčany,Louny,Ústecký kraj,591,43903|44001
566241,Chožov,Louny,Ústecký kraj,563,43922|44001
566250,Vlkanov,Domažlice,Plzeňský kraj,123,34522
566276,Hora Svatého Václava,Domažlice,Plzeňský kraj,63,34522
566284,Koštice,Louny,Ústecký kraj,610,43921|44001
566292,Mnichov,Domažlice,Plzeňský kraj,216,34522
566306,Krásný Dvůr,Louny,Ústecký kraj,630,43972|44101
566314,Kryry,Louny,Ústecký kraj,2355,43981|43986|44101
566322,Lenešice,Louny,Ústecký kraj,1406,43923
566331,Hvožďany,Domažlice,Plzeňský kraj,37,34522
566349,Libčeves,Louny,Ústecký kraj,952,43926|44001
566357,Liběšice,Louny,Ústecký kraj,796,43801|43963
566365,Poděvousy,Domažlice,Plzeňský kraj,243,34561
566373,Pelechy,Domažlice,Plzeňský kraj,89,34401
566381,Libořice,Louny,Ústecký kraj,375,43801
566390,Hlince,Plzeň-sever,Plzeňský kraj,94,33141
566403,Lipno,Louny,Ústecký kraj,581,43801|44001
566411,Lišany,Louny,Ústecký kraj,152,44001
566420,Líté,Plzeň-sever,Plzeňský kraj,214,33152
566438,Lubenec,Louny,Ústecký kraj,1318,43983|44101
566446,Loza,Plzeň-sever,Plzeňský kraj,255,33152
566454,Měcholupy,Louny,Ústecký kraj,962,43801|43931
566462,Lochousice,Plzeň-sever,Plzeňský kraj,129,33023
566471,Bohy,Plzeň-sever,Plzeňský kraj,113,33141
566489,Brodeslavy,Plzeň-sever,Plzeňský kraj,71,33141
566497,Všehrdy,Plzeň-sever,Plzeňský kraj,56,33141
566501,Nepomyšl,Louny,Ústecký kraj,430,43971|44101
566519,Nové Sedlo,Louny,Ústecký kraj,589,43801
566527,Očihov,Louny,Ústecký kraj,357,43987
566535,Panenský Týnec,Louny,Ústecký kraj,458,43905
566543,Myslinka,Plzeň-sever,Plzeňský kraj,268,33023
566551,Peruc,Louny,Ústecký kraj,2374,43907|43908|44001
566560,Petrohrad,Louny,Ústecký kraj,621,43985|44101
566578,Pnětluky,Louny,Ústecký kraj,367,44001
566586,Počedělice,Louny,Ústecký kraj,304,44001
566594,Újezd nade Mží,Plzeň-sever,Plzeňský kraj,116,33033
566608,Podbořanský Rohozec,Louny,Ústecký kraj,159,44101
566616,Podbořany,Louny,Ústecký kraj,6254,43801|44101
566624,Postoloprty,Louny,Ústecký kraj,4661,43942|44001
566632,Černíkovice,Plzeň-sever,Plzeňský kraj,96,33141
566641,Hlohovčice,Domažlice,Plzeňský kraj,174,34561
566659,Raná,Louny,Ústecký kraj,240,43924|44001
566667,Ročov,Louny,Ústecký kraj,587,43967|44001
566675,Vrbice,Karlovy Vary,Karlovarský kraj,202,36453
566683,Dražovice,Klatovy,Plzeňský kraj,167,34201
566691,Vlčí,Plzeň-jih,Plzeňský kraj,81,33401
566705,Borovno,Plzeň-jih,Plzeňský kraj,100,33561
566713,Slavětín,Louny,Ústecký kraj,667,43909|44001
566721,Smolnice,Louny,Ústecký kraj,444,43914
566730,Holovousy,Plzeň-sever,Plzeňský kraj,60,33141
566748,Slatina,Plzeň-sever,Plzeňský kraj,62,33141
566756,Bdeněves,Plzeň-sever,Plzeňský kraj,815,33032
566764,Blažim,Plzeň-sever,Plzeňský kraj,63,33038
566781,Pastuchovice,Plzeň-sever,Plzeňský kraj,75,33165
566799,Všenice,Rokycany,Plzeňský kraj,298,33824
566802,Terešov,Rokycany,Plzeňský kraj,183,33808
566811,Kamenec,Rokycany,Plzeňský kraj,81,33828
566829,Toužetín,Louny,Ústecký kraj,264,44001
566837,Němčovice,Rokycany,Plzeňský kraj,190,33824
566845,Skomelno,Rokycany,Plzeňský kraj,217,33828
566853,Tuchořice,Louny,Ústecký kraj,697,43801|43969
566861,Plískov,Rokycany,Plzeňský kraj,122,33808
566870,Velemyšleves,Louny,Ústecký kraj,360,43801
566888,Olbramov,Tachov,Plzeňský kraj,80,34901|34953
566896,Veltěže,Louny,Ústecký kraj,417,44001
566900,Růžová,Děčín,Ústecký kraj,602,40502
566918,Vinařice,Louny,Ústecký kraj,245,43915
566926,Vrbno nad Lesy,Louny,Ústecký kraj,207,43906
566934,Vroutek,Louny,Ústecký kraj,1860,43982|44101
566942,Raková,Rokycany,Plzeňský kraj,238,33701
566951,Výškov,Louny,Ústecký kraj,474,44001
566969,Výrov,Plzeň-sever,Plzeňský kraj,458,33141
566977,Zbrašín,Louny,Ústecký kraj,418,44001
566985,Žatec,Louny,Ústecký kraj,18984,43801
566993,Ostrovec-Lhotka,Rokycany,Plzeňský kraj,116,33808
567001,Lhota pod Radčem,Rokycany,Plzeňský kraj,342,33701
567019,Žiželice,Louny,Ústecký kraj,430,43801
567027,Most,Most,Ústecký kraj,63160,43401|43502
567043,Bečov,Most,Ústecký kraj,1388,43401|43526
567051,Bělušice,Most,Ústecký kraj,227,43401
567060,Braňany,Most,Ústecký kraj,1205,43401|43522
567078,Brandov,Most,Ústecký kraj,301,43547
567086,Příšov,Plzeň-sever,Plzeňský kraj,336,33011
567108,Český Jiřetín,Most,Ústecký kraj,110,43601
567141,Havraň,Most,Ústecký kraj,643,43401|43501
567167,Hora Svaté Kateřiny,Most,Ústecký kraj,476,43546
567175,Horní Jiřetín,Most,Ústecký kraj,2153,43401|43543
567191,Klíny,Most,Ústecký kraj,181,43601
567221,Korozluky,Most,Ústecký kraj,273,43401
567248,Lišnice,Most,Ústecký kraj,225,43401
567256,Litvínov,Most,Ústecký kraj,22258,43542|43601|43603
567264,Lom,Most,Ústecký kraj,3755,43511
567272,Louka u Litvínova,Most,Ústecký kraj,734,43533
567281,Lužice,Most,Ústecký kraj,574,43401|43524
567299,Malé Březno,Most,Ústecký kraj,255,43401
567302,Mariánské Radčice,Most,Ústecký kraj,464,43532
567311,Meziboří,Most,Ústecký kraj,4526,43513
567329,Nová Ves v Horách,Most,Ústecký kraj,486,43545
567337,Obrnice,Most,Ústecký kraj,2048,43401|43521
567345,Patokryje,Most,Ústecký kraj,443,43401
567353,Polerady,Most,Ústecký kraj,235,43401
567361,Skršín,Most,Ústecký kraj,318,43401
567426,Želenice,Most,Ústecký kraj,489,43401
567442,Teplice,Teplice,Ústecký kraj,50856,41501|41503|41510
567451,Bílina,Teplice,Ústecký kraj,14401,41801
567469,Bořislav,Teplice,Ústecký kraj,421,41501
567477,Bystřany,Teplice,Ústecký kraj,1946,41501|41761
567485,Bžany,Teplice,Ústecký kraj,916,41501
567507,Dubí,Teplice,Ústecký kraj,8148,41501|41701|41702|41703
567515,Duchcov,Teplice,Ústecký kraj,8718,41901
567523,Háj u Duchcova,Teplice,Ústecký kraj,1371,41722
567531,Hostomice,Teplice,Ústecký kraj,1203,41752
567558,Hrob,Teplice,Ústecký kraj,1987,41704
567566,Hrobčice,Teplice,Ústecký kraj,1102,41757|41804
567582,Jeníkov,Teplice,Ústecký kraj,860,41724
567604,Kladruby,Teplice,Ústecký kraj,463,41501
567612,Kostomlaty pod Milešovkou,Teplice,Ústecký kraj,916,41501|41754
567621,Košťany,Teplice,Ústecký kraj,3264,41723
567639,Krupka,Teplice,Ústecký kraj,12731,40317|41741|41742
567647,Lahošť,Teplice,Ústecký kraj,684,41725
567655,Ledvice,Teplice,Ústecký kraj,540,41772
567698,Měrunice,Teplice,Ústecký kraj,318,41804
567701,Mikulov,Teplice,Ústecký kraj,210,41901
567710,Modlany,Teplice,Ústecký kraj,1186,41501|41713
567728,Moldava,Teplice,Ústecký kraj,175,41781
567752,Novosedlice,Teplice,Ústecký kraj,2094,41731
567761,Ohníč,Teplice,Ústecký kraj,697,41501|41765
567779,Osek,Teplice,Ústecký kraj,4506,41705
567787,Proboštov,Teplice,Ústecký kraj,2712,41712
567809,Rtyně nad Bílinou,Teplice,Ústecký kraj,842,41501|41762
567833,Srbice,Teplice,Ústecký kraj,517,41501
567841,Světec,Teplice,Ústecký kraj,977,41501|41753|41804
567850,Újezdeček,Teplice,Ústecký kraj,866,41501
567868,Zabrušany,Teplice,Ústecký kraj,1146,41771
567876,Žalany,Teplice,Ústecký kraj,511,41501|41763
567884,Žim,Teplice,Ústecký kraj,242,41501
567931,Dolní Zálezly,Ústí nad Labem,Ústecký kraj,565,40301
567957,Habrovany,Ústí nad Labem,Ústecký kraj,221,40002
567973,Homole u Panny,Ústí nad Labem,Ústecký kraj,393,40002
568007,Chabařovice,Ústí nad Labem,Ústecký kraj,2564,40317
568015,Chlumec,Ústí nad Labem,Ústecký kraj,4228,40010|40339
568023,Chuderov,Ústí nad Labem,Ústecký kraj,1199,40002
568058,Libouchec,Ústí nad Labem,Ústecký kraj,1929,40002|40335
568091,Malé Březno,Ústí nad Labem,Ústecký kraj,521,40002
568104,Malečov,Ústí nad Labem,Ústecký kraj,863,40002|40327
568147,Petrovice,Ústí nad Labem,Ústecký kraj,914,40337
568155,Povrly,Ústí nad Labem,Ústecký kraj,2305,40002|40332
568163,Žermanice,Frýdek-Místek,Moravskoslezský kraj,391,73937
568180,Kružberk,Opava,Moravskoslezský kraj,243,74786
568198,Staré Těchanovice,Opava,Moravskoslezský kraj,130,74901
568201,Řehlovice,Ústí nad Labem,Ústecký kraj,1456,40002|40313
568210,Hať,Opava,Moravskoslezský kraj,2566,74716
568228,Darkovice,Opava,Moravskoslezský kraj,1362,74717
568236,Děhylov,Opava,Moravskoslezský kraj,723,74794
568244,Vřesina,Opava,Moravskoslezský kraj,1674,74720
568261,Budišovice,Opava,Moravskoslezský kraj,811,74764
568279,Mikolajice,Opava,Moravskoslezský kraj,292,74784
568287,Tašov,Ústí nad Labem,Ústecký kraj,138,40002
568295,Telnice,Ústí nad Labem,Ústecký kraj,704,40338
568309,Tisá,Ústí nad Labem,Ústecký kraj,994,40336
568317,Radkov,Opava,Moravskoslezský kraj,497,74784
568333,Štáblovice,Opava,Moravskoslezský kraj,712,74782|74784
568341,Uhlířov,Opava,Moravskoslezský kraj,416,74784
568350,Velké Březno,Ústí nad Labem,Ústecký kraj,2422,40002|40323
568368,Hlubočec,Opava,Moravskoslezský kraj,565,74769
568376,Rohov,Opava,Moravskoslezský kraj,582,74725
568384,Zubrnice,Ústí nad Labem,Ústecký kraj,223,40002
568392,Doloplazy,Olomouc,Olomoucký kraj,1307,78356
568406,Slatina,Nový Jičín,Moravskoslezský kraj,780,74293|74301
568414,Havlíčkův Brod,Havlíčkův Brod,Kraj Vysočina,23368,58001
568422,Velké Albrechtice,Nový Jičín,Moravskoslezský kraj,1179,74291
568431,Bordovice,Nový Jičín,Moravskoslezský kraj,671,74401
568449,Zbyslavice,Ostrava-město,Moravskoslezský kraj,667,74283
568457,Bojiště,Havlíčkův Brod,Kraj Vysočina,294,58401
568465,Borek,Havlíčkův Brod,Kraj Vysočina,122,58282
568473,Závišice,Nový Jičín,Moravskoslezský kraj,1156,74221
568481,Bernartice nad Odrou,Nový Jičín,Moravskoslezský kraj,1000,74101
568490,Čachotín,Havlíčkův Brod,Kraj Vysočina,166,58001|58301
568503,Česká Bělá,Havlíčkův Brod,Kraj Vysočina,1136,58261|58301
568511,Hostašovice,Nový Jičín,Moravskoslezský kraj,807,74101
568520,Číhošť,Havlíčkův Brod,Kraj Vysočina,341,58287|58401
568538,Dlouhá Ves,Havlíčkův Brod,Kraj Vysočina,435,58222
568546,Kunín,Nový Jičín,Moravskoslezský kraj,1795,74253
568554,Rybí,Nový Jičín,Moravskoslezský kraj,1263,74265
568562,Heřmanice u Oder,Nový Jičín,Moravskoslezský kraj,358,74235
568571,Heřmánky,Nový Jičín,Moravskoslezský kraj,175,74235
568589,Mankovice,Nový Jičín,Moravskoslezský kraj,528,74235
568597,Dolní Krupá,Havlíčkův Brod,Kraj Vysočina,443,58001|58271
568601,Dolní Město,Havlíčkův Brod,Kraj Vysočina,965,58233|58291|58401
568619,Druhanov,Havlíčkův Brod,Kraj Vysočina,159,58291
568635,Golčův Jeníkov,Havlíčkův Brod,Kraj Vysočina,2835,58282
568643,Kateřinice,Nový Jičín,Moravskoslezský kraj,699,74258
568651,Habry,Havlíčkův Brod,Kraj Vysočina,1319,58281|58282|58291
568660,Havlíčkova Borová,Havlíčkův Brod,Kraj Vysočina,983,58222|58223|58263
568678,Herálec,Havlíčkův Brod,Kraj Vysočina,1158,58255
568686,Mošnov,Nový Jičín,Moravskoslezský kraj,751,74251
568694,Hněvkovice,Havlíčkův Brod,Kraj Vysočina,676,58294|58401
568708,Horní Krupá,Havlíčkův Brod,Kraj Vysočina,609,58001
568716,Skotnice,Nový Jičín,Moravskoslezský kraj,884,74258
568724,Hradec,Havlíčkův Brod,Kraj Vysočina,312,58401
568732,Ženklava,Nový Jičín,Moravskoslezský kraj,1154,74267
568741,Albrechtičky,Nový Jičín,Moravskoslezský kraj,693,74255
568759,Chotěboř,Havlíčkův Brod,Kraj Vysočina,9076,58301
568767,Chrtníč,Havlíčkův Brod,Kraj Vysočina,117,58282
568775,Pustějov,Nový Jičín,Moravskoslezský kraj,989,74243
568783,Jedlá,Havlíčkův Brod,Kraj Vysočina,84,58401
568791,Soběšovice,Frýdek-Místek,Moravskoslezský kraj,965,73938
568805,Jeřišno,Havlíčkův Brod,Kraj Vysočina,269,58274|58301
568813,Pražmo,Frýdek-Místek,Moravskoslezský kraj,890,73904
568821,Kámen,Havlíčkův Brod,Kraj Vysočina,457,58242|58282
568830,Řepiště,Frýdek-Místek,Moravskoslezský kraj,1931,73932
568848,Kamenná Lhota,Havlíčkův Brod,Kraj Vysočina,253,58292|58401
568856,Klokočov,Havlíčkův Brod,Kraj Vysočina,112,58301
568864,Doubrava,Karviná,Moravskoslezský kraj,1125,73533
568872,Charváty,Olomouc,Olomoucký kraj,941,78375
568881,Kojetín,Havlíčkův Brod,Kraj Vysočina,194,58001
568899,Kozlov,Havlíčkův Brod,Kraj Vysočina,226,58401
568902,Kožlí,Havlíčkův Brod,Kraj Vysočina,861,58293|58401
568911,Měrotín,Olomouc,Olomoucký kraj,269,78324
568929,Krásná Hora,Havlíčkův Brod,Kraj Vysočina,507,58001|58234|58291
568937,Krátká Ves,Havlíčkův Brod,Kraj Vysočina,127,58222
568945,Krucemburk,Havlíčkův Brod,Kraj Vysočina,1583,53901|58263|58266
568953,Květinov,Havlíčkův Brod,Kraj Vysočina,231,58001|58255
568961,Vilémov,Olomouc,Olomoucký kraj,436,78322
568970,Kynice,Havlíčkův Brod,Kraj Vysočina,103,58401
568988,Ledeč nad Sázavou,Havlíčkův Brod,Kraj Vysočina,4756,58401
568996,Leškovice,Havlíčkův Brod,Kraj Vysočina,93,58282
569003,Liboš,Olomouc,Olomoucký kraj,616,78313
569011,Leština u Světlé,Havlíčkův Brod,Kraj Vysočina,528,58282|58286|58401
569020,Libice nad Doubravou,Havlíčkův Brod,Kraj Vysočina,858,58277|58301
569038,Lípa,Havlíčkův Brod,Kraj Vysočina,1168,58001|58253|58257
569046,Lipnice nad Sázavou,Havlíčkův Brod,Kraj Vysočina,653,58232
569054,Strukov,Olomouc,Olomoucký kraj,166,78401
569062,Lučice,Havlíčkův Brod,Kraj Vysočina,651,58235
569071,Malčín,Havlíčkův Brod,Kraj Vysočina,211,58291
569089,Maleč,Havlíčkův Brod,Kraj Vysočina,612,58276|58301
569097,Moravice,Opava,Moravskoslezský kraj,240,74784
569101,Třebom,Opava,Moravskoslezský kraj,191,74725
569119,Čavisov,Ostrava-město,Moravskoslezský kraj,512,74764
569127,Modlíkov,Havlíčkův Brod,Kraj Vysočina,153,58222
569135,Císařov,Přerov,Olomoucký kraj,319,75103
569143,Křenovice,Přerov,Olomoucký kraj,458,75201
569151,Nová Ves u Leštiny,Havlíčkův Brod,Kraj Vysočina,116,58282
569160,Nová Ves u Chotěboře,Havlíčkův Brod,Kraj Vysočina,570,58273|58301
569178,Bohuslávky,Přerov,Olomoucký kraj,323,75131
569186,Okrouhlice,Havlíčkův Brod,Kraj Vysočina,1374,58001|58231
569194,Grymov,Přerov,Olomoucký kraj,164,75121
569208,Olešenka,Havlíčkův Brod,Kraj Vysočina,187,58222
569216,Olešná,Havlíčkův Brod,Kraj Vysočina,373,58001|58241|58291
569224,Oudoleň,Havlíčkův Brod,Kraj Vysočina,367,58224
569232,Ovesná Lhota,Havlíčkův Brod,Kraj Vysočina,178,58291
569241,Pavlov,Havlíčkův Brod,Kraj Vysočina,148,58401
569259,Dolní Nětčice,Přerov,Olomoucký kraj,260,75354
569267,Hlinsko,Přerov,Olomoucký kraj,231,75131
569275,Horní Nětčice,Přerov,Olomoucký kraj,229,75354
569283,Kladníky,Přerov,Olomoucký kraj,153,75131
569291,Pohled,Havlíčkův Brod,Kraj Vysočina,716,58221|58222
569305,Chromeč,Šumperk,Olomoucký kraj,552,78901
569313,Prosíčka,Havlíčkův Brod,Kraj Vysočina,149,58401
569321,Přibyslav,Havlíčkův Brod,Kraj Vysočina,3997,58222
569330,Ostružná,Jeseník,Olomoucký kraj,171,78825
569348,Příseka,Havlíčkův Brod,Kraj Vysočina,435,58291
569356,Česká Ves,Jeseník,Olomoucký kraj,2258,79081
569364,Radostín,Havlíčkův Brod,Kraj Vysočina,144,58001
569372,Krchleby,Šumperk,Olomoucký kraj,168,78901
569381,Mírov,Šumperk,Olomoucký kraj,360,78901
569399,Rozsochatec,Havlíčkův Brod,Kraj Vysočina,538,58001|58272
569402,Rušinov,Havlíčkův Brod,Kraj Vysočina,164,58301
569411,Rybníček,Havlíčkův Brod,Kraj Vysočina,77,58282
569429,Sázavka,Havlíčkův Brod,Kraj Vysočina,324,58244
569437,Bratrušov,Šumperk,Olomoucký kraj,642,78701
569445,Vikýřovice,Šumperk,Olomoucký kraj,2290,78813
569453,Velké Kunětice,Jeseník,Olomoucký kraj,511,79052
569461,Skryje,Havlíčkův Brod,Kraj Vysočina,201,58282
569470,Skuhrov,Havlíčkův Brod,Kraj Vysočina,320,58241
569488,Slavíkov,Havlíčkův Brod,Kraj Vysočina,322,58263|58265|58301
569496,Podolí,Vsetín,Zlínský kraj,315,75644
569500,Horní Lhota,Ostrava-město,Moravskoslezský kraj,856,74764
569518,Sobíňov,Havlíčkův Brod,Kraj Vysočina,724,58262|58263
569526,Milotice nad Opavou,Bruntál,Moravskoslezský kraj,427,79201
569534,Stříbrné Hory,Havlíčkův Brod,Kraj Vysočina,245,58222
569542,Horní Újezd,Přerov,Olomoucký kraj,445,75353
569551,Nové Heřminovy,Bruntál,Moravskoslezský kraj,321,79201
569569,Světlá nad Sázavou,Havlíčkův Brod,Kraj Vysočina,6289,58291
569577,Oborná,Bruntál,Moravskoslezský kraj,446,79201
569585,Šlapanov,Havlíčkův Brod,Kraj Vysočina,800,58001|58251
569593,Štoky,Havlíčkův Brod,Kraj Vysočina,1980,58253
569607,Býkov-Láryšov,Bruntál,Moravskoslezský kraj,169,79401
569615,Tis,Havlíčkův Brod,Kraj Vysočina,396,58243|58291
569623,Trpišovice,Havlíčkův Brod,Kraj Vysočina,164,58291|58401
569631,Sviadnov,Frýdek-Místek,Moravskoslezský kraj,2252,73925
569640,Uhelná Příbram,Havlíčkův Brod,Kraj Vysočina,511,58245|58282|58301
569658,Úsobí,Havlíčkův Brod,Kraj Vysočina,724,58253|58254
569666,Hladké Životice,Nový Jičín,Moravskoslezský kraj,1045,74247
569674,Vepříkov,Havlíčkův Brod,Kraj Vysočina,346,58282|58301
569682,Veselý Žďár,Havlíčkův Brod,Kraj Vysočina,604,58001
569691,Věž,Havlíčkův Brod,Kraj Vysočina,832,58001|58256
569704,Věžnice,Havlíčkův Brod,Kraj Vysočina,453,58252
569712,Vilémov,Havlíčkův Brod,Kraj Vysočina,985,58282|58283
569721,Vilémovice,Havlíčkův Brod,Kraj Vysočina,268,58401
569739,Vlkanov,Havlíčkův Brod,Kraj Vysočina,44,58291
569747,Vrchy,Nový Jičín,Moravskoslezský kraj,223,74245
569755,Trnávka,Nový Jičín,Moravskoslezský kraj,776,74258
569771,Suchonice,Olomouc,Olomoucký kraj,175,78357
569780,Ždírec nad Doubravou,Havlíčkův Brod,Kraj Vysočina,3064,58263|58264
569798,Horní Loděnice,Olomouc,Olomoucký kraj,337,78305
569801,Žižkovo Pole,Havlíčkův Brod,Kraj Vysočina,404,58222
569810,Hradec Králové,Hradec Králové,Královéhradecký kraj,93534,50002|50003|50004|50006|50008|50009|50011|50012|50301|50302|50311|50321|50332|50341
569828,Babice,Hradec Králové,Královéhradecký kraj,203,50351
569836,Barchov,Hradec Králové,Královéhradecký kraj,289,50401
569844,Lužice,Olomouc,Olomoucký kraj,409,78501
569852,Běleč nad Orlicí,Hradec Králové,Královéhradecký kraj,414,50346
569861,Benátky,Hradec Králové,Královéhradecký kraj,124,50303
569879,Blešno,Hradec Králové,Královéhradecký kraj,444,50346
569887,Boharyně,Hradec Králové,Královéhradecký kraj,595,50315|50323
569895,Dobroslavice,Opava,Moravskoslezský kraj,802,74794
569909,Chvalíkovice,Opava,Moravskoslezský kraj,685,74706
569917,Černilov,Hradec Králové,Královéhradecký kraj,2488,50003|50303|50343|50346
569925,Černožice,Hradec Králové,Královéhradecký kraj,1080,50304
569933,Čistěves,Hradec Králové,Královéhradecký kraj,197,50315
569941,Divec,Hradec Králové,Královéhradecký kraj,272,50003
569950,Čermná ve Slezsku,Opava,Moravskoslezský kraj,369,74901
569968,Dobřenice,Hradec Králové,Královéhradecký kraj,545,50325
569976,Dohalice,Hradec Králové,Královéhradecký kraj,450,50313|50315
569984,Dolní Přím,Hradec Králové,Královéhradecký kraj,773,50315|50316
569992,Habřina,Hradec Králové,Královéhradecký kraj,316,50303
570001,Hlušice,Hradec Králové,Královéhradecký kraj,745,50356
570010,Hněvčeves,Hradec Králové,Královéhradecký kraj,177,50315
570028,Holohlavy,Hradec Králové,Královéhradecký kraj,916,50303
570036,Větřkovice,Opava,Moravskoslezský kraj,793,74743|74901
570044,Hořiněves,Hradec Králové,Královéhradecký kraj,715,50303|50306
570052,Hrádek,Hradec Králové,Královéhradecký kraj,184,50315
570061,Špičky,Přerov,Olomoucký kraj,264,75366
570079,Týn nad Bečvou,Přerov,Olomoucký kraj,869,75131
570087,Humburky,Hradec Králové,Královéhradecký kraj,398,50401
570095,Vyšehoří,Šumperk,Olomoucký kraj,284,78901
570109,Chlumec nad Cidlinou,Hradec Králové,Královéhradecký kraj,5606,50351
570117,Šléglov,Šumperk,Olomoucký kraj,40,78825
570125,Chudeřice,Hradec Králové,Královéhradecký kraj,274,50351
570133,Jeníkovice,Hradec Králové,Královéhradecký kraj,528,50346
570141,Drozdov,Šumperk,Olomoucký kraj,360,78901
570150,Káranice,Hradec Králové,Královéhradecký kraj,212,50366
570168,Klamoš,Hradec Králové,Královéhradecký kraj,393,50351
570176,Kosice,Hradec Králové,Královéhradecký kraj,348,50351
570184,Kosičky,Hradec Králové,Královéhradecký kraj,337,50365
570192,Králíky,Hradec Králové,Královéhradecký kraj,409,50315|50401
570206,Kratonohy,Hradec Králové,Královéhradecký kraj,645,50324|50351
570214,Kunčice,Hradec Králové,Královéhradecký kraj,387,50315
570222,Lejšovka,Hradec Králové,Královéhradecký kraj,212,50303
570231,Lhota pod Libčany,Hradec Králové,Královéhradecký kraj,1026,50327
570249,Libčany,Hradec Králové,Královéhradecký kraj,979,50322|50327
570257,Libníkovice,Hradec Králové,Královéhradecký kraj,186,50346
570265,Librantice,Hradec Králové,Královéhradecký kraj,685,50346
570273,Libřice,Hradec Králové,Královéhradecký kraj,307,50344
570281,Stavenice,Šumperk,Olomoucký kraj,139,78973
570290,Lišice,Hradec Králové,Královéhradecký kraj,165,50351
570303,Lodín,Hradec Králové,Královéhradecký kraj,433,50315
570311,Lochenice,Hradec Králové,Královéhradecký kraj,611,50302
570320,Lovčice,Hradec Králové,Královéhradecký kraj,736,50361
570338,Zborov,Šumperk,Olomoucký kraj,241,78901
570346,Janová,Vsetín,Zlínský kraj,757,75501
570354,Lužany,Hradec Králové,Královéhradecký kraj,119,50305
570362,Lužec nad Cidlinou,Hradec Králové,Královéhradecký kraj,519,50362
570371,Ústí,Vsetín,Zlínský kraj,633,75501
570397,Měník,Hradec Králové,Královéhradecký kraj,655,50364|50401
570401,Mlékosrby,Hradec Králové,Královéhradecký kraj,247,50351
570419,Mokrovousy,Hradec Králové,Královéhradecký kraj,352,50315
570427,Myštěves,Hradec Králové,Královéhradecký kraj,219,50315
570435,Mžany,Hradec Králové,Královéhradecký kraj,466,50315
570443,Neděliště,Hradec Králové,Královéhradecký kraj,377,50312
570451,Nechanice,Hradec Králové,Královéhradecký kraj,2545,50315
570478,Nepolisy,Hradec Králové,Královéhradecký kraj,990,50351|50363
570494,Nové Město,Hradec Králové,Královéhradecký kraj,411,50351
570508,Nový Bydžov,Hradec Králové,Královéhradecký kraj,7298,50351|50401
570516,Ohnišťany,Hradec Králové,Královéhradecký kraj,344,50354
570524,Olešnice,Hradec Králové,Královéhradecký kraj,383,50351
570532,Osice,Hradec Králové,Královéhradecký kraj,566,50326|50327
570541,Osičky,Hradec Králové,Královéhradecký kraj,155,50327
570567,Petrovice,Hradec Králové,Královéhradecký kraj,283,50315|50355
570575,Písek,Hradec Králové,Královéhradecký kraj,310,50351
570648,Prasek,Hradec Králové,Královéhradecký kraj,645,50401
570656,Praskačka,Hradec Králové,Královéhradecký kraj,1147,50327|50333
570672,Předměřice nad Labem,Hradec Králové,Královéhradecký kraj,1968,50302
570681,Převýšov,Hradec Králové,Královéhradecký kraj,359,50351
570702,Račice nad Trotinou,Hradec Králové,Královéhradecký kraj,153,50303
570711,Radíkovice,Hradec Králové,Královéhradecký kraj,204,50327
570729,Radostov,Hradec Králové,Královéhradecký kraj,134,50327
570745,Roudnice,Hradec Králové,Královéhradecký kraj,792,50327
570753,Prodašice,Mladá Boleslav,Středočeský kraj,87,29404
570761,Ujkovice,Mladá Boleslav,Středočeský kraj,114,29404
570770,Loukov,Mladá Boleslav,Středočeský kraj,215,29411
570788,Bradlec,Mladá Boleslav,Středočeský kraj,1453,29306
570796,Sendražice,Hradec Králové,Královéhradecký kraj,434,50303
570800,Skalice,Hradec Králové,Královéhradecký kraj,668,50003|50303
570818,Dalovice,Mladá Boleslav,Středočeský kraj,273,29301
570826,Kosmonosy,Mladá Boleslav,Středočeský kraj,5437,29301|29306
570834,Skřivany,Hradec Králové,Královéhradecký kraj,1145,50352
570842,Vinec,Mladá Boleslav,Středočeský kraj,266,29301
570851,Sloupno,Hradec Králové,Královéhradecký kraj,540,50353
570869,Smidary,Hradec Králové,Královéhradecký kraj,1557,50353|50401
570877,Smiřice,Hradec Králové,Královéhradecký kraj,3142,50303
570885,Smržov,Hradec Králové,Královéhradecký kraj,549,50303
570893,Obrubce,Mladá Boleslav,Středočeský kraj,256,29404
570907,Sovětice,Hradec Králové,Královéhradecký kraj,236,50315
570915,Stará Voda,Hradec Králové,Královéhradecký kraj,145,50351
570923,Přepeře,Mladá Boleslav,Středočeský kraj,119,29404
570931,Stěžery,Hradec Králové,Královéhradecký kraj,2140,50312|50321
570940,Dolní Stakory,Mladá Boleslav,Středočeský kraj,324,29301
570958,Stračov,Hradec Králové,Královéhradecký kraj,314,50314|50315
570966,Střezetice,Hradec Králové,Královéhradecký kraj,368,50312
570974,Kolomuty,Mladá Boleslav,Středočeský kraj,460,29301
570982,Tuřice,Mladá Boleslav,Středočeský kraj,516,29474
570991,Ctiměřice,Mladá Boleslav,Středočeský kraj,143,29446
571008,Syrovátka,Hradec Králové,Královéhradecký kraj,467,50327
571016,Šaplava,Hradec Králové,Královéhradecký kraj,110,50353
571024,Těchlovice,Hradec Králové,Královéhradecký kraj,372,50327
571032,Pěčice,Mladá Boleslav,Středočeský kraj,227,29446
571041,Třebechovice pod Orebem,Hradec Králové,Královéhradecký kraj,5907,50346
571059,Třesovice,Hradec Králové,Královéhradecký kraj,272,50315
571067,Doubravička,Mladá Boleslav,Středočeský kraj,163,29430
571075,Kluky,Mladá Boleslav,Středočeský kraj,71,29426
571083,Vinary,Hradec Králové,Královéhradecký kraj,472,50353|50356|50703
571091,Všestary,Hradec Králové,Královéhradecký kraj,1770,50312
571105,Výrava,Hradec Králové,Královéhradecký kraj,447,50303
571113,Vysoká nad Labem,Hradec Králové,Královéhradecký kraj,1804,50331
571121,Niměřice,Mladá Boleslav,Středočeský kraj,309,29430
571130,Zachrašťany,Hradec Králové,Královéhradecký kraj,260,50401
571148,Rokytovec,Mladá Boleslav,Středočeský kraj,181,29430
571156,Nemyslovice,Mladá Boleslav,Středočeský kraj,167,29429
571164,Chrudim,Chrudim,Pardubický kraj,23562,53701|53703|53705|53821|53831
571172,Kobylnice,Mladá Boleslav,Středočeský kraj,168,29446
571181,Běstvina,Chrudim,Pardubický kraj,555,53843|53845
571199,Bratřínov,Praha-západ,Středočeský kraj,211,25205
571202,Bojanov,Chrudim,Pardubický kraj,648,53807|53826
571211,Klínec,Praha-západ,Středočeský kraj,828,25210
571229,Bořice,Chrudim,Pardubický kraj,199,53862
571237,Bousov,Chrudim,Pardubický kraj,230,53843
571245,Bylany,Chrudim,Pardubický kraj,485,53801
571253,Ctětín,Chrudim,Pardubický kraj,261,53825
571261,Kytín,Praha-západ,Středočeský kraj,627,25210
571270,Čankovice,Chrudim,Pardubický kraj,511,53862
571288,Zahořany,Praha-západ,Středočeský kraj,363,25210
571296,České Lhotice,Chrudim,Pardubický kraj,119,53825
571300,Dědová,Chrudim,Pardubický kraj,133,53901
571318,Roblín,Praha-západ,Středočeský kraj,245,25226
571326,Lichoceves,Praha-západ,Středočeský kraj,406,25264
571334,Okoř,Praha-západ,Středočeský kraj,112,25264
571342,Svrkyně,Praha-západ,Středočeský kraj,312,25264
571351,Úholičky,Praha-západ,Středočeský kraj,843,25264
571377,Hamry,Chrudim,Pardubický kraj,235,53901
571385,Heřmanův Městec,Chrudim,Pardubický kraj,4933,53803
571393,Hlinsko,Chrudim,Pardubický kraj,9504,53901|53962
571407,Hluboká,Chrudim,Pardubický kraj,189,53944|53973
571415,Xaverov,Benešov,Středočeský kraj,57,28506
571423,Zichovec,Kladno,Středočeský kraj,215,27374
571431,Vrbičany,Kladno,Středočeský kraj,213,27374
571440,Holetín,Chrudim,Pardubický kraj,805,53901|53971
571458,Honbice,Chrudim,Pardubický kraj,166,53862
571466,Horka,Chrudim,Pardubický kraj,445,53851
571474,Horní Bradlo,Chrudim,Pardubický kraj,420,53825|53953
571482,Hošťalovice,Chrudim,Pardubický kraj,145,53803
571491,Hrochův Týnec,Chrudim,Pardubický kraj,2187,53862
571504,Hroubovice,Chrudim,Pardubický kraj,343,53854
571512,Kutrovice,Kladno,Středočeský kraj,108,27375
571521,Neprobylice,Kladno,Středočeský kraj,163,27375
571539,Chrast,Chrudim,Pardubický kraj,3181,53851
571547,Chroustovice,Chrudim,Pardubický kraj,1292,53863
571555,Líský,Kladno,Středočeský kraj,106,27376
571563,Jenišovice,Chrudim,Pardubický kraj,431,53854|53863|53864
571571,Kameničky,Chrudim,Pardubický kraj,780,53901|53941
571580,Kladno,Chrudim,Pardubický kraj,235,53901
571598,Zájezd,Kladno,Středočeský kraj,152,27343
571601,Libovice,Kladno,Středočeský kraj,383,27379
571610,Kočí,Chrudim,Pardubický kraj,727,53861
571628,Kostelec u Heřmanova Městce,Chrudim,Pardubický kraj,390,53803
571636,Němčice,Kolín,Středočeský kraj,406,28002
571644,Štíhlice,Praha-východ,Středočeský kraj,244,28163
571652,Krásné,Chrudim,Pardubický kraj,156,53825
571661,Krouna,Chrudim,Pardubický kraj,1399,53901|53943|53944|56982
571679,Oplany,Praha-východ,Středočeský kraj,106,28163
571687,Klášterní Skalice,Kolín,Středočeský kraj,130,28163
571695,Leština,Ústí nad Orlicí,Pardubický kraj,357,53944
571709,Leštinka,Chrudim,Pardubický kraj,179,53973
571717,Kšely,Kolín,Středočeský kraj,223,28201
571725,Libkov,Chrudim,Pardubický kraj,92,53825
571733,Liboměřice,Chrudim,Pardubický kraj,183,53807|53821
571741,Třebonín,Kutná Hora,Středočeský kraj,130,28601
571750,Lozice,Chrudim,Pardubický kraj,171,53854
571768,Lukavice,Chrudim,Pardubický kraj,914,53821
571776,Luže,Chrudim,Pardubický kraj,2589,53854
571784,Libiš,Mělník,Středočeský kraj,2425,27711
571792,Kozomín,Mělník,Středočeský kraj,496,27745
571806,Nová Ves u Bakova,Mladá Boleslav,Středočeský kraj,297,29401
571814,Zdětín,Mladá Boleslav,Středočeský kraj,657,29471
571822,Míčov-Sušice,Chrudim,Pardubický kraj,267,53803
571831,Miřetice,Chrudim,Pardubický kraj,1286,53825|53955
571849,Chudíř,Mladá Boleslav,Středočeský kraj,244,29445
571857,Mladoňovice,Chrudim,Pardubický kraj,337,53821
571865,Mukařov,Mladá Boleslav,Středočeský kraj,204,29501
571873,Morašice,Chrudim,Pardubický kraj,824,53802|53803|53821
571881,Strážiště,Mladá Boleslav,Středočeský kraj,133,29413
571890,Nabočany,Chrudim,Pardubický kraj,126,53862
571903,Načešice,Chrudim,Pardubický kraj,681,53803
571911,Nasavrky,Chrudim,Pardubický kraj,1690,53825
571920,Nové Hrady,Ústí nad Orlicí,Pardubický kraj,306,53944|53945
571938,Ptýrov,Mladá Boleslav,Středočeský kraj,385,29401|29501
571946,Branžež,Mladá Boleslav,Středočeský kraj,272,29402
571954,Sudovo Hlavno,Praha-východ,Středočeský kraj,518,29476
571962,Orel,Chrudim,Pardubický kraj,809,53701|53821
571971,Kováň,Mladá Boleslav,Středočeský kraj,156,29425|29426
571989,Dobšín,Mladá Boleslav,Středočeský kraj,310,29404
571997,Neveklovice,Mladá Boleslav,Středočeský kraj,78,29413
572004,Perálec,Chrudim,Pardubický kraj,259,53944
572012,Kovanec,Mladá Boleslav,Středočeský kraj,122,29426
572021,Vrátno,Mladá Boleslav,Středočeský kraj,160,29426
572039,Podhořany u Ronova,Chrudim,Pardubický kraj,275,53803|53841
572047,Kyje,Jičín,Královéhradecký kraj,90,50713
572063,Pokřikov,Chrudim,Pardubický kraj,252,53901
572071,Prachovice,Chrudim,Pardubický kraj,1404,53804
572080,Proseč,Chrudim,Pardubický kraj,2143,53944
572098,Prosetín,Chrudim,Pardubický kraj,794,53973|53976
572101,Předhradí,Chrudim,Pardubický kraj,401,53973|53974
572110,Přestavlky,Chrudim,Pardubický kraj,196,53862
572128,Vrbice,Jičín,Královéhradecký kraj,165,50703
572136,Kozojedy,Jičín,Královéhradecký kraj,164,50703
572144,Sekeřice,Jičín,Královéhradecký kraj,121,50703
572152,Raná,Chrudim,Pardubický kraj,381,53901|53972
572161,Ronov nad Doubravou,Chrudim,Pardubický kraj,1677,53842|53843
572179,Rosice,Chrudim,Pardubický kraj,1372,53834|53862|53863
572187,Slavhostice,Jičín,Královéhradecký kraj,129,50732
572195,Želivsko,Svitavy,Pardubický kraj,40,56904
572209,Řepníky,Ústí nad Orlicí,Pardubický kraj,387,53854|53865|56601
572217,Řestoky,Chrudim,Pardubický kraj,470,53851
572225,Seč,Chrudim,Pardubický kraj,1869,53805|53807|53843
572233,Řídký,Svitavy,Pardubický kraj,59,57001
572241,Skuteč,Chrudim,Pardubický kraj,5061,53973
572250,Březinky,Svitavy,Pardubický kraj,125,56943
572268,Slatiňany,Chrudim,Pardubický kraj,4134,53701|53821
572276,Sobětuchy,Chrudim,Pardubický kraj,986,53701
572284,Hartinkov,Svitavy,Pardubický kraj,54,56943
572292,Vrážné,Svitavy,Pardubický kraj,64,56943
572306,Stradouň,Ústí nad Orlicí,Pardubický kraj,187,53863
572314,Střemošice,Chrudim,Pardubický kraj,193,53854
572322,Studnice,Chrudim,Pardubický kraj,455,53901
572331,Svídnice,Chrudim,Pardubický kraj,413,53821|53824
572349,Svratouch,Chrudim,Pardubický kraj,905,53942
572357,Desná,Svitavy,Pardubický kraj,376,57001
572365,Horní Újezd,Svitavy,Pardubický kraj,431,57001
572373,Poříčí u Litomyšle,Svitavy,Pardubický kraj,528,57001
572381,Tisovec,Chrudim,Pardubický kraj,360,53973
572390,Trhová Kamenice,Chrudim,Pardubický kraj,1007,53825|53901|53952
572403,Trojovice,Chrudim,Pardubický kraj,179,53833
572411,Třemošnice,Chrudim,Pardubický kraj,3380,53843
572420,Tuněchody,Chrudim,Pardubický kraj,599,53701
572438,Nová Ves u Jarošova,Svitavy,Pardubický kraj,66,57001
572446,Úhřetice,Chrudim,Pardubický kraj,486,53832
572454,Vápenný Podol,Chrudim,Pardubický kraj,311,53803
572462,Včelákov,Chrudim,Pardubický kraj,562,53901|53957
572471,Vejvanovice,Chrudim,Pardubický kraj,294,53862
572489,Vinary,Ústí nad Orlicí,Pardubický kraj,136,53863
572497,Vítanov,Chrudim,Pardubický kraj,481,53901
572501,Vojtěchov,Chrudim,Pardubický kraj,395,53901
572519,Biskupice,Svitavy,Pardubický kraj,476,56943
572527,Vortová,Chrudim,Pardubický kraj,234,53901|53961
572535,Vrbatův Kostelec,Chrudim,Pardubický kraj,374,53851|53956|53973
572543,Všeradov,Chrudim,Pardubický kraj,132,53901
572551,Vysočina,Chrudim,Pardubický kraj,699,53901
572560,Banín,Svitavy,Pardubický kraj,300,56802
572578,Zaječice,Chrudim,Pardubický kraj,1035,53835|53851
572586,Bělá nad Svitavou,Svitavy,Pardubický kraj,476,56905
572594,Kukle,Svitavy,Pardubický kraj,84,56802
572608,Nová Sídla,Svitavy,Pardubický kraj,273,57001
572616,Tržek,Svitavy,Pardubický kraj,160,57001
572624,Útěchov,Svitavy,Pardubický kraj,348,57101
572632,Borušov,Svitavy,Pardubický kraj,178,57101
572641,Žumberk,Chrudim,Pardubický kraj,289,53821|53836
572659,Jičín,Jičín,Královéhradecký kraj,16052,50601
572667,Bašnice,Jičín,Královéhradecký kraj,219,50801
572675,Běchary,Jičín,Královéhradecký kraj,276,50732
572683,Dětřichov u Moravské Třebové,Svitavy,Pardubický kraj,185,57101
572691,Hradec nad Svitavou,Svitavy,Pardubický kraj,1663,56901
572705,Boháňka,Jičín,Královéhradecký kraj,265,50801
572713,Javorník,Svitavy,Pardubický kraj,428,56802
572721,Opatovec,Svitavy,Pardubický kraj,727,56802
572730,Chmelík,Svitavy,Pardubický kraj,199,57001
572748,Karle,Svitavy,Pardubický kraj,421,56802
572756,Tetín,Jičín,Královéhradecký kraj,156,50771
572764,Chrtníky,Pardubice,Pardubický kraj,112,53501
572772,Bystřice,Jičín,Královéhradecký kraj,362,50723
572781,Cerekvice nad Bystřicí,Jičín,Královéhradecký kraj,805,50777|50801
572799,Časy,Pardubice,Pardubický kraj,230,53401
572802,Malé Výkleky,Pardubice,Pardubický kraj,138,53316
572811,Češov,Jičín,Královéhradecký kraj,246,50601
572829,Dětenice,Jičín,Královéhradecký kraj,759,50723|50724
572837,Dobrá Voda u Hořic,Jičín,Královéhradecký kraj,603,50773
572845,Lány u Dašic,Pardubice,Pardubický kraj,150,53002
572853,Pravy,Pardubice,Pardubický kraj,113,53341
572861,Křičeň,Pardubice,Pardubický kraj,302,53341
572870,Němčice,Pardubice,Pardubický kraj,833,53352
572888,Újezd u Sezemic,Pardubice,Pardubický kraj,236,53304
572896,Černá u Bohdanče,Pardubice,Pardubický kraj,733,53341
572900,Holín,Jičín,Královéhradecký kraj,624,50601
572918,Holovousy,Jičín,Královéhradecký kraj,559,50781|50801
572926,Hořice,Jičín,Královéhradecký kraj,8427,50801
572934,Stéblová,Pardubice,Pardubický kraj,309,53345
572942,Plch,Pardubice,Pardubický kraj,106,53345
572951,Podůlšany,Pardubice,Pardubický kraj,149,53345
572969,Chomutice,Jičín,Královéhradecký kraj,592,50753|50801
572977,Dubany,Pardubice,Pardubický kraj,349,53002
572985,Třebosice,Pardubice,Pardubický kraj,253,53002
572993,Jeřice,Jičín,Královéhradecký kraj,383,50801
573001,Jičíněves,Jičín,Královéhradecký kraj,661,50601|50731|50733
573019,Holotín,Pardubice,Pardubický kraj,67,53501
573027,Sovolusky,Pardubice,Pardubický kraj,118,53501
573035,Morašice,Pardubice,Pardubický kraj,96,53501
573043,Kněžnice,Jičín,Královéhradecký kraj,271,50601
573051,Konecchlumí,Jičín,Královéhradecký kraj,424,50601|50705
573060,Kopidlno,Jičín,Královéhradecký kraj,2135,50732
573078,Neratov,Pardubice,Pardubický kraj,176,53341
573086,Lískovice,Jičín,Královéhradecký kraj,240,50801
573094,Lázně Bělohrad,Jičín,Královéhradecký kraj,3701,50781
573108,Libáň,Jičín,Královéhradecký kraj,1918,50723
573116,Libošovice,Jičín,Královéhradecký kraj,522,50601|50744
573124,Libuň,Jičín,Královéhradecký kraj,796,50601|50715
573132,Starý Bydžov,Hradec Králové,Královéhradecký kraj,423,50357
573141,Lukavec u Hořic,Jičín,Královéhradecký kraj,330,50801
573159,Lužany,Jičín,Královéhradecký kraj,618,50706
573167,Markvartice,Jičín,Královéhradecký kraj,526,50723|50742|50743
573175,Miletín,Jičín,Královéhradecký kraj,951,50771
573183,Zelenecká Lhota,Jičín,Královéhradecký kraj,178,50723
573191,Sadová,Hradec Králové,Královéhradecký kraj,320,50315
573205,Mladějov,Jičín,Královéhradecký kraj,550,50601|50745
573213,Mlázovice,Jičín,Královéhradecký kraj,551,50758|50781
573221,Rohoznice,Jičín,Královéhradecký kraj,325,50771
573230,Nemyčeves,Jičín,Královéhradecký kraj,352,50601
573248,Nová Paka,Jičín,Královéhradecký kraj,8834,50791|50901
573256,Šárovcova Lhota,Jičín,Královéhradecký kraj,219,50759|50781|50801
573264,Osek,Jičín,Královéhradecký kraj,251,29404|50743
573272,Ostroměř,Jičín,Královéhradecký kraj,1339,50752|50801
573281,Ostružno,Jičín,Královéhradecký kraj,104,50601
573299,Pecka,Jičín,Královéhradecký kraj,1273,50782
573302,Svatojanský Újezd,Jičín,Královéhradecký kraj,90,50781
573311,Podhorní Újezd a Vojice,Jičín,Královéhradecký kraj,640,50754|50801
573329,Podhradí,Jičín,Královéhradecký kraj,500,50601
573337,Dřevěnice,Jičín,Královéhradecký kraj,295,50713
573345,Podůlší,Jičín,Královéhradecký kraj,237,50601
573353,Bukvice,Jičín,Královéhradecký kraj,180,50601
573361,Soběraz,Jičín,Královéhradecký kraj,94,50713
573370,Radim,Jičín,Královéhradecký kraj,480,50712|50713
573388,Litoboř,Náchod,Královéhradecký kraj,115,55205
573400,Loučky,Semily,Liberecký kraj,155,51101
573418,Martinice v Krkonoších,Semily,Liberecký kraj,623,51232
573426,Anenská Studánka,Ústí nad Orlicí,Pardubický kraj,193,56301
573434,Lhota,Zlín,Zlínský kraj,911,76302
573442,Samšina,Jičín,Královéhradecký kraj,272,50601
573451,Sběř,Jičín,Královéhradecký kraj,326,50703
573469,Slatiny,Jičín,Královéhradecký kraj,552,50601
573477,Sobčice,Jičín,Královéhradecký kraj,296,50801
573485,Lesůňky,Třebíč,Kraj Vysočina,85,67551
573493,Sobotka,Jičín,Královéhradecký kraj,2401,50743
573507,Stará Paka,Jičín,Královéhradecký kraj,2142,50791|50901
573515,Kunětice,Pardubice,Pardubický kraj,429,53304
573523,Staré Smrkovice,Jičín,Královéhradecký kraj,265,50801
573531,Puchlovice,Hradec Králové,Královéhradecký kraj,119,50315
573540,Střevač,Jičín,Královéhradecký kraj,286,50601|50722
573558,Boňkov,Havlíčkův Brod,Kraj Vysočina,77,58255
573566,Bělá,Havlíčkův Brod,Kraj Vysočina,221,58401
573574,Chřenovice,Havlíčkův Brod,Kraj Vysočina,149,58401
573582,Víska,Havlíčkův Brod,Kraj Vysočina,187,58301
573591,Pohleď,Havlíčkův Brod,Kraj Vysočina,72,58291
573604,Služátky,Havlíčkův Brod,Kraj Vysočina,160,58291
573612,Třebnouševes,Jičín,Královéhradecký kraj,297,50801
573621,Hvozdnice,Hradec Králové,Královéhradecký kraj,352,50327
573639,Třtěnice,Jičín,Královéhradecký kraj,345,50704
573647,Tuř,Jičín,Královéhradecký kraj,136,50601
573655,Úbislavice,Jičín,Královéhradecký kraj,490,50792|50901
573663,Údrnice,Jičín,Královéhradecký kraj,332,50723|50732
573671,Úhlejov,Jičín,Královéhradecký kraj,138,50771
573680,Újezd pod Troskami,Jičín,Královéhradecký kraj,329,50745|51263
573698,Úlibice,Jičín,Královéhradecký kraj,366,50601|50707
573701,Valdice,Jičín,Královéhradecký kraj,1272,50711
573710,Kobylice,Hradec Králové,Královéhradecký kraj,260,50401
573728,Veliš,Jičín,Královéhradecký kraj,197,50721
573736,Vidochov,Jičín,Královéhradecký kraj,354,50782|50901
573744,Zdechovice,Hradec Králové,Královéhradecký kraj,164,50401
573752,Vitiněves,Jičín,Královéhradecký kraj,340,50601
573761,Volanice,Jičín,Královéhradecký kraj,231,50703
573779,Máslojedy,Hradec Králové,Královéhradecký kraj,218,50303
573787,Klešice,Chrudim,Pardubický kraj,433,53803
573795,Vršce,Jičín,Královéhradecký kraj,237,50733
573809,Vysoké Veselí,Jičín,Královéhradecký kraj,889,50703
573817,Smrček,Chrudim,Pardubický kraj,136,53851
573825,Železnice,Jičín,Královéhradecký kraj,1435,50713
573833,Žeretice,Jičín,Královéhradecký kraj,243,50702|50703
573841,Židovice,Jičín,Královéhradecký kraj,101,50732
573850,Žlunice,Jičín,Královéhradecký kraj,258,50734
573868,Náchod,Náchod,Královéhradecký kraj,19649,54701
573876,Zderaz,Chrudim,Pardubický kraj,278,53944
573884,Bezděkov nad Metují,Náchod,Královéhradecký kraj,642,54931|54954|54964
573892,Bohuslavice,Náchod,Královéhradecký kraj,1036,54906
573906,Borová,Náchod,Královéhradecký kraj,215,54701
573914,Božanov,Náchod,Královéhradecký kraj,376,54974
573922,Broumov,Náchod,Královéhradecký kraj,6998,55001
573931,Brzice,Náchod,Královéhradecký kraj,250,55205
573949,Biskupice,Chrudim,Pardubický kraj,78,53843
573957,Černčice,Náchod,Královéhradecký kraj,471,54901
573965,Červený Kostelec,Náchod,Královéhradecký kraj,8202,54232|54941
573973,Česká Čermná,Náchod,Královéhradecký kraj,505,54921
573981,Česká Metuje,Náchod,Královéhradecký kraj,301,54931|54956
573990,Česká Skalice,Náchod,Královéhradecký kraj,4970,55203
574007,Kněžice,Chrudim,Pardubický kraj,139,53843
574015,Dolany,Náchod,Královéhradecký kraj,721,55203|55204
574023,Dolní Radechová,Náchod,Královéhradecký kraj,765,54911
574031,Hejtmánkovice,Náchod,Královéhradecký kraj,583,55001
574040,Heřmanice,Náchod,Královéhradecký kraj,426,54443|55212
574058,Heřmánkovice,Náchod,Královéhradecký kraj,490,54984|55001
574066,Horní Radechová,Náchod,Královéhradecký kraj,527,54941|54946
574074,Hořičky,Náchod,Královéhradecký kraj,585,55205
574082,Hronov,Náchod,Královéhradecký kraj,6063,54931|54934|54941
574091,Žlebské Chvalovice,Chrudim,Pardubický kraj,137,53843
574104,Ostrov,Chrudim,Pardubický kraj,180,53863
574112,Chvalkovice,Náchod,Královéhradecký kraj,818,55204
574121,Jaroměř,Náchod,Královéhradecký kraj,12487,55101|55102
574139,Jasenná,Náchod,Královéhradecký kraj,722,55222
574147,Jestřebí,Náchod,Královéhradecký kraj,173,54901
574155,Jetřichov,Náchod,Královéhradecký kraj,426,54983
574163,Hynčice,Náchod,Královéhradecký kraj,186,54983
574171,Křinice,Náchod,Královéhradecký kraj,436,55001
574180,Lhota pod Hořičkami,Náchod,Královéhradecký kraj,276,55205
574198,Spojil,Pardubice,Pardubický kraj,531,53002
574201,Horka u Staré Paky,Semily,Liberecký kraj,233,51234|51401
574210,Machov,Náchod,Královéhradecký kraj,1052,54931|54963
574228,Martínkovice,Náchod,Královéhradecký kraj,510,54973
574236,Mezilečí,Náchod,Královéhradecký kraj,143,55205
574244,Mezilesí,Náchod,Královéhradecký kraj,243,54923
574252,Meziměstí,Náchod,Královéhradecký kraj,2283,54981|54983
574261,Nahořany,Náchod,Královéhradecký kraj,623,54901|54907|55101|55203
574279,Nové Město nad Metují,Náchod,Královéhradecký kraj,9165,54901
574287,Nový Hrádek,Náchod,Královéhradecký kraj,887,54901|54922
574295,Nový Ples,Náchod,Královéhradecký kraj,357,55101
574309,Bezděčí u Trnávky,Svitavy,Pardubický kraj,181,56943|57101
574317,Otovice,Náchod,Královéhradecký kraj,323,54972
574325,Gruna,Svitavy,Pardubický kraj,246,57101
574333,Radkov,Svitavy,Pardubický kraj,114,57101
574341,Police nad Metují,Náchod,Královéhradecký kraj,4164,54954
574350,Provodov-Šonov,Náchod,Královéhradecký kraj,1211,54908|55203
574368,Přibyslav,Náchod,Královéhradecký kraj,199,54901
574376,Rasošky,Náchod,Královéhradecký kraj,681,55101|55102|55221
574384,Rožnov,Náchod,Královéhradecký kraj,382,55101
574392,Sázava,Ústí nad Orlicí,Pardubický kraj,553,56301
574406,Rychnovek,Náchod,Královéhradecký kraj,728,55203|55225
574422,Slatina nad Úpou,Náchod,Královéhradecký kraj,315,54947|55205
574431,Slavětín nad Metují,Náchod,Královéhradecký kraj,254,54901
574449,Kosořín,Ústí nad Orlicí,Pardubický kraj,200,56501
574457,Slavoňov,Náchod,Královéhradecký kraj,318,54901
574465,Stárkov,Náchod,Královéhradecký kraj,646,54931|54936|54941
574481,Studnice,Náchod,Královéhradecký kraj,1168,54701|54948|55203
574490,Suchý Důl,Náchod,Královéhradecký kraj,406,54954|54962
574511,Šonov,Náchod,Královéhradecký kraj,292,54971
574538,Teplice nad Metují,Náchod,Královéhradecký kraj,1584,54957
574546,Kramolna,Náchod,Královéhradecký kraj,1059,54701
574554,Velichovky,Náchod,Královéhradecký kraj,777,55211
574562,Velká Jesenice,Náchod,Královéhradecký kraj,733,55101|55224
574571,Velké Petrovice,Náchod,Královéhradecký kraj,435,54931|54954
574589,Velký Třebešov,Náchod,Královéhradecký kraj,316,55203
574597,Vilantice,Trutnov,Královéhradecký kraj,203,54401
574601,Vlkov,Náchod,Královéhradecký kraj,379,55101
574627,Vršovka,Náchod,Královéhradecký kraj,148,54901
574635,Vysoká Srbská,Náchod,Královéhradecký kraj,290,54931|54937
574643,Vysokov,Náchod,Královéhradecký kraj,534,54701|54912|55203
574651,Zábrodí,Náchod,Královéhradecký kraj,583,54941
574660,Zaloňov,Náchod,Královéhradecký kraj,447,55101
574686,Žďár nad Metují,Náchod,Královéhradecký kraj,643,54931|54954|54955
574694,Žďárky,Náchod,Královéhradecký kraj,584,54931|54937
574708,Žernov,Náchod,Královéhradecký kraj,327,55203
574724,Barchov,Pardubice,Pardubický kraj,338,53002
574741,Bezděkov,Pardubice,Pardubický kraj,352,53501
574767,Lázně Bohdaneč,Pardubice,Pardubický kraj,3323,53341
574783,Borek,Pardubice,Pardubický kraj,288,53401
574791,Brloh,Pardubice,Pardubický kraj,225,53501
574805,Břehy,Pardubice,Pardubický kraj,1129,53501
574813,Bukovina nad Labem,Pardubice,Pardubický kraj,239,53352
574821,Bukovina u Přelouče,Pardubice,Pardubický kraj,89,53501
574830,Bukovka,Pardubice,Pardubický kraj,401,53341
574848,Býšť,Pardubice,Pardubický kraj,1689,53322|53401
574856,Čeperka,Pardubice,Pardubický kraj,1191,53002|53345|53352
574864,Čepí,Pardubice,Pardubický kraj,475,53332
574899,Dašice,Pardubice,Pardubický kraj,2773,53002|53303
574902,Dolany,Pardubice,Pardubický kraj,437,53345
574911,Dolní Roveň,Pardubice,Pardubický kraj,2148,53002|53371
574929,Dolní Ředice,Pardubice,Pardubický kraj,1116,53375
574953,Dříteč,Pardubice,Pardubický kraj,666,53305
574961,Hlavečník,Pardubice,Pardubický kraj,288,53315
574988,Holice,Pardubice,Pardubický kraj,6783,53401
574996,Horní Jelení,Pardubice,Pardubický kraj,2149,53374|53401
575011,Horní Ředice,Pardubice,Pardubický kraj,1063,53375
575046,Hrobice,Pardubice,Pardubický kraj,273,53352
575054,Choltice,Pardubice,Pardubický kraj,1244,53361|53501
575062,Choteč,Pardubice,Pardubický kraj,359,53304
575071,Chvaletice,Pardubice,Pardubický kraj,2897,53312
575089,Chvojenec,Pardubice,Pardubický kraj,805,53401
575097,Chýšť,Pardubice,Pardubický kraj,202,53316
575101,Jankovice,Pardubice,Pardubický kraj,362,53501
575119,Jaroslav,Pardubice,Pardubický kraj,269,53401
575127,Jedousov,Pardubice,Pardubický kraj,171,53501
575135,Jeníkovice,Pardubice,Pardubický kraj,242,53501
575143,Jezbořice,Pardubice,Pardubický kraj,397,53002
575151,Kasalice,Pardubice,Pardubický kraj,219,53341
575178,Kladruby nad Labem,Pardubice,Pardubický kraj,651,53314|53316|53501
575194,Kojice,Pardubice,Pardubický kraj,442,53312
575232,Kostěnice,Pardubice,Pardubický kraj,583,53002
575259,Labské Chrčice,Pardubice,Pardubický kraj,320,28126
575305,Libišany,Pardubice,Pardubický kraj,714,53345
575313,Lipoltice,Pardubice,Pardubický kraj,437,53364|53501
575330,Litošice,Pardubice,Pardubický kraj,166,53501
575372,Mikulovice,Pardubice,Pardubický kraj,1324,53002
575381,Mokošín,Pardubice,Pardubický kraj,173,53501
575399,Moravany,Pardubice,Pardubický kraj,1887,53002|53372|53401
575429,Opatovice nad Labem,Pardubice,Pardubický kraj,2968,53002|53345
575437,Ostřešany,Pardubice,Pardubický kraj,1134,53002
575445,Ostřetín,Pardubice,Pardubický kraj,917,53401
575461,Poběžovice u Holic,Pardubice,Pardubický kraj,314,53401
575470,Poběžovice u Přelouče,Pardubice,Pardubický kraj,129,53501
575500,Přelouč,Pardubice,Pardubický kraj,10195,53501
575518,Přelovice,Pardubice,Pardubický kraj,239,53341
575526,Přepychy,Pardubice,Pardubický kraj,91,53316
575534,Ráby,Pardubice,Pardubický kraj,580,53352
575542,Radhošť,Ústí nad Orlicí,Pardubický kraj,173,53401
575551,Rohovládova Bělá,Pardubice,Pardubický kraj,674,53343
575569,Rohoznice,Pardubice,Pardubický kraj,254,53341
575577,Rokytno,Pardubice,Pardubický kraj,932,53304|53401
575593,Rybitví,Pardubice,Pardubický kraj,1529,53354
575607,Řečany nad Labem,Pardubice,Pardubický kraj,1419,53313|53501
575615,Selmice,Pardubice,Pardubický kraj,152,53501
575623,Semín,Pardubice,Pardubický kraj,641,53501
575640,Sezemice,Pardubice,Pardubický kraj,4393,53304
575658,Slepotice,Pardubice,Pardubický kraj,466,53002
575666,Sopřeč,Pardubice,Pardubický kraj,378,53316
575682,Srch,Pardubice,Pardubický kraj,1799,53345|53352
575704,Staré Hradiště,Pardubice,Pardubický kraj,2079,53352
575712,Staré Jesenčany,Pardubice,Pardubický kraj,421,53002
575721,Staré Ždánice,Pardubice,Pardubický kraj,719,53344
575739,Starý Mateřov,Pardubice,Pardubický kraj,944,53002
575755,Stojice,Pardubice,Pardubický kraj,214,53501
575763,Strašov,Pardubice,Pardubický kraj,365,53316
575771,Svinčany,Pardubice,Pardubický kraj,568,53501
575780,Svojšice,Pardubice,Pardubický kraj,283,53362
575810,Tetov,Pardubice,Pardubický kraj,163,53316
575828,Trusnov,Pardubice,Pardubický kraj,212,53401
575844,Turkovice,Pardubice,Pardubický kraj,330,53363|53501
575861,Týnišťko,Ústí nad Orlicí,Pardubický kraj,161,56601
575879,Uhersko,Pardubice,Pardubický kraj,304,53373|53401
575887,Úhřetická Lhota,Pardubice,Pardubický kraj,334,53002
575909,Újezd u Přelouče,Pardubice,Pardubický kraj,244,53316
575917,Urbanice,Pardubice,Pardubický kraj,61,53501
575925,Valy,Pardubice,Pardubický kraj,512,53501
575933,Vápno,Pardubice,Pardubický kraj,122,53316
575941,Veliny,Pardubice,Pardubický kraj,496,53401
575968,Veselí,Pardubice,Pardubický kraj,400,53501
575984,Vlčí Habřina,Pardubice,Pardubický kraj,331,53341
575992,Voleč,Pardubice,Pardubický kraj,387,53341
576000,Vysoké Chvojno,Pardubice,Pardubický kraj,456,53321
576018,Vyšehněvice,Pardubice,Pardubický kraj,258,53341
576026,Zdechovice,Pardubice,Pardubický kraj,686,53311|53313|53501
576042,Žáravice,Pardubice,Pardubický kraj,114,53316
576051,Živanice,Pardubice,Pardubický kraj,1016,53341|53342
576069,Rychnov nad Kněžnou,Rychnov nad Kněžnou,Královéhradecký kraj,11693,51601|51603
576077,Albrechtice nad Orlicí,Rychnov nad Kněžnou,Královéhradecký kraj,1000,51722
576085,Bačetín,Rychnov nad Kněžnou,Královéhradecký kraj,391,51801
576093,Bartošovice v Orlických horách,Rychnov nad Kněžnou,Královéhradecký kraj,225,51761
576107,Bílý Újezd,Rychnov nad Kněžnou,Královéhradecký kraj,755,51801
576115,Bohdašín,Rychnov nad Kněžnou,Královéhradecký kraj,203,51801|54901
576123,Bolehošť,Rychnov nad Kněžnou,Královéhradecký kraj,665,51731
576131,Borohrádek,Rychnov nad Kněžnou,Královéhradecký kraj,2059,51721|51724
576140,Borovnice,Rychnov nad Kněžnou,Královéhradecký kraj,404,51741
576166,Bystré,Rychnov nad Kněžnou,Královéhradecký kraj,269,51801
576174,Byzhradec,Rychnov nad Kněžnou,Královéhradecký kraj,207,51801
576182,Častolovice,Rychnov nad Kněžnou,Královéhradecký kraj,1671,51741|51750
576191,Čermná nad Orlicí,Rychnov nad Kněžnou,Královéhradecký kraj,1099,51725|51741
576204,Černíkovice,Rychnov nad Kněžnou,Královéhradecký kraj,809,51601|51704
576212,České Meziříčí,Rychnov nad Kněžnou,Královéhradecký kraj,2044,51771
576221,Čestice,Rychnov nad Kněžnou,Královéhradecký kraj,581,51741
576247,Deštné v Orlických horách,Rychnov nad Kněžnou,Královéhradecký kraj,529,51791
576263,Dobré,Rychnov nad Kněžnou,Královéhradecký kraj,880,51793|51801
576271,Dobruška,Rychnov nad Kněžnou,Královéhradecký kraj,6445,51801
576280,Dobřany,Rychnov nad Kněžnou,Královéhradecký kraj,139,51801
576301,Doudleby nad Orlicí,Rychnov nad Kněžnou,Královéhradecký kraj,1791,51742
576310,Chleny,Rychnov nad Kněžnou,Královéhradecký kraj,201,51741|51745
576328,Janov,Rychnov nad Kněžnou,Královéhradecký kraj,117,51801|54901
576336,Javornice,Rychnov nad Kněžnou,Královéhradecký kraj,1122,51601|51711
576352,Jílovice,Hradec Králové,Královéhradecký kraj,308,51772
576361,Kostelec nad Orlicí,Rychnov nad Kněžnou,Královéhradecký kraj,6224,51741
576387,Kostelecké Horky,Rychnov nad Kněžnou,Královéhradecký kraj,177,51741
576395,Kounov,Rychnov nad Kněžnou,Královéhradecký kraj,239,51792|51801
576409,Králova Lhota,Rychnov nad Kněžnou,Královéhradecký kraj,279,51771
576425,Kvasiny,Rychnov nad Kněžnou,Královéhradecký kraj,1724,51702
576433,Ledce,Hradec Králové,Královéhradecký kraj,340,51771
576441,Lhoty u Potštejna,Rychnov nad Kněžnou,Královéhradecký kraj,353,51741
576450,Liberk,Rychnov nad Kněžnou,Královéhradecký kraj,690,51601|51703|51712
576468,Lično,Rychnov nad Kněžnou,Královéhradecký kraj,657,51721|51735
576476,Lípa nad Orlicí,Rychnov nad Kněžnou,Královéhradecký kraj,647,51721
576492,Lukavice,Rychnov nad Kněžnou,Královéhradecký kraj,640,51603|51703
576506,Lupenice,Rychnov nad Kněžnou,Královéhradecký kraj,279,51741
576522,Mokré,Rychnov nad Kněžnou,Královéhradecký kraj,172,51771
576549,Nová Ves,Rychnov nad Kněžnou,Královéhradecký kraj,243,51721
576557,Očelice,Rychnov nad Kněžnou,Královéhradecký kraj,225,51771
576565,Ohnišov,Rychnov nad Kněžnou,Královéhradecký kraj,511,51784|51801
576573,Olešnice v Orlických horách,Rychnov nad Kněžnou,Královéhradecký kraj,389,51783
576581,Olešnice,Rychnov nad Kněžnou,Královéhradecký kraj,486,51721|51736
576590,Opočno,Rychnov nad Kněžnou,Královéhradecký kraj,3118,51773|51801
576603,Orlické Záhoří,Rychnov nad Kněžnou,Královéhradecký kraj,213,51764
576611,Osečnice,Rychnov nad Kněžnou,Královéhradecký kraj,295,51703
576620,Pěčín,Rychnov nad Kněžnou,Královéhradecký kraj,473,51757|51761
576654,Podbřezí,Rychnov nad Kněžnou,Královéhradecký kraj,618,51801|51803
576662,Pohoří,Rychnov nad Kněžnou,Královéhradecký kraj,681,51801
576671,Potštejn,Rychnov nad Kněžnou,Královéhradecký kraj,971,51743
576689,Přepychy,Rychnov nad Kněžnou,Královéhradecký kraj,639,51732
576701,Rokytnice v Orlických horách,Rychnov nad Kněžnou,Královéhradecký kraj,2113,51601|51761
576727,Rybná nad Zdobnicí,Rychnov nad Kněžnou,Královéhradecký kraj,400,51755
576735,Říčky v Orlických horách,Rychnov nad Kněžnou,Královéhradecký kraj,123,51761
576743,Sedloňov,Rychnov nad Kněžnou,Královéhradecký kraj,207,51791
576751,Semechnice,Rychnov nad Kněžnou,Královéhradecký kraj,458,51801
576778,Skuhrov nad Bělou,Rychnov nad Kněžnou,Královéhradecký kraj,1113,51703
576786,Slatina nad Zdobnicí,Rychnov nad Kněžnou,Královéhradecký kraj,871,51756|51757
576794,Sněžné,Rychnov nad Kněžnou,Královéhradecký kraj,141,51801
576808,Solnice,Rychnov nad Kněžnou,Královéhradecký kraj,2515,51601|51701|51702
576816,Synkov-Slemeno,Rychnov nad Kněžnou,Královéhradecký kraj,459,51601
576824,Trnov,Rychnov nad Kněžnou,Královéhradecký kraj,779,51732|51733|51801
576832,Třebešov,Rychnov nad Kněžnou,Královéhradecký kraj,326,51601
576841,Tutleky,Rychnov nad Kněžnou,Královéhradecký kraj,338,51741
576859,Týniště nad Orlicí,Rychnov nad Kněžnou,Královéhradecký kraj,6133,50346|51721
576875,Val,Rychnov nad Kněžnou,Královéhradecký kraj,317,51801
576883,Vamberk,Rychnov nad Kněžnou,Královéhradecký kraj,4580,51601|51741|51754
576891,Voděrady,Rychnov nad Kněžnou,Královéhradecký kraj,730,51721|51734
576921,Záměl,Rychnov nad Kněžnou,Královéhradecký kraj,662,51743
576930,Zdelov,Rychnov nad Kněžnou,Královéhradecký kraj,269,51721
576948,Zdobnice,Rychnov nad Kněžnou,Královéhradecký kraj,184,51601
576956,Žďár nad Orlicí,Rychnov nad Kněžnou,Královéhradecký kraj,537,51721|51723
576964,Semily,Semily,Liberecký kraj,7999,51206|51301
576972,Bělá,Semily,Liberecký kraj,280,51401
576981,Benecko,Semily,Liberecký kraj,1111,51237|51401
576999,Benešov u Semil,Semily,Liberecký kraj,866,51206
577006,Bozkov,Semily,Liberecký kraj,591,51213
577014,Bradlecká Lhota,Semily,Liberecký kraj,236,50713
577031,Bukovina u Čisté,Semily,Liberecký kraj,206,51401
577049,Bystrá nad Jizerou,Semily,Liberecký kraj,117,51301
577057,Čistá u Horek,Semily,Liberecký kraj,591,51235
577073,Háje nad Jizerou,Semily,Liberecký kraj,677,51301
577081,Harrachov,Jablonec nad Nisou,Liberecký kraj,1361,51246
577111,Holenice,Semily,Liberecký kraj,100,50601
577120,Horní Branná,Semily,Liberecký kraj,1868,51236|51401
577146,Hrubá Skála,Semily,Liberecký kraj,600,51101|51263
577154,Chuchelna,Semily,Liberecký kraj,976,51301
577162,Jablonec nad Jizerou,Semily,Liberecký kraj,1592,51243|51301|51401
577171,Jesenný,Semily,Liberecký kraj,511,51212|51301
577189,Jestřabí v Krkonoších,Semily,Liberecký kraj,238,51401
577197,Jilemnice,Semily,Liberecký kraj,5312,51401
577201,Kacanovy,Semily,Liberecký kraj,234,51101
577219,Karlovice,Semily,Liberecký kraj,885,51101
577227,Klokočí,Semily,Liberecký kraj,211,51101
577235,Košťálov,Semily,Liberecký kraj,1672,51202|51251|51401
577243,Kruh,Semily,Liberecký kraj,513,51401
577294,Libštát,Semily,Liberecký kraj,900,51203
577308,Lomnice nad Popelkou,Semily,Liberecký kraj,5649,51251|51263
577316,Mírová pod Kozákovem,Semily,Liberecký kraj,1730,51101
577324,Modřišice,Semily,Liberecký kraj,427,51101
577332,Mříčná,Semily,Liberecký kraj,593,51204
577341,Nová Ves nad Popelkou,Semily,Liberecký kraj,666,51271
577359,Ohrazenice,Semily,Liberecký kraj,1105,51101
577367,Olešnice,Semily,Liberecký kraj,239,51101
577375,Levínská Olešnice,Semily,Liberecký kraj,330,50791|51401
577391,Peřimov,Semily,Liberecký kraj,282,51204
577405,Poniklá,Semily,Liberecký kraj,1096,51242|51401
577413,Přepeře,Semily,Liberecký kraj,1067,51261
577421,Příkrý,Semily,Liberecký kraj,248,51301
577430,Radostná pod Kozákovem,Semily,Liberecký kraj,436,51101|51263
577448,Rakousy,Semily,Liberecký kraj,105,51101
577456,Rokytnice nad Jizerou,Semily,Liberecký kraj,2459,51244|51245
577464,Roprachtice,Semily,Liberecký kraj,293,51301
577472,Rovensko pod Troskami,Semily,Liberecký kraj,1369,51263
577481,Roztoky u Semil,Semily,Liberecký kraj,108,51301
577499,Roztoky u Jilemnice,Semily,Liberecký kraj,1083,51231|51232|51401
577529,Slaná,Semily,Liberecký kraj,677,51201|51206|51301
577545,Stružinec,Semily,Liberecký kraj,690,51251
577553,Studenec,Semily,Liberecký kraj,1843,51233|51401
577561,Svojek,Semily,Liberecký kraj,179,50791
577570,Syřenov,Semily,Liberecký kraj,245,51251
577596,Tatobity,Semily,Liberecký kraj,626,51253|51263
577600,Troskovice,Semily,Liberecký kraj,77,50601|51263
577626,Turnov,Semily,Liberecký kraj,14607,51101
577642,Veselá,Semily,Liberecký kraj,235,51252|51263
577651,Víchová nad Jizerou,Semily,Liberecký kraj,837,51241|51401
577669,Vítkovice,Semily,Liberecký kraj,366,51238
577677,Všeň,Semily,Liberecký kraj,612,51101|51265
577685,Vyskeř,Semily,Liberecký kraj,406,51101|51264
577693,Vysoké nad Jizerou,Semily,Liberecký kraj,1263,51211|51243|51301
577707,Záhoří,Semily,Liberecký kraj,515,51301
577723,Žernov,Semily,Liberecký kraj,245,51263
577731,Svitavy,Svitavy,Pardubický kraj,16041,56802
577774,Benátky,Svitavy,Pardubický kraj,409,57001
577812,Bohuňov,Svitavy,Pardubický kraj,124,56904
577821,Bohuňovice,Svitavy,Pardubický kraj,114,57001
577839,Borová,Svitavy,Pardubický kraj,1041,56982
577863,Brněnec,Svitavy,Pardubický kraj,1221,56904
577871,Březina,Svitavy,Pardubický kraj,318,56923|56943
577898,Březiny,Svitavy,Pardubický kraj,138,57201
577910,Budislav,Svitavy,Pardubický kraj,511,56965
577928,Bystré,Svitavy,Pardubický kraj,1561,56992
577936,Cerekvice nad Loučnou,Svitavy,Pardubický kraj,889,56953|57001
577944,Čistá,Svitavy,Pardubický kraj,1067,56956
577961,Dětřichov,Svitavy,Pardubický kraj,391,56802
577979,Poustka,Cheb,Karlovarský kraj,170,35002
577987,Dlouhá Loučka,Svitavy,Pardubický kraj,588,56943
577995,Dolní Újezd,Svitavy,Pardubický kraj,1958,56961|57001
578002,Velký Luh,Cheb,Karlovarský kraj,180,35134
578011,Chodov,Karlovy Vary,Karlovarský kraj,129,36464
578029,Vysoká Pec,Karlovy Vary,Karlovarský kraj,340,36221
578037,Hartmanice,Svitavy,Pardubický kraj,249,56992
578045,Krásný Les,Karlovy Vary,Karlovarský kraj,361,36301
578053,Horky,Svitavy,Pardubický kraj,146,57001
578061,Ostřetice,Klatovy,Plzeňský kraj,76,33901
578070,Lomec,Klatovy,Plzeňský kraj,129,33901
578088,Biřkov,Klatovy,Plzeňský kraj,142,33401|34012
578096,Chornice,Svitavy,Pardubický kraj,846,56942|56943
578100,Chotěnov,Svitavy,Pardubický kraj,138,57001
578118,Chotovice,Svitavy,Pardubický kraj,153,57001
578126,Chrastavec,Svitavy,Pardubický kraj,236,56904
578134,Janov,Svitavy,Pardubický kraj,1041,56955|57001
578142,Janůvky,Svitavy,Pardubický kraj,62,56943
578151,Jaroměřice,Svitavy,Pardubický kraj,1177,56943|56944
578169,Jarošov,Svitavy,Pardubický kraj,197,56966
578177,Kovčín,Klatovy,Plzeňský kraj,84,34101
578185,Jedlová,Svitavy,Pardubický kraj,1106,56991
578193,Jevíčko,Svitavy,Pardubický kraj,2837,56943
578207,Kamenec u Poličky,Svitavy,Pardubický kraj,598,57201
578215,Kamenná Horka,Svitavy,Pardubický kraj,371,56802
578223,Nehodiv,Klatovy,Plzeňský kraj,88,34101
578231,Koclířov,Svitavy,Pardubický kraj,740,56911|57101
578240,Hamry,Klatovy,Plzeňský kraj,108,34022
578258,Korouhev,Svitavy,Pardubický kraj,810,56993|57201
578266,Koruna,Svitavy,Pardubický kraj,167,56301
578274,Křenov,Svitavy,Pardubický kraj,393,56922
578282,Kunčina,Svitavy,Pardubický kraj,1398,56924
578291,Květná,Svitavy,Pardubický kraj,425,57201
578304,Lavičné,Svitavy,Pardubický kraj,129,56904
578312,Zborovy,Klatovy,Plzeňský kraj,130,34034
578321,Újezd u Plánice,Klatovy,Plzeňský kraj,123,33901
578339,Linhartice,Svitavy,Pardubický kraj,623,57101
578347,Litomyšl,Svitavy,Pardubický kraj,10411,56967|57001
578355,Lubná,Svitavy,Pardubický kraj,945,56963
578363,Makov,Svitavy,Pardubický kraj,342,57001
578371,Malíkov,Svitavy,Pardubický kraj,105,57101
578380,Městečko Trnávka,Svitavy,Pardubický kraj,1425,56941|56943|57101
578398,Mikuleč,Svitavy,Pardubický kraj,261,56802
578401,Mladějov na Moravě,Svitavy,Pardubický kraj,461,56935
578410,Maňovice,Klatovy,Plzeňský kraj,41,34101
578428,Morašice,Svitavy,Pardubický kraj,740,56951|57001
578436,Slatina,Klatovy,Plzeňský kraj,91,34101
578444,Moravská Třebová,Svitavy,Pardubický kraj,9418,56921|57101
578452,Nedvězí,Svitavy,Pardubický kraj,183,56992
578461,Mezihoří,Klatovy,Plzeňský kraj,74,34012
578479,Oldřiš,Svitavy,Pardubický kraj,662,56982|57201
578487,Opatov,Svitavy,Pardubický kraj,1103,56912
578495,Čímice,Klatovy,Plzeňský kraj,164,34201
578509,Osík,Svitavy,Pardubický kraj,1060,56967
578517,Domoraz,Klatovy,Plzeňský kraj,54,34201
578525,Frymburk,Klatovy,Plzeňský kraj,102,34201
578533,Nezamyslice,Klatovy,Plzeňský kraj,208,34201
578541,Jarov,Plzeň-jih,Plzeňský kraj,224,33501
578550,Pohledy,Svitavy,Pardubický kraj,315,56802
578568,Čmelíny,Plzeň-jih,Plzeňský kraj,128,33501
578576,Polička,Svitavy,Pardubický kraj,9035,57201
578584,Pomezí,Svitavy,Pardubický kraj,1341,56971
578592,Třebčice,Plzeň-jih,Plzeňský kraj,107,33501
578606,Lhůta,Plzeň-město,Plzeňský kraj,220,33201
578614,Tojice,Plzeň-jih,Plzeňský kraj,106,33501
578622,Příluka,Svitavy,Pardubický kraj,175,53944
578631,Pustá Kamenice,Svitavy,Pardubický kraj,319,56982
578649,Pustá Rybná,Svitavy,Pardubický kraj,164,56982|57201
578657,Radiměř,Svitavy,Pardubický kraj,1260,56907
578665,Dražeň,Plzeň-sever,Plzeňský kraj,179,33101
578673,Rohozná,Svitavy,Pardubický kraj,646,56972|56992
578681,Rozhraní,Svitavy,Pardubický kraj,301,56903
578690,Rozstání,Svitavy,Pardubický kraj,263,57101
578703,Rudná,Svitavy,Pardubický kraj,137,56904
578711,Rychnov na Moravě,Svitavy,Pardubický kraj,612,56934
578720,Sádek,Svitavy,Pardubický kraj,556,57201
578738,Sebranice,Svitavy,Pardubický kraj,959,56962|57201
578746,Sedliště,Svitavy,Pardubický kraj,228,57001
578754,Sklené,Svitavy,Pardubický kraj,235,56802
578762,Slatina,Svitavy,Pardubický kraj,166,56943
578771,Kočín,Plzeň-sever,Plzeňský kraj,105,33141
578789,Staré Město,Svitavy,Pardubický kraj,1031,56932|57101
578797,Štichovice,Plzeň-sever,Plzeňský kraj,119,33141
578801,Stašov,Svitavy,Pardubický kraj,277,57201
578819,Strakov,Svitavy,Pardubický kraj,267,57001
578827,Zahrádka,Plzeň-sever,Plzeňský kraj,171,33035|33038
578835,Suchá Lhota,Svitavy,Pardubický kraj,83,57001
578843,Svojanov,Svitavy,Pardubický kraj,352,56973|56992
578851,Široký Důl,Svitavy,Pardubický kraj,397,57201
578860,Študlov,Svitavy,Pardubický kraj,111,56904
578878,Telecí,Svitavy,Pardubický kraj,412,56994|57201
578886,Trpín,Svitavy,Pardubický kraj,449,56974|56992
578894,Trstěnice,Svitavy,Pardubický kraj,547,56957
578908,Třebařov,Svitavy,Pardubický kraj,904,56933
578916,Újezdec,Svitavy,Pardubický kraj,117,57001
578924,Velečín,Plzeň-sever,Plzeňský kraj,71,33165
578932,Vendolí,Svitavy,Pardubický kraj,988,56914
578941,Vidlatá Seč,Svitavy,Pardubický kraj,292,57001
578959,Víska u Jevíčka,Svitavy,Pardubický kraj,186,56943
578967,Vítějeves,Svitavy,Pardubický kraj,430,56906
578975,Vranová Lhota,Svitavy,Pardubický kraj,427,57101
578983,Tatiná,Plzeň-sever,Plzeňský kraj,237,33011
578991,Vysoká,Svitavy,Pardubický kraj,43,56943
579009,Medový Újezd,Rokycany,Plzeňský kraj,276,33701
579017,Kakejcov,Rokycany,Plzeňský kraj,106,33843
579025,Trutnov,Trutnov,Královéhradecký kraj,29337,54101|54102|54103|54232
579033,Kornatice,Rokycany,Plzeňský kraj,294,33843
579041,Batňovice,Trutnov,Královéhradecký kraj,787,54232|54234|54237
579050,Bernartice,Trutnov,Královéhradecký kraj,902,54101|54204
579068,Bílá Třemešná,Trutnov,Královéhradecký kraj,1394,54401|54472
579076,Bílé Poličany,Trutnov,Královéhradecký kraj,164,54452
579084,Mešno,Rokycany,Plzeňský kraj,80,33843
579092,Borovnice,Trutnov,Královéhradecký kraj,371,54477
579106,Čermná,Trutnov,Královéhradecký kraj,427,54371|54377
579114,Černý Důl,Trutnov,Královéhradecký kraj,674,54344|54372
579122,Dolní Branná,Trutnov,Královéhradecký kraj,1017,54362
579131,Příkosice,Rokycany,Plzeňský kraj,429,33843
579149,Dolní Dvůr,Trutnov,Královéhradecký kraj,260,54342|54344
579157,Dolní Kalná,Trutnov,Královéhradecký kraj,699,54371|54374
579165,Dolní Lánov,Trutnov,Královéhradecký kraj,839,54341
579173,Dolní Olešnice,Trutnov,Královéhradecký kraj,370,54371|54375
579181,Doubravice,Trutnov,Královéhradecký kraj,394,54401|54451
579190,Dubenec,Trutnov,Královéhradecký kraj,682,54455
579203,Dvůr Králové nad Labem,Trutnov,Královéhradecký kraj,15316,54401|54404
579211,Hajnice,Trutnov,Královéhradecký kraj,1071,54401|54466
579220,Havlovice,Trutnov,Královéhradecký kraj,1009,54232|54233
579238,Horní Brusnice,Trutnov,Královéhradecký kraj,456,54474|54475
579246,Trokavec,Rokycany,Plzeňský kraj,109,33843
579254,Horní Kalná,Trutnov,Královéhradecký kraj,370,54371
579262,Horní Maršov,Trutnov,Královéhradecký kraj,934,54226
579271,Horní Olešnice,Trutnov,Královéhradecký kraj,304,54371
579289,Vísky,Rokycany,Plzeňský kraj,61,33843
579297,Hostinné,Trutnov,Královéhradecký kraj,4082,54371
579301,Hřibojedy,Trutnov,Královéhradecký kraj,227,54401
579319,Chotěvice,Trutnov,Královéhradecký kraj,1046,54371|54376
579327,Choustníkovo Hradiště,Trutnov,Královéhradecký kraj,624,54442
579335,Chvaleč,Trutnov,Královéhradecký kraj,629,54101|54211
579343,Štítov,Rokycany,Plzeňský kraj,49,33843
579351,Janské Lázně,Trutnov,Královéhradecký kraj,647,54225
579360,Těšovice,Sokolov,Karlovarský kraj,265,35601
579378,Jívka,Trutnov,Královéhradecký kraj,605,54213|54234
579386,Klášterská Lhota,Trutnov,Královéhradecký kraj,232,54371
579394,Kocbeře,Trutnov,Královéhradecký kraj,517,54401|54464
579408,Kohoutov,Trutnov,Královéhradecký kraj,310,54401
579416,Kuks,Trutnov,Královéhradecký kraj,243,54401|54443
579424,Kunčice nad Labem,Trutnov,Královéhradecký kraj,588,54361|54371
579432,Lánov,Trutnov,Královéhradecký kraj,1771,54341
579441,Lanžov,Trutnov,Královéhradecký kraj,213,54401
579459,Ctiboř,Tachov,Plzeňský kraj,322,34701|34815
579467,Skapce,Tachov,Plzeňský kraj,117,34901
579475,Libňatov,Trutnov,Královéhradecký kraj,425,54232|54236
579483,Libotov,Trutnov,Královéhradecký kraj,179,54401
579491,Vranov,Tachov,Plzeňský kraj,212,34901
579505,Malá Úpa,Trutnov,Královéhradecký kraj,148,54227
579513,Malé Svatoňovice,Trutnov,Královéhradecký kraj,1596,54234
579530,Maršov u Úpice,Trutnov,Královéhradecký kraj,188,54232
579548,Mladé Buky,Trutnov,Královéhradecký kraj,2301,54101|54223|54224
579556,Mostek,Trutnov,Královéhradecký kraj,1176,54371|54475
579564,Nemojov,Trutnov,Královéhradecký kraj,831,54401|54461
579581,Pec pod Sněžkou,Trutnov,Královéhradecký kraj,696,54221
579599,Pilníkov,Trutnov,Královéhradecký kraj,1209,54242
579602,Prosečné,Trutnov,Královéhradecký kraj,586,54373
579629,Radvanice,Trutnov,Královéhradecký kraj,922,54212
579637,Rtyně v Podkrkonoší,Trutnov,Královéhradecký kraj,2841,54233|54234|54941
579645,Rudník,Trutnov,Královéhradecký kraj,1993,54372
579661,Staré Buky,Trutnov,Královéhradecký kraj,675,54101
579696,Strážné,Trutnov,Královéhradecký kraj,214,54352
579726,Suchovršice,Trutnov,Královéhradecký kraj,376,54232
579734,Svoboda nad Úpou,Trutnov,Královéhradecký kraj,1923,54224
579742,Špindlerův Mlýn,Trutnov,Královéhradecký kraj,1089,54351
579751,Trotina,Trutnov,Královéhradecký kraj,99,54401
579769,Třebihošť,Trutnov,Královéhradecký kraj,463,54401|54475
579777,Úpice,Trutnov,Královéhradecký kraj,5379,54232
579785,Velké Svatoňovice,Trutnov,Královéhradecký kraj,1254,54232|54234|54235
579793,Velký Vřešťov,Trutnov,Královéhradecký kraj,252,54454
579815,Vítězná,Trutnov,Královéhradecký kraj,1498,54401|54462
579823,Vlčice,Trutnov,Královéhradecký kraj,578,54101
579831,Vlčkovice v Podkrkonoší,Trutnov,Královéhradecký kraj,372,54401
579858,Vrchlabí,Trutnov,Královéhradecký kraj,12028,54301|54302|54303|54351
579866,Zlatá Olešnice,Trutnov,Královéhradecký kraj,211,54101
579874,Žacléř,Trutnov,Královéhradecký kraj,3097,54101|54201|54226
579891,Ústí nad Orlicí,Ústí nad Orlicí,Pardubický kraj,13988,56201|56203|56204|56206
579947,Brandýs nad Orlicí,Ústí nad Orlicí,Pardubický kraj,1293,56112
579963,Bučina,Ústí nad Orlicí,Pardubický kraj,252,56601
579971,Bystřec,Ústí nad Orlicí,Pardubický kraj,1148,56154|56164
579980,Cotkytle,Ústí nad Orlicí,Pardubický kraj,385,56132|56301
579998,Čenkovice,Ústí nad Orlicí,Pardubický kraj,182,56164
580015,Červená Voda,Ústí nad Orlicí,Pardubický kraj,2927,56161|56162|56169
580023,Česká Rybná,Ústí nad Orlicí,Pardubický kraj,371,56185
580031,Česká Třebová,Ústí nad Orlicí,Pardubický kraj,14982,56002
580040,České Heřmanice,Ústí nad Orlicí,Pardubický kraj,606,56552|56601
580058,České Libchavy,Ústí nad Orlicí,Pardubický kraj,660,56114
580066,České Petrovice,Ústí nad Orlicí,Pardubický kraj,157,56401
580074,Damníkov,Ústí nad Orlicí,Pardubický kraj,698,56123
580091,Dobříkov,Ústí nad Orlicí,Pardubický kraj,590,56601
580112,Dolní Čermná,Ústí nad Orlicí,Pardubický kraj,1326,56153|56301
580121,Dolní Dobrouč,Ústí nad Orlicí,Pardubický kraj,2553,56102|56201
580147,Libchavy,Ústí nad Orlicí,Pardubický kraj,1815,56116
580163,Dolní Morava,Ústí nad Orlicí,Pardubický kraj,457,56169
580210,Džbánov,Ústí nad Orlicí,Pardubický kraj,377,56601
580228,Hejnice,Ústí nad Orlicí,Pardubický kraj,214,56401
580261,Hnátnice,Ústí nad Orlicí,Pardubický kraj,812,56101
580279,Horní Čermná,Ústí nad Orlicí,Pardubický kraj,1004,56156|56301
580295,Horní Heřmanice,Ústí nad Orlicí,Pardubický kraj,457,56133|56301
580325,Sloupnice,Svitavy,Pardubický kraj,1829,56553
580333,Horní Třešňovec,Ústí nad Orlicí,Pardubický kraj,645,56301
580341,Hrušová,Ústí nad Orlicí,Pardubický kraj,397,56555
580350,Choceň,Ústí nad Orlicí,Pardubický kraj,8700,56501
580376,Jablonné nad Orlicí,Ústí nad Orlicí,Pardubický kraj,3085,56164
580392,Jamné nad Orlicí,Ústí nad Orlicí,Pardubický kraj,738,56164|56165
580406,Javorník,Ústí nad Orlicí,Pardubický kraj,243,56601
580414,Jehnědí,Ústí nad Orlicí,Pardubický kraj,330,56201
580422,Kameničná,Ústí nad Orlicí,Pardubický kraj,338,56401
580431,Klášterec nad Orlicí,Ústí nad Orlicí,Pardubický kraj,904,56182|56401
580465,Koldín,Ústí nad Orlicí,Pardubický kraj,368,51741|56501
580481,Králíky,Ústí nad Orlicí,Pardubický kraj,4042,56169|78833
580490,Krasíkov,Ústí nad Orlicí,Pardubický kraj,313,56301
580503,Kunvald,Ústí nad Orlicí,Pardubický kraj,929,51761|56181|56401
580511,Lanškroun,Ústí nad Orlicí,Pardubický kraj,9845,56301
580538,Letohrad,Ústí nad Orlicí,Pardubický kraj,6345,56151
580562,Libecina,Ústí nad Orlicí,Pardubický kraj,203,56601
580571,Lichkov,Ústí nad Orlicí,Pardubický kraj,478,56168
580589,Líšnice,Ústí nad Orlicí,Pardubický kraj,768,56184|56401
580619,Lubník,Ústí nad Orlicí,Pardubický kraj,377,56301
580627,Lukavice,Ústí nad Orlicí,Pardubický kraj,1227,56151
580635,Luková,Ústí nad Orlicí,Pardubický kraj,763,56123|56301
580643,Mistrovice,Ústí nad Orlicí,Pardubický kraj,654,56164
580651,Mladkov,Ústí nad Orlicí,Pardubický kraj,555,56164|56167|56401
580660,Mostek,Ústí nad Orlicí,Pardubický kraj,280,56501
580678,Nasavrky,Ústí nad Orlicí,Pardubický kraj,146,56501
580686,Nekoř,Ústí nad Orlicí,Pardubický kraj,985,56163|56164
580694,Němčice,Svitavy,Pardubický kraj,1032,56002|56118|57001
580708,Svatý Jiří,Ústí nad Orlicí,Pardubický kraj,290,56501
580716,Orlické Podhůří,Ústí nad Orlicí,Pardubický kraj,683,56201
580724,Orličky,Ústí nad Orlicí,Pardubický kraj,267,56155
580732,Ostrov,Ústí nad Orlicí,Pardubický kraj,730,56122
580741,Oucmanice,Ústí nad Orlicí,Pardubický kraj,245,56201
580759,Pastviny,Ústí nad Orlicí,Pardubický kraj,378,56401
580767,Petrovice,Ústí nad Orlicí,Pardubický kraj,270,56301
580775,Písečná,Ústí nad Orlicí,Pardubický kraj,586,56170
580783,Plchovice,Ústí nad Orlicí,Pardubický kraj,73,56501
580805,Podlesí,Ústí nad Orlicí,Pardubický kraj,268,56201
580821,Přívrat,Ústí nad Orlicí,Pardubický kraj,371,56002
580830,Pustina,Ústí nad Orlicí,Pardubický kraj,67,56601
580848,Rudoltice,Ústí nad Orlicí,Pardubický kraj,1955,56125
580872,Řetová,Ústí nad Orlicí,Pardubický kraj,678,56141
580881,Řetůvka,Ústí nad Orlicí,Pardubický kraj,281,56141
580902,Seč,Ústí nad Orlicí,Pardubický kraj,159,56201
580929,Skořenice,Ústí nad Orlicí,Pardubický kraj,405,56501
580945,Slatina,Ústí nad Orlicí,Pardubický kraj,463,56601
580961,Sopotnice,Ústí nad Orlicí,Pardubický kraj,941,56115
580970,Sruby,Ústí nad Orlicí,Pardubický kraj,585,56544|56601
580988,Strážná,Ústí nad Orlicí,Pardubický kraj,110,56301
580996,Studené,Ústí nad Orlicí,Pardubický kraj,187,56164
581003,Sudislav nad Orlicí,Ústí nad Orlicí,Pardubický kraj,151,56201
581011,Sudslava,Ústí nad Orlicí,Pardubický kraj,168,56113
581038,Šedivec,Ústí nad Orlicí,Pardubický kraj,212,56401
581046,Tatenice,Ústí nad Orlicí,Pardubický kraj,906,56131
581054,Těchonín,Ústí nad Orlicí,Pardubický kraj,604,56164|56166
581062,Tisová,Ústí nad Orlicí,Pardubický kraj,628,56601
581071,Třebovice,Ústí nad Orlicí,Pardubický kraj,819,56124
581089,Újezd u Chocně,Ústí nad Orlicí,Pardubický kraj,337,56501
581101,Velká Skrovnice,Ústí nad Orlicí,Pardubický kraj,295,56201
581119,Verměřovice,Ústí nad Orlicí,Pardubický kraj,787,56152
581127,Vlčkov,Svitavy,Pardubický kraj,119,56002
581143,Voděrady,Ústí nad Orlicí,Pardubický kraj,330,56601
581151,Vraclav,Ústí nad Orlicí,Pardubický kraj,749,56542|56601
581178,Výprachtice,Ústí nad Orlicí,Pardubický kraj,947,56134|56301
581186,Vysoké Mýto,Ústí nad Orlicí,Pardubický kraj,12849,56601
581194,Zádolí,Ústí nad Orlicí,Pardubický kraj,87,56601
581208,Záchlumí,Ústí nad Orlicí,Pardubický kraj,774,56186
581216,Zálší,Ústí nad Orlicí,Pardubický kraj,232,56501
581224,Zámrsk,Ústí nad Orlicí,Pardubický kraj,765,56543|56601
581232,Zářecká Lhota,Ústí nad Orlicí,Pardubický kraj,222,56501
581259,Žamberk,Ústí nad Orlicí,Pardubický kraj,5770,56184|56401
581267,Žampach,Ústí nad Orlicí,Pardubický kraj,298,56101|56401
581275,Žichlínek,Ústí nad Orlicí,Pardubický kraj,988,56301
581283,Blansko,Blansko,Jihomoravský kraj,19900,67801|67903
581291,Adamov,Blansko,Jihomoravský kraj,4564,67904
581313,Bedřichov,Blansko,Jihomoravský kraj,260,67971
581321,Běleč,Brno-venkov,Jihomoravský kraj,181,67923
581330,Benešov,Blansko,Jihomoravský kraj,676,67953
581356,Borotín,Blansko,Jihomoravský kraj,429,67937
581364,Bořitov,Blansko,Jihomoravský kraj,1290,67921
581372,Boskovice,Blansko,Jihomoravský kraj,12457,67901|68001
581381,Brťov-Jeneč,Blansko,Jihomoravský kraj,349,67921
581402,Brumov,Brno-venkov,Jihomoravský kraj,265,67923
581429,Březina,Brno-venkov,Jihomoravský kraj,1158,66601|67905
581437,Bukovice,Brno-venkov,Jihomoravský kraj,99,67923
581445,Bukovina,Blansko,Jihomoravský kraj,474,67905
581453,Bukovinka,Blansko,Jihomoravský kraj,655,67905
581461,Býkovice,Blansko,Jihomoravský kraj,283,67971
581470,Cetkovice,Blansko,Jihomoravský kraj,783,67938
581496,Černá Hora,Blansko,Jihomoravský kraj,2124,67921|67922
581500,Černovice,Blansko,Jihomoravský kraj,371,67975
581518,Deštná,Blansko,Jihomoravský kraj,218,67961
581526,Dlouhá Lhota,Blansko,Jihomoravský kraj,137,67971
581534,Chrudichromy,Blansko,Jihomoravský kraj,214,68001
581542,Doubravice nad Svitavou,Blansko,Jihomoravský kraj,1294,67911
581551,Drnovice,Blansko,Jihomoravský kraj,1395,67976
581569,Habrůvka,Blansko,Jihomoravský kraj,424,67904|67905
581577,Hluboké Dvory,Brno-venkov,Jihomoravský kraj,103,67923
581593,Hodonín,Blansko,Jihomoravský kraj,197,67971
581615,Holštejn,Blansko,Jihomoravský kraj,163,67913
581631,Horní Poříčí,Blansko,Jihomoravský kraj,258,67962
581666,Jabloňany,Blansko,Jihomoravský kraj,408,67901
581682,Jedovnice,Blansko,Jihomoravský kraj,2947,67906
581721,Kněževes,Blansko,Jihomoravský kraj,176,67974
581739,Knínice,Blansko,Jihomoravský kraj,979,67934
581755,Kořenec,Blansko,Jihomoravský kraj,381,68001
581763,Kotvrdovice,Blansko,Jihomoravský kraj,927,67907
581771,Kozárov,Blansko,Jihomoravský kraj,121,67971
581780,Krasová,Blansko,Jihomoravský kraj,480,67906
581798,Krhov,Blansko,Jihomoravský kraj,168,67901
581801,Křetín,Blansko,Jihomoravský kraj,482,67962
581810,Křtěnov,Blansko,Jihomoravský kraj,200,67974
581828,Křtiny,Blansko,Jihomoravský kraj,814,67905
581836,Kulířov,Blansko,Jihomoravský kraj,159,67906
581844,Kunčina Ves,Blansko,Jihomoravský kraj,66,67971
581852,Kunice,Blansko,Jihomoravský kraj,208,67971
581861,Kuničky,Blansko,Jihomoravský kraj,261,67902
581879,Kunštát,Blansko,Jihomoravský kraj,2946,67972
581887,Lazinov,Blansko,Jihomoravský kraj,206,67962
581909,Lažany,Blansko,Jihomoravský kraj,479,67922
581917,Letovice,Blansko,Jihomoravský kraj,7071,67961
581925,Lhota Rapotina,Blansko,Jihomoravský kraj,437,67901
581933,Lhota u Lysic,Blansko,Jihomoravský kraj,134,67971
581941,Lhota u Olešnice,Blansko,Jihomoravský kraj,44,67974
581950,Lipovec,Blansko,Jihomoravský kraj,1197,67906|67915
581968,Lipůvka,Blansko,Jihomoravský kraj,1516,67922
581976,Lomnice,Brno-venkov,Jihomoravský kraj,1470,67923
581992,Lubě,Blansko,Jihomoravský kraj,102,67921
582018,Lysice,Blansko,Jihomoravský kraj,1970,67901|67971
582026,Makov,Blansko,Jihomoravský kraj,53,67972
582034,Malá Lhota,Blansko,Jihomoravský kraj,162,67921
582042,Malá Roudka,Blansko,Jihomoravský kraj,209,67963
582069,Míchov,Blansko,Jihomoravský kraj,170,67961
582077,Milonice,Blansko,Jihomoravský kraj,162,67922
582085,Němčice,Blansko,Jihomoravský kraj,464,67951
582107,Nýrov,Blansko,Jihomoravský kraj,227,67961|67972
582115,Obora,Blansko,Jihomoravský kraj,365,67901
582123,Ochoz u Tišnova,Brno-venkov,Jihomoravský kraj,111,67923
582131,Okrouhlá,Blansko,Jihomoravský kraj,613,68001
582158,Olešnice,Blansko,Jihomoravský kraj,1610,67974
582166,Olomučany,Blansko,Jihomoravský kraj,1085,67903
582174,Osiky,Brno-venkov,Jihomoravský kraj,129,67923
582182,Ostrov u Macochy,Blansko,Jihomoravský kraj,1091,67914
582191,Pamětice,Blansko,Jihomoravský kraj,260,67961
582204,Petrov,Blansko,Jihomoravský kraj,126,67962
582212,Petrovice,Blansko,Jihomoravský kraj,650,67902
582221,Prostřední Poříčí,Blansko,Jihomoravský kraj,268,67962
582239,Rájec-Jestřebí,Blansko,Jihomoravský kraj,3740,67902
582247,Ráječko,Blansko,Jihomoravský kraj,1462,67902
582255,Rašov,Brno-venkov,Jihomoravský kraj,246,67923
582263,Rohozec,Brno-venkov,Jihomoravský kraj,237,66601|67923
582271,Rozseč nad Kunštátem,Blansko,Jihomoravský kraj,576,67973
582280,Rozsíčka,Blansko,Jihomoravský kraj,141,67974
582298,Rudice,Blansko,Jihomoravský kraj,978,67906
582310,Sebranice,Blansko,Jihomoravský kraj,705,67931
582328,Senetářov,Blansko,Jihomoravský kraj,607,67906
582336,Skalice nad Svitavou,Blansko,Jihomoravský kraj,684,67901
582344,Skrchov,Blansko,Jihomoravský kraj,122,67961
582352,Sloup,Blansko,Jihomoravský kraj,962,67913
582379,Strhaře,Brno-venkov,Jihomoravský kraj,146,67923
582395,Sudice,Blansko,Jihomoravský kraj,461,68001
582409,Suchý,Blansko,Jihomoravský kraj,469,68001
582417,Sulíkov,Blansko,Jihomoravský kraj,305,67962
582433,Svinošice,Blansko,Jihomoravský kraj,396,67922
582441,Svitávka,Blansko,Jihomoravský kraj,1965,67931|67932
582450,Synalov,Brno-venkov,Jihomoravský kraj,114,67923
582468,Šebetov,Blansko,Jihomoravský kraj,826,67935
582476,Šebrov-Kateřina,Blansko,Jihomoravský kraj,817,67801|67922
582484,Šošůvka,Blansko,Jihomoravský kraj,694,67913
582492,Štěchov,Blansko,Jihomoravský kraj,199,67971
582506,Tasovice,Blansko,Jihomoravský kraj,73,67975
582531,Uhřice,Blansko,Jihomoravský kraj,295,67963
582557,Újezd u Černé Hory,Blansko,Jihomoravský kraj,280,67922
582565,Unín,Brno-venkov,Jihomoravský kraj,237,67924
582573,Úsobrno,Blansko,Jihomoravský kraj,412,67939
582581,Valchov,Blansko,Jihomoravský kraj,471,68001
582590,Vanovice,Blansko,Jihomoravský kraj,571,67936
582603,Vavřinec,Blansko,Jihomoravský kraj,916,67913
582611,Vážany,Blansko,Jihomoravský kraj,249,68001
582620,Stvolová,Blansko,Jihomoravský kraj,165,67961
582646,Velké Opatovice,Blansko,Jihomoravský kraj,3410,67961|67963
582654,Vilémovice,Blansko,Jihomoravský kraj,343,67906
582662,Vísky,Blansko,Jihomoravský kraj,253,67933
582671,Voděrady,Blansko,Jihomoravský kraj,558,67901
582689,Vranová,Blansko,Jihomoravský kraj,407,67962
582701,Vysočany,Blansko,Jihomoravský kraj,766,67913
582727,Zbraslavec,Blansko,Jihomoravský kraj,238,67972
582735,Zhoř,Brno-venkov,Jihomoravský kraj,78,67923
582743,Žďár,Blansko,Jihomoravský kraj,394,67902
582751,Žďárná,Blansko,Jihomoravský kraj,828,67952
582760,Žernovník,Blansko,Jihomoravský kraj,269,67921
582778,Žerůtky,Blansko,Jihomoravský kraj,79,67971
582786,Brno,Brno-město,Jihomoravský kraj,404296,60200|60300|61200|61300|61400|61500|61600|61700|61800|61900|62000|62100|62300|62400|62500|62700|62800|63400|63500|63600|63700|63800|63900|64100|64200|64300|64400|66442|66471|66481
582794,Babice nad Svitavou,Brno-venkov,Jihomoravský kraj,1465,66401
582808,Babice u Rosic,Brno-venkov,Jihomoravský kraj,798,66484
582824,Bílovice nad Svitavou,Brno-venkov,Jihomoravský kraj,3690,66401
582832,Biskoupky,Brno-venkov,Jihomoravský kraj,182,66491
582841,Blažovice,Brno-venkov,Jihomoravský kraj,1243,66408
582859,Blučina,Brno-venkov,Jihomoravský kraj,2252,66456
582875,Braníškov,Brno-venkov,Jihomoravský kraj,216,66471
582883,Bratčice,Brno-venkov,Jihomoravský kraj,681,66467
582891,Březina,Brno-venkov,Jihomoravský kraj,379,66601|67905
582913,Čebín,Brno-venkov,Jihomoravský kraj,1948,66423
582921,Česká,Brno-venkov,Jihomoravský kraj,1001,66431
582930,Čučice,Brno-venkov,Jihomoravský kraj,450,66491
582948,Deblín,Brno-venkov,Jihomoravský kraj,1131,66475|66601
582956,Dolní Kounice,Brno-venkov,Jihomoravský kraj,2635,66464
582964,Domašov,Brno-venkov,Jihomoravský kraj,720,66483
582972,Drásov,Brno-venkov,Jihomoravský kraj,2101,66424|66601
582999,Hajany,Brno-venkov,Jihomoravský kraj,715,66443
583014,Heroltice,Brno-venkov,Jihomoravský kraj,242,66601
583022,Hlína,Brno-venkov,Jihomoravský kraj,317,66491
583031,Holasice,Brno-venkov,Jihomoravský kraj,1422,66461
583057,Hostěnice,Brno-venkov,Jihomoravský kraj,834,66404|67905
583065,Hradčany,Brno-venkov,Jihomoravský kraj,677,66603
583081,Hrušovany u Brna,Brno-venkov,Jihomoravský kraj,3545,66462
583090,Hvozdec,Brno-venkov,Jihomoravský kraj,350,66471
583111,Chudčice,Brno-venkov,Jihomoravský kraj,1014,66471
583120,Ivančice,Brno-venkov,Jihomoravský kraj,9905,66491
583154,Javůrek,Brno-venkov,Jihomoravský kraj,354,66471|66483
583171,Jinačovice,Brno-venkov,Jihomoravský kraj,792,66434
583189,Jiříkovice,Brno-venkov,Jihomoravský kraj,987,66451
583197,Kanice,Brno-venkov,Jihomoravský kraj,1116,66401
583201,Ketkovice,Brno-venkov,Jihomoravský kraj,633,66491
583219,Kobylnice,Brno-venkov,Jihomoravský kraj,1261,66451
583227,Kovalovice,Brno-venkov,Jihomoravský kraj,679,66406|68301
583235,Kratochvilka,Brno-venkov,Jihomoravský kraj,505,66491
583243,Kupařovice,Brno-venkov,Jihomoravský kraj,393,66464
583251,Kuřim,Brno-venkov,Jihomoravský kraj,11499,66434
583260,Lažánky,Brno-venkov,Jihomoravský kraj,805,66471
583278,Ledce,Brno-venkov,Jihomoravský kraj,256,66462
583286,Lelekovice,Brno-venkov,Jihomoravský kraj,2009,66431
583294,Lesní Hluboké,Brno-venkov,Jihomoravský kraj,286,66483
583308,Litostrov,Brno-venkov,Jihomoravský kraj,131,66483
583316,Lomnička,Brno-venkov,Jihomoravský kraj,604,66601
583324,Lukovany,Brno-venkov,Jihomoravský kraj,675,66484
583332,Malešovice,Brno-venkov,Jihomoravský kraj,873,66464|66465
583341,Malhostovice,Brno-venkov,Jihomoravský kraj,1017,66603
583359,Maršov,Brno-venkov,Jihomoravský kraj,530,66471
583367,Medlov,Brno-venkov,Jihomoravský kraj,896,66466
583375,Mělčany,Brno-venkov,Jihomoravský kraj,514,66464
583383,Měnín,Brno-venkov,Jihomoravský kraj,1902,66455|66457
583391,Modřice,Brno-venkov,Jihomoravský kraj,5673,66442
583405,Mokrá-Horákov,Brno-venkov,Jihomoravský kraj,2897,66404
583413,Moravany,Brno-venkov,Jihomoravský kraj,3607,66448
583421,Moravské Bránice,Brno-venkov,Jihomoravský kraj,983,66464
583430,Moravské Knínice,Brno-venkov,Jihomoravský kraj,1151,66434
583448,Moutnice,Brno-venkov,Jihomoravský kraj,1157,66455
583456,Nebovidy,Brno-venkov,Jihomoravský kraj,879,66448
583464,Nelepeč-Žernůvka,Brno-venkov,Jihomoravský kraj,71,66601
583472,Němčičky,Brno-venkov,Jihomoravský kraj,359,66466
583481,Neslovice,Brno-venkov,Jihomoravský kraj,1008,66491
583499,Nesvačilka,Brno-venkov,Jihomoravský kraj,324,66454
583502,Nová Ves,Brno-venkov,Jihomoravský kraj,847,66491
583511,Nové Bránice,Brno-venkov,Jihomoravský kraj,946,66464
583529,Odrovice,Brno-venkov,Jihomoravský kraj,288,66464
583537,Ochoz u Brna,Brno-venkov,Jihomoravský kraj,1574,66402
583545,Omice,Brno-venkov,Jihomoravský kraj,832,66417|66441|66501
583553,Opatovice,Brno-venkov,Jihomoravský kraj,1161,66461
583561,Ořechov,Brno-venkov,Jihomoravský kraj,2936,66444
583588,Oslavany,Brno-venkov,Jihomoravský kraj,4844,66412|66491
583596,Ostopovice,Brno-venkov,Jihomoravský kraj,1751,66449
583600,Ostrovačice,Brno-venkov,Jihomoravský kraj,849,66481
583634,Podolí,Brno-venkov,Jihomoravský kraj,1413,66403
583651,Popovice,Brno-venkov,Jihomoravský kraj,381,66461
583669,Popůvky,Brno-venkov,Jihomoravský kraj,1908,66441
583677,Pozořice,Brno-venkov,Jihomoravský kraj,2424,66407
583685,Prace,Brno-venkov,Jihomoravský kraj,996,66458
583693,Pravlov,Brno-venkov,Jihomoravský kraj,692,66464
583707,Prštice,Brno-venkov,Jihomoravský kraj,989,66446
583715,Příbram na Moravě,Brno-venkov,Jihomoravský kraj,654,66484
583723,Přibyslavice,Brno-venkov,Jihomoravský kraj,554,66483
583731,Přísnotice,Brno-venkov,Jihomoravský kraj,881,66463
583740,Radostice,Brno-venkov,Jihomoravský kraj,783,66446|66447
583758,Rajhrad,Brno-venkov,Jihomoravský kraj,4113,66461
583766,Rajhradice,Brno-venkov,Jihomoravský kraj,1595,66461
583774,Rebešovice,Brno-venkov,Jihomoravský kraj,1106,66461
583782,Rosice,Brno-venkov,Jihomoravský kraj,6825,66484|66501
583791,Rozdrojovice,Brno-venkov,Jihomoravský kraj,1089,66434
583804,Rudka,Brno-venkov,Jihomoravský kraj,408,66483
583821,Řícmanice,Brno-venkov,Jihomoravský kraj,833,66401
583839,Říčany,Brno-venkov,Jihomoravský kraj,2153,66482
583847,Sentice,Brno-venkov,Jihomoravský kraj,678,66603
583855,Silůvky,Brno-venkov,Jihomoravský kraj,861,66499
583863,Sivice,Brno-venkov,Jihomoravský kraj,1094,66407
583880,Sobotovice,Brno-venkov,Jihomoravský kraj,679,66467
583898,Sokolnice,Brno-venkov,Jihomoravský kraj,2515,66452
583901,Stanoviště,Brno-venkov,Jihomoravský kraj,415,66484
583910,Střelice,Brno-venkov,Jihomoravský kraj,3249,66447
583928,Svatoslav,Brno-venkov,Jihomoravský kraj,459,66601
583936,Syrovice,Brno-venkov,Jihomoravský kraj,2126,66467
583944,Šerkovice,Brno-venkov,Jihomoravský kraj,344,66601
583952,Šlapanice,Brno-venkov,Jihomoravský kraj,7940,62700|66451
583961,Štěpánovice,Brno-venkov,Jihomoravský kraj,500,66602
583979,Telnice,Brno-venkov,Jihomoravský kraj,1642,66459
583987,Tetčice,Brno-venkov,Jihomoravský kraj,1156,66417
583995,Těšany,Brno-venkov,Jihomoravský kraj,1299,66454
584002,Tišnov,Brno-venkov,Jihomoravský kraj,9270,66601|66603
584011,Trboušany,Brno-venkov,Jihomoravský kraj,389,66464
584029,Troubsko,Brno-venkov,Jihomoravský kraj,2394,66441
584037,Tvarožná,Brno-venkov,Jihomoravský kraj,1355,66405
584045,Újezd u Brna,Brno-venkov,Jihomoravský kraj,3422,66453
584053,Újezd u Rosic,Brno-venkov,Jihomoravský kraj,277,66484
584061,Unkovice,Brno-venkov,Jihomoravský kraj,713,66463
584070,Úsuší,Brno-venkov,Jihomoravský kraj,122,66601
584096,Velatice,Brno-venkov,Jihomoravský kraj,774,66405
584100,Veverská Bítýška,Brno-venkov,Jihomoravský kraj,3521,66471
584118,Veverské Knínice,Brno-venkov,Jihomoravský kraj,975,66481
584126,Viničné Šumice,Brno-venkov,Jihomoravský kraj,1381,66406
584134,Vohančice,Brno-venkov,Jihomoravský kraj,194,66601
584142,Vojkovice,Brno-venkov,Jihomoravský kraj,1186,66701
584151,Vranov,Brno-venkov,Jihomoravský kraj,922,66432
584169,Všechovice,Brno-venkov,Jihomoravský kraj,278,66603
584177,Vysoké Popovice,Brno-venkov,Jihomoravský kraj,763,66484
584185,Zakřany,Brno-venkov,Jihomoravský kraj,817,66484
584193,Zálesná Zhoř,Brno-venkov,Jihomoravský kraj,66,66484
584207,Zastávka,Brno-venkov,Jihomoravský kraj,2483,66484
584215,Zbraslav,Brno-venkov,Jihomoravský kraj,1313,66484|66488
584223,Zbýšov,Brno-venkov,Jihomoravský kraj,3707,66411
584231,Žabčice,Brno-venkov,Jihomoravský kraj,1665,66463
584240,Žatčany,Brno-venkov,Jihomoravský kraj,961,66453
584266,Želešice,Brno-venkov,Jihomoravský kraj,2005,66443
584274,Železné,Brno-venkov,Jihomoravský kraj,628,66601
584282,Židlochovice,Brno-venkov,Jihomoravský kraj,3662,66701
584291,Břeclav,Břeclav,Jihomoravský kraj,24583,69002|69003|69006|69141|69146
584304,Bavory,Břeclav,Jihomoravský kraj,423,69201
584321,Boleradice,Břeclav,Jihomoravský kraj,949,69112
584339,Borkovany,Břeclav,Jihomoravský kraj,829,69175
584347,Bořetice,Břeclav,Jihomoravský kraj,1411,69108
584355,Brod nad Dyjí,Břeclav,Jihomoravský kraj,555,69181
584363,Brumovice,Břeclav,Jihomoravský kraj,995,69111
584371,Březí,Břeclav,Jihomoravský kraj,1840,69181
584380,Bulhary,Břeclav,Jihomoravský kraj,745,69189
584401,Diváky,Břeclav,Jihomoravský kraj,507,69171
584410,Dobré Pole,Břeclav,Jihomoravský kraj,448,69181
584428,Dolní Dunajovice,Břeclav,Jihomoravský kraj,1730,69185
584436,Dolní Věstonice,Břeclav,Jihomoravský kraj,308,69129
584444,Drnholec,Břeclav,Jihomoravský kraj,1817,69183
584452,Hlohovec,Břeclav,Jihomoravský kraj,1318,69143
584461,Horní Bojanovice,Břeclav,Jihomoravský kraj,657,69301
584479,Horní Věstonice,Břeclav,Jihomoravský kraj,526,69181
584487,Hrušky,Břeclav,Jihomoravský kraj,1652,69156
584495,Hustopeče,Břeclav,Jihomoravský kraj,6391,69301
584517,Ivaň,Brno-venkov,Jihomoravský kraj,756,69123
584525,Jevišovka,Břeclav,Jihomoravský kraj,662,69183
584541,Klentnice,Břeclav,Jihomoravský kraj,465,69201
584550,Klobouky u Brna,Břeclav,Jihomoravský kraj,2471,69172
584568,Kobylí,Břeclav,Jihomoravský kraj,1961,69110
584576,Kostice,Břeclav,Jihomoravský kraj,1861,69152
584584,Krumvíř,Břeclav,Jihomoravský kraj,1297,69173
584592,Křepice,Břeclav,Jihomoravský kraj,1330,69165
584622,Lanžhot,Břeclav,Jihomoravský kraj,3625,69151
584631,Lednice,Břeclav,Jihomoravský kraj,2180,69144
584649,Mikulov,Břeclav,Jihomoravský kraj,7552,69201
584657,Milovice,Břeclav,Jihomoravský kraj,512,69188
584665,Moravská Nová Ves,Břeclav,Jihomoravský kraj,2690,69155
584673,Moravský Žižkov,Břeclav,Jihomoravský kraj,1521,69101
584681,Morkůvky,Břeclav,Jihomoravský kraj,524,69172
584703,Němčičky,Břeclav,Jihomoravský kraj,726,69107
584711,Nikolčice,Břeclav,Jihomoravský kraj,810,69171
584720,Nosislav,Brno-venkov,Jihomoravský kraj,1375,69164
584746,Novosedly,Břeclav,Jihomoravský kraj,1357,69182
584754,Nový Přerov,Břeclav,Jihomoravský kraj,369,69181
584762,Pasohlávky,Brno-venkov,Jihomoravský kraj,781,69122
584771,Pavlov,Břeclav,Jihomoravský kraj,618,69201
584789,Perná,Břeclav,Jihomoravský kraj,795,69186
584797,Podivín,Břeclav,Jihomoravský kraj,2912,69145
584801,Pohořelice,Brno-venkov,Jihomoravský kraj,6299,69123
584819,Popice,Břeclav,Jihomoravský kraj,1013,69127
584835,Pouzdřany,Břeclav,Jihomoravský kraj,780,69126
584843,Přibice,Brno-venkov,Jihomoravský kraj,1123,69124
584851,Přítluky,Břeclav,Jihomoravský kraj,767,69104|69201
584860,Rakvice,Břeclav,Jihomoravský kraj,2247,69103
584878,Sedlec,Břeclav,Jihomoravský kraj,839,69121
584894,Starovice,Břeclav,Jihomoravský kraj,1008,69301
584908,Starovičky,Břeclav,Jihomoravský kraj,967,69168
584916,Strachotín,Břeclav,Jihomoravský kraj,823,69301
584924,Šakvice,Břeclav,Jihomoravský kraj,1595,69167
584932,Šitbořice,Břeclav,Jihomoravský kraj,2124,69176
584941,Tvrdonice,Břeclav,Jihomoravský kraj,2075,69153
584959,Týnec,Břeclav,Jihomoravský kraj,1082,69154
584967,Uherčice,Břeclav,Jihomoravský kraj,1127,69162
584975,Valtice,Břeclav,Jihomoravský kraj,3568,69142
584983,Velké Bílovice,Břeclav,Jihomoravský kraj,3862,69102
584991,Velké Hostěrádky,Břeclav,Jihomoravský kraj,504,69174
585009,Velké Němčice,Břeclav,Jihomoravský kraj,1886,69163|69164
585017,Velké Pavlovice,Břeclav,Jihomoravský kraj,3112,69106
585025,Vlasatice,Brno-venkov,Jihomoravský kraj,978,69130
585033,Vranovice,Brno-venkov,Jihomoravský kraj,2426,69125
585041,Vrbice,Břeclav,Jihomoravský kraj,1098,69109
585050,Zaječí,Břeclav,Jihomoravský kraj,1583,69105
585068,Zlín,Zlín,Zlínský kraj,74917,76001|76005|76302|76311|76314|76351
585076,Biskupice,Zlín,Zlínský kraj,685,76341
585092,Bohuslavice u Zlína,Zlín,Zlínský kraj,734,76351
585106,Bratřejov,Zlín,Zlínský kraj,778,76312
585114,Brumov-Bylnice,Zlín,Zlínský kraj,5372,76331|76334
585131,Březová,Zlín,Zlínský kraj,504,76315
585149,Březůvky,Zlín,Zlínský kraj,753,76345
585157,Dešná,Zlín,Zlínský kraj,208,76315
585165,Dobrkovice,Zlín,Zlínský kraj,257,76307
585173,Dolní Lhota,Zlín,Zlínský kraj,702,76323|76326
585181,Doubravy,Zlín,Zlínský kraj,601,76345
585190,Drnovice,Zlín,Zlínský kraj,457,76325
585203,Držková,Zlín,Zlínský kraj,370,76319
585211,Fryšták,Zlín,Zlínský kraj,3826,76316
585220,Halenkovice,Zlín,Zlínský kraj,2038,76363
585238,Haluzice,Zlín,Zlínský kraj,85,76324
585246,Horní Lhota,Zlín,Zlínský kraj,608,76323
585254,Hostišová,Zlín,Zlínský kraj,570,76301
585262,Hrobice,Zlín,Zlínský kraj,463,76315
585271,Hřivínův Újezd,Zlín,Zlínský kraj,514,76307
585289,Hvozdná,Zlín,Zlínský kraj,1302,76310
585301,Jasenná,Zlín,Zlínský kraj,956,76313
585319,Jestřabí,Zlín,Zlínský kraj,272,76333
585327,Kaňovice,Zlín,Zlínský kraj,302,76341
585343,Kašava,Zlín,Zlínský kraj,1016,76319
585432,Loučka,Zlín,Zlínský kraj,413,76325
585441,Ludkovice,Zlín,Zlínský kraj,712,76341
585459,Luhačovice,Zlín,Zlínský kraj,4978,76326|76341
585467,Lukov,Zlín,Zlínský kraj,1768,76317
585483,Lutonina,Zlín,Zlínský kraj,421,76312|76313
585491,Machová,Zlín,Zlínský kraj,712,76301
585505,Mysločovice,Zlín,Zlínský kraj,716,76301
585513,Napajedla,Zlín,Zlínský kraj,6981,76361
585521,Návojná,Zlín,Zlínský kraj,683,76332
585530,Nedašov,Zlín,Zlínský kraj,1332,76332
585548,Nedašova Lhota,Zlín,Zlínský kraj,676,76332
585556,Neubuz,Zlín,Zlínský kraj,441,76315
585599,Otrokovice,Zlín,Zlínský kraj,17239,76502
585611,Podkopná Lhota,Zlín,Zlínský kraj,318,76318
585661,Provodov,Zlín,Zlínský kraj,794,76345
585670,Racková,Zlín,Zlínský kraj,841,76001
585726,Sazovice,Zlín,Zlínský kraj,899,76301
585734,Sehradice,Zlín,Zlínský kraj,652,76323
585751,Slavičín,Zlín,Zlínský kraj,6168,76321
585769,Slopné,Zlín,Zlínský kraj,545,76323
585777,Slušovice,Zlín,Zlínský kraj,2929,76315
585793,Spytihněv,Zlín,Zlínský kraj,1618,76364
585807,Šanov,Zlín,Zlínský kraj,473,76321
585815,Šarovy,Zlín,Zlínský kraj,272,76351
585831,Štítná nad Vláří-Popov,Zlín,Zlínský kraj,2067,76333
585858,Tlumačov,Zlín,Zlínský kraj,2425,76362
585866,Trnava,Zlín,Zlínský kraj,1167,76318
585874,Ublo,Zlín,Zlínský kraj,299,76312
585882,Újezd,Zlín,Zlínský kraj,1189,76325
585891,Valašské Klobouky,Zlín,Zlínský kraj,4864,76601
585912,Velký Ořechov,Zlín,Zlínský kraj,715,76307
585921,Veselá,Zlín,Zlínský kraj,860,76315
585939,Vizovice,Zlín,Zlínský kraj,4776,76312
585955,Vlachovice,Zlín,Zlínský kraj,1485,76324
585963,Vlčková,Zlín,Zlínský kraj,422,76319
585971,Všemina,Zlín,Zlínský kraj,1141,76315
585980,Vysoké Pole,Zlín,Zlínský kraj,855,76325
585998,Zádveřice-Raková,Zlín,Zlínský kraj,1532,76312
586005,Závist,Blansko,Jihomoravský kraj,154,67922
586013,Žlutava,Zlín,Zlínský kraj,1148,76361
586021,Hodonín,Hodonín,Jihomoravský kraj,23344,69501
586030,Archlebov,Hodonín,Jihomoravský kraj,865,69633
586048,Blatnice pod Svatým Antonínkem,Hodonín,Jihomoravský kraj,1870,69671
586056,Blatnička,Hodonín,Jihomoravský kraj,440,69671
586064,Světlá,Blansko,Jihomoravský kraj,256,67963
586072,Bukovany,Hodonín,Jihomoravský kraj,683,69631
586081,Bzenec,Hodonín,Jihomoravský kraj,4525,69681|69685
586099,Čejč,Hodonín,Jihomoravský kraj,1259,69614
586102,Čejkovice,Hodonín,Jihomoravský kraj,2360,69615
586111,Čeložnice,Hodonín,Jihomoravský kraj,413,69651
586129,Dambořice,Hodonín,Jihomoravský kraj,1566,69173|69635
586137,Dolní Bojanovice,Hodonín,Jihomoravský kraj,3050,69617
586145,Domanín,Hodonín,Jihomoravský kraj,1017,69683
586153,Dražůvky,Hodonín,Jihomoravský kraj,260,69633
586161,Dubňany,Hodonín,Jihomoravský kraj,6179,69603
586170,Hovorany,Hodonín,Jihomoravský kraj,2155,69612
586188,Hroznová Lhota,Hodonín,Jihomoravský kraj,1153,69663
586196,Hrubá Vrbka,Hodonín,Jihomoravský kraj,601,69673
586200,Hýsly,Hodonín,Jihomoravský kraj,404,69650
586218,Javorník,Hodonín,Jihomoravský kraj,654,69674
586226,Ježov,Hodonín,Jihomoravský kraj,703,69648
586234,Josefov,Hodonín,Jihomoravský kraj,453,69621
586242,Karlín,Hodonín,Jihomoravský kraj,186,69614
586251,Kelčany,Hodonín,Jihomoravský kraj,241,69649
586269,Kněždub,Hodonín,Jihomoravský kraj,1044,69664
586277,Kostelec,Hodonín,Jihomoravský kraj,863,69651
586285,Kozojídky,Hodonín,Jihomoravský kraj,563,69663
586293,Kuželov,Hodonín,Jihomoravský kraj,415,69673
586307,Kyjov,Hodonín,Jihomoravský kraj,10537,69655|69701
586315,Labuty,Hodonín,Jihomoravský kraj,165,69648
586323,Lipov,Hodonín,Jihomoravský kraj,1394,69672
586331,Louka,Hodonín,Jihomoravský kraj,921,69676
586340,Lovčice,Hodonín,Jihomoravský kraj,835,69639
586358,Lužice,Hodonín,Jihomoravský kraj,2911,69618
586366,Malá Vrbka,Hodonín,Jihomoravský kraj,172,69673
586374,Mikulčice,Hodonín,Jihomoravský kraj,1968,69619
586382,Milotice,Hodonín,Jihomoravský kraj,1884,69605
586391,Moravany,Hodonín,Jihomoravský kraj,700,69650
586404,Moravský Písek,Hodonín,Jihomoravský kraj,2037,69685
586412,Mutěnice,Hodonín,Jihomoravský kraj,3735,69611
586421,Násedlovice,Hodonín,Jihomoravský kraj,847,69636
586439,Nechvalín,Hodonín,Jihomoravský kraj,347,69631
586447,Nenkovice,Hodonín,Jihomoravský kraj,469,69637
586455,Nová Lhota,Hodonín,Jihomoravský kraj,610,69674
586463,Nový Poddvorov,Hodonín,Jihomoravský kraj,234,69616
586471,Ostrovánky,Hodonín,Jihomoravský kraj,229,69631
586480,Petrov,Hodonín,Jihomoravský kraj,1302,69665
586498,Prušánky,Hodonín,Jihomoravský kraj,2167,69621
586501,Radějov,Hodonín,Jihomoravský kraj,845,69667
586510,Ratíškovice,Hodonín,Jihomoravský kraj,3905,69602
586528,Rohatec,Hodonín,Jihomoravský kraj,3446,69601
586536,Skalka,Hodonín,Jihomoravský kraj,155,69648
586544,Skoronice,Hodonín,Jihomoravský kraj,493,69641
586552,Sobůlky,Hodonín,Jihomoravský kraj,844,69701
586561,Starý Poddvorov,Hodonín,Jihomoravský kraj,921,69616
586579,Stavěšice,Hodonín,Jihomoravský kraj,378,69638
586587,Strážnice,Hodonín,Jihomoravský kraj,5282,69662
586595,Strážovice,Hodonín,Jihomoravský kraj,593,69638
586609,Sudoměřice,Hodonín,Jihomoravský kraj,1247,69666
586617,Suchov,Hodonín,Jihomoravský kraj,472,69671|69674
586625,Svatobořice-Mistřín,Hodonín,Jihomoravský kraj,3557,69604
586633,Syrovín,Hodonín,Jihomoravský kraj,370,69684
586641,Šardice,Hodonín,Jihomoravský kraj,2162,69613
586650,Tasov,Hodonín,Jihomoravský kraj,502,69663
586668,Těmice,Hodonín,Jihomoravský kraj,904,69684
586676,Terezín,Hodonín,Jihomoravský kraj,387,69614
586684,Tvarožná Lhota,Hodonín,Jihomoravský kraj,921,69662
586692,Uhřice,Hodonín,Jihomoravský kraj,769,69634
586706,Vacenovice,Hodonín,Jihomoravský kraj,2156,69606
586714,Velká nad Veličkou,Hodonín,Jihomoravský kraj,2778,69674
586722,Veselí nad Moravou,Hodonín,Jihomoravský kraj,10574,69801
586731,Věteřov,Hodonín,Jihomoravský kraj,540,69701
586749,Vlkoš,Hodonín,Jihomoravský kraj,1007,69641
586757,Vnorovy,Hodonín,Jihomoravský kraj,2914,69661
586765,Vracov,Hodonín,Jihomoravský kraj,4528,69642
586773,Vřesovice,Hodonín,Jihomoravský kraj,586,69648
586781,Žádovice,Hodonín,Jihomoravský kraj,718,69649
586790,Žarošice,Hodonín,Jihomoravský kraj,1117,69634
586803,Ždánice,Hodonín,Jihomoravský kraj,2549,68501|69632
586811,Želetice,Hodonín,Jihomoravský kraj,512,69637
586820,Žeravice,Hodonín,Jihomoravský kraj,984,69647
586838,Žeraviny,Hodonín,Jihomoravský kraj,188,69663
586846,Jihlava,Jihlava,Kraj Vysočina,53686,58601
586854,Arnolec,Jihlava,Kraj Vysočina,200,58827
586862,Batelov,Jihlava,Kraj Vysočina,2458,58851
586871,Lipová,Zlín,Zlínský kraj,358,76321
586889,Bílý Kámen,Jihlava,Kraj Vysočina,284,58841
586897,Bítovčice,Jihlava,Kraj Vysočina,395,58822
586901,Bohuslavice,Jihlava,Kraj Vysočina,143,58856
586919,Rudimov,Zlín,Zlínský kraj,243,76321
586927,Boršov,Jihlava,Kraj Vysočina,184,58805
586943,Brtnice,Jihlava,Kraj Vysočina,3870,58822|58832
586951,Brzkov,Jihlava,Kraj Vysočina,366,58813
586960,Křekov,Zlín,Zlínský kraj,195,76601
586978,Cejle,Jihlava,Kraj Vysočina,519,58851
586986,Cerekvička-Rosice,Jihlava,Kraj Vysočina,238,58833|58835
586994,Vlachova Lhota,Zlín,Zlínský kraj,206,76601
587001,Černíč,Jihlava,Kraj Vysočina,121,58856
587010,Dlouhá Brtnice,Jihlava,Kraj Vysočina,380,58834
587028,Dobronín,Jihlava,Kraj Vysočina,1851,58812|58813
587036,Dobroutov,Jihlava,Kraj Vysočina,310,58813
587044,Dolní Cerekev,Jihlava,Kraj Vysočina,1245,58845|58851
587052,Karlovice,Zlín,Zlínský kraj,229,76302
587061,Dolní Vilímeč,Jihlava,Kraj Vysočina,96,58856
587079,Doupě,Jihlava,Kraj Vysočina,112,58856
587087,Dudín,Jihlava,Kraj Vysočina,204,58805
587095,Dušejov,Jihlava,Kraj Vysočina,465,58805
587109,Dyjice,Jihlava,Kraj Vysočina,138,58856|58862
587117,Čížov,Jihlava,Kraj Vysočina,294,58601
587125,Hladov,Jihlava,Kraj Vysočina,173,58833
587141,Hodice,Jihlava,Kraj Vysočina,701,58901
587150,Hojkov,Jihlava,Kraj Vysočina,161,58805
587168,Horní Dubenky,Jihlava,Kraj Vysočina,544,58852
587176,Rančířov,Jihlava,Kraj Vysočina,485,58601
587184,Borovná,Jihlava,Kraj Vysočina,86,58856
587192,Hostětice,Jihlava,Kraj Vysočina,151,58856
587206,Horní Myslová,Jihlava,Kraj Vysočina,91,58856
587214,Olší,Jihlava,Kraj Vysočina,76,58856
587222,Hubenov,Jihlava,Kraj Vysočina,145,58805
587231,Zadní Vydří,Jihlava,Kraj Vysočina,60,58856
587249,Jamné,Jihlava,Kraj Vysočina,576,58821|58827
587257,Zástřizly,Kroměříž,Zlínský kraj,148,76805
587265,Jersín,Jihlava,Kraj Vysočina,197,58825
587273,Jezdovice,Jihlava,Kraj Vysočina,268,58901
587281,Ježená,Jihlava,Kraj Vysočina,121,58841
587290,Jihlávka,Jihlava,Kraj Vysočina,222,58851
587303,Jindřichovice,Jihlava,Kraj Vysočina,87,67526
587320,Kalhov,Jihlava,Kraj Vysočina,123,58842
587338,Kaliště,Jihlava,Kraj Vysočina,175,58851
587346,Kamenice,Jihlava,Kraj Vysočina,1973,58822|58823|58824|67503
587354,Karolín,Kroměříž,Zlínský kraj,260,76821
587362,Kamenná,Jihlava,Kraj Vysočina,191,58813
587371,Klatovec,Jihlava,Kraj Vysočina,75,58851
587389,Knínice,Jihlava,Kraj Vysočina,192,58856
587397,Prasklice,Kroměříž,Zlínský kraj,246,76833
587401,Kostelec,Jihlava,Kraj Vysočina,983,58861
587419,Kostelní Myslová,Jihlava,Kraj Vysočina,92,58856
587427,Kozlov,Jihlava,Kraj Vysočina,461,58821
587435,Krahulčí,Jihlava,Kraj Vysočina,620,58856
587443,Krasonice,Jihlava,Kraj Vysočina,222,58864
587451,Lhotka,Jihlava,Kraj Vysočina,100,58856
587460,Stropešín,Třebíč,Kraj Vysočina,128,67555
587478,Luka nad Jihlavou,Jihlava,Kraj Vysočina,3184,58822
587486,Malý Beranov,Jihlava,Kraj Vysočina,649,58603
587494,Markvartice,Jihlava,Kraj Vysočina,195,58856
587508,Měšín,Jihlava,Kraj Vysočina,271,58601
587516,Meziříčko,Žďár nad Sázavou,Kraj Vysočina,174,58827
587524,Milíčov,Jihlava,Kraj Vysočina,136,58805
587532,Mirošov,Jihlava,Kraj Vysočina,168,58805
587541,Mrákotín,Jihlava,Kraj Vysočina,870,58854|58856
587559,Mysletice,Jihlava,Kraj Vysočina,131,58856
587567,Mysliboř,Jihlava,Kraj Vysočina,198,58862
587575,Nadějov,Jihlava,Kraj Vysočina,189,58827
587583,Nevcehle,Jihlava,Kraj Vysočina,227,58862
587591,Nová Říše,Jihlava,Kraj Vysočina,851,58856|58865
587605,Lomy,Třebíč,Kraj Vysočina,131,67531
587613,Olšany,Jihlava,Kraj Vysočina,79,58856
587621,Opatov,Jihlava,Kraj Vysočina,196,58805
587630,Ořechov,Jihlava,Kraj Vysočina,76,58862
587648,Otín,Jihlava,Kraj Vysočina,86,58833
587656,Panenská Rozsíčka,Jihlava,Kraj Vysočina,219,58901
587664,Dolní Lažany,Třebíč,Kraj Vysočina,156,67551
587672,Panské Dubenky,Jihlava,Kraj Vysočina,145,37853
587681,Pavlov,Jihlava,Kraj Vysočina,400,58833|58901
587699,Valdíkov,Třebíč,Kraj Vysočina,118,67503
587702,Plandry,Jihlava,Kraj Vysočina,185,58841
587711,Polná,Jihlava,Kraj Vysočina,5305,58813
587729,Nový Šaldorf-Sedlešovice,Znojmo,Jihomoravský kraj,1871,67181
587737,Rodkov,Žďár nad Sázavou,Kraj Vysočina,106,59251
587745,Puklice,Jihlava,Kraj Vysočina,904,58831
587753,Tři Studně,Žďár nad Sázavou,Kraj Vysočina,106,59204|59231
587761,Radkov,Jihlava,Kraj Vysočina,217,58856
587770,Milešín,Žďár nad Sázavou,Kraj Vysočina,92,59451
587788,Rantířov,Jihlava,Kraj Vysočina,468,58841
587796,Rohozná,Jihlava,Kraj Vysočina,413,58844
587800,Rozseč,Jihlava,Kraj Vysočina,174,58866
587818,Růžená,Jihlava,Kraj Vysočina,334,58901
587826,Rybné,Jihlava,Kraj Vysočina,119,58827
587834,Řásná,Jihlava,Kraj Vysočina,297,58856
587842,Křídla,Žďár nad Sázavou,Kraj Vysočina,369,59231
587851,Řídelov,Jihlava,Kraj Vysočina,92,58856
587869,Vlachovice,Žďár nad Sázavou,Kraj Vysočina,128,59231
587877,Sedlatice,Jihlava,Kraj Vysočina,60,58856
587885,Sedlejov,Jihlava,Kraj Vysočina,322,58862
587893,Velké Tresné,Žďár nad Sázavou,Kraj Vysočina,98,59265
587907,Katov,Brno-venkov,Jihomoravský kraj,273,59455
587915,Stáj,Jihlava,Kraj Vysočina,185,58827
587923,Stará Říše,Jihlava,Kraj Vysočina,627,58867
587931,Stonařov,Jihlava,Kraj Vysočina,1075,58833
587940,Strachoňovice,Jihlava,Kraj Vysočina,100,58856
587958,Střítež,Jihlava,Kraj Vysočina,481,58811
587974,Nové Dvory,Žďár nad Sázavou,Kraj Vysočina,326,59212
587982,Suchá,Jihlava,Kraj Vysočina,244,58833
587991,Svojkovice,Jihlava,Kraj Vysočina,46,58856
588008,Šimanov,Jihlava,Kraj Vysočina,233,58842
588016,Cikháj,Žďár nad Sázavou,Kraj Vysočina,101,59102
588024,Telč,Jihlava,Kraj Vysočina,5105,58856
588032,Třešť,Jihlava,Kraj Vysočina,5801,58901
588041,Třeštice,Jihlava,Kraj Vysočina,158,58856
588059,Račín,Žďár nad Sázavou,Kraj Vysočina,146,59211
588067,Urbanov,Jihlava,Kraj Vysočina,120,58862
588075,Ústí,Jihlava,Kraj Vysočina,225,58842
588083,Vanov,Jihlava,Kraj Vysočina,82,58856
588091,Vanůvek,Jihlava,Kraj Vysočina,40,58856
588105,Vápovice,Jihlava,Kraj Vysočina,40,58856
588113,Velký Beranov,Jihlava,Kraj Vysočina,1316,58821
588121,Větrný Jeníkov,Jihlava,Kraj Vysočina,650,58842
588130,Věžnice,Jihlava,Kraj Vysočina,157,58827
588148,Věžnička,Jihlava,Kraj Vysočina,149,58813
588156,Vílanec,Jihlava,Kraj Vysočina,318,58833|58835
588164,Volevčice,Jihlava,Kraj Vysočina,70,58856
588172,Vyskytná nad Jihlavou,Jihlava,Kraj Vysočina,979,58841
588181,Vysoké Studnice,Jihlava,Kraj Vysočina,425,58821
588199,Vystrčenovice,Jihlava,Kraj Vysočina,125,58856
588202,Záborná,Jihlava,Kraj Vysočina,246,58813
588211,Zbilidy,Jihlava,Kraj Vysočina,213,58805
588229,Zbinohy,Jihlava,Kraj Vysočina,119,58842
588237,Sazomín,Žďár nad Sázavou,Kraj Vysočina,272,59101
588245,Zdeňkov,Jihlava,Kraj Vysočina,62,58856
588253,Zhoř,Jihlava,Kraj Vysočina,479,58826
588261,Zvolenovice,Jihlava,Kraj Vysočina,83,58856
588270,Žatec,Jihlava,Kraj Vysočina,113,58862
588288,Ždírec,Jihlava,Kraj Vysočina,437,58813
588296,Kroměříž,Kroměříž,Zlínský kraj,27781,76701
588300,Bařice-Velké Těšany,Kroměříž,Zlínský kraj,439,76701
588318,Bělov,Zlín,Zlínský kraj,323,76821
588326,Bezměrov,Kroměříž,Zlínský kraj,544,76701
588334,Vysoké,Žďár nad Sázavou,Kraj Vysočina,211,59101
588342,Vícenice,Třebíč,Kraj Vysočina,199,67602
588377,Brusné,Kroměříž,Zlínský kraj,392,76861
588385,Břest,Kroměříž,Zlínský kraj,1008,76823
588393,Bystřice pod Hostýnem,Kroměříž,Zlínský kraj,7911,76841|76861
588407,Cetechovice,Kroměříž,Zlínský kraj,201,76802
588431,Dřínov,Kroměříž,Zlínský kraj,435,76833
588458,Holešov,Kroměříž,Zlínský kraj,11544,76901
588474,Horní Lapač,Kroměříž,Zlínský kraj,280,76901
588482,Hoštice,Kroměříž,Zlínský kraj,153,76813
588491,Hulín,Kroměříž,Zlínský kraj,6377,76824
588504,Chomýž,Kroměříž,Zlínský kraj,359,76861
588512,Chropyně,Kroměříž,Zlínský kraj,4582,76811
588521,Kostelany,Kroměříž,Zlínský kraj,630,76701
588547,Chvalnov-Lísky,Kroměříž,Zlínský kraj,239,76805
588555,Jankovice,Kroměříž,Zlínský kraj,413,76901
588563,Jarohněvice,Kroměříž,Zlínský kraj,320,76801
588598,Komárno,Kroměříž,Zlínský kraj,254,76871
588601,Koryčany,Kroměříž,Zlínský kraj,2744,76805
588610,Kostelec u Holešova,Kroměříž,Zlínský kraj,979,76843
588628,Kunkovice,Kroměříž,Zlínský kraj,71,76813
588636,Kurovice,Kroměříž,Zlínský kraj,258,76852
588644,Kvasice,Kroměříž,Zlínský kraj,2196,76821
588652,Kyselovice,Kroměříž,Zlínský kraj,500,76811
588661,Lechotice,Kroměříž,Zlínský kraj,459,76852
588695,Litenčice,Kroměříž,Zlínský kraj,461,76813
588709,Loukov,Kroměříž,Zlínský kraj,936,76861|76875
588717,Lubná,Kroměříž,Zlínský kraj,476,76701
588725,Ludslavice,Kroměříž,Zlínský kraj,508,76852
588733,Lutopecny,Kroměříž,Zlínský kraj,615,76701
588741,Martinice,Kroměříž,Zlínský kraj,861,76901
588750,Míškovice,Kroměříž,Zlínský kraj,746,76852
588768,Morkovice-Slížany,Kroměříž,Zlínský kraj,2998,76833
588784,Němčice,Kroměříž,Zlínský kraj,385,76843
588806,Nítkovice,Kroměříž,Zlínský kraj,224,76813
588814,Nová Dědina,Kroměříž,Zlínský kraj,437,76821
588822,Osíčko,Kroměříž,Zlínský kraj,457,76861
588831,Pacetluky,Kroměříž,Zlínský kraj,250,76843
588849,Pačlavice,Kroměříž,Zlínský kraj,832,76833|76834
588865,Počenice-Tetětice,Kroměříž,Zlínský kraj,698,76833
588873,Podhradní Lhota,Kroměříž,Zlínský kraj,459,76871
588890,Pravčice,Kroměříž,Zlínský kraj,713,76824
588903,Prusinovice,Kroměříž,Zlínský kraj,1193,76842
588920,Rajnochovice,Kroměříž,Zlínský kraj,535,76871
588938,Rataje,Kroměříž,Zlínský kraj,1136,76812
588946,Roštění,Kroměříž,Zlínský kraj,675,76843
588954,Roštín,Kroměříž,Zlínský kraj,692,76803
588962,Rusava,Kroměříž,Zlínský kraj,590,76841
588971,Rymice,Kroměříž,Zlínský kraj,596,76901
588989,Skaštice,Kroměříž,Zlínský kraj,362,76701
588997,Slavkov pod Hostýnem,Kroměříž,Zlínský kraj,656,76861
589004,Soběsuky,Kroměříž,Zlínský kraj,397,76802
589039,Střílky,Kroměříž,Zlínský kraj,601,76804
589047,Střížovice,Kroměříž,Zlínský kraj,249,76821
589055,Sulimov,Kroměříž,Zlínský kraj,147,76821
589080,Troubky-Zdislavice,Kroměříž,Zlínský kraj,420,76802
589098,Třebětice,Kroměříž,Zlínský kraj,283,76901
589110,Uhřice,Kroměříž,Zlínský kraj,178,76833
589128,Věžky,Kroměříž,Zlínský kraj,449,76833
589136,Vítonice,Kroměříž,Zlínský kraj,374,76861
589152,Zahnašovice,Kroměříž,Zlínský kraj,305,76901
589161,Záříčí,Kroměříž,Zlínský kraj,749,76811
589187,Zborovice,Kroměříž,Zlínský kraj,1448,76802|76832
589195,Zdounky,Kroměříž,Zlínský kraj,2082,76802
589217,Zlobice,Kroměříž,Zlínský kraj,589,76831
589225,Žalkovice,Kroměříž,Zlínský kraj,587,76823
589233,Žeranovice,Kroměříž,Zlínský kraj,793,76901
589250,Prostějov,Prostějov,Olomoucký kraj,43236,79601|79603|79604|79811
589268,Bedihošť,Prostějov,Olomoucký kraj,1157,79821
589276,Bílovice-Lutotín,Prostějov,Olomoucký kraj,518,79841
589284,Biskupice,Prostějov,Olomoucký kraj,317,79812
589292,Bohuslavice,Prostějov,Olomoucký kraj,449,79856
589306,Bousín,Prostějov,Olomoucký kraj,124,79861
589314,Brodek u Konice,Prostějov,Olomoucký kraj,799,79845|79846
589322,Brodek u Prostějova,Prostějov,Olomoucký kraj,1450,79807
589331,Březsko,Prostějov,Olomoucký kraj,210,79852
589349,Budětsko,Prostějov,Olomoucký kraj,421,79852
589357,Buková,Prostějov,Olomoucký kraj,278,79848
589365,Čehovice,Prostějov,Olomoucký kraj,519,79821
589381,Čechy pod Kosířem,Prostějov,Olomoucký kraj,1135,79858
589390,Čelčice,Prostějov,Olomoucký kraj,514,79823
589403,Čelechovice na Hané,Prostějov,Olomoucký kraj,1342,79816|79841
589420,Dětkovice,Prostějov,Olomoucký kraj,535,79804
589438,Dobrochov,Prostějov,Olomoucký kraj,364,79807
589446,Dobromilice,Prostějov,Olomoucký kraj,783,79825
589454,Doloplazy,Prostějov,Olomoucký kraj,516,79826
589462,Drahany,Prostějov,Olomoucký kraj,538,79861
589489,Dřevnovice,Prostějov,Olomoucký kraj,458,79826
589497,Dzbel,Prostějov,Olomoucký kraj,247,79853
589501,Hluchov,Prostějov,Olomoucký kraj,335,79841
589519,Horní Štěpánov,Prostějov,Olomoucký kraj,869,79847
589527,Hradčany-Kobeřice,Prostějov,Olomoucký kraj,408,79807
589535,Hrdibořice,Prostějov,Olomoucký kraj,205,79812
589543,Hrubčice,Prostějov,Olomoucký kraj,873,79821
589560,Hvozd,Prostějov,Olomoucký kraj,653,79852|79855
589578,Ivaň,Prostějov,Olomoucký kraj,466,79823
589586,Jesenec,Prostějov,Olomoucký kraj,284,79853
589594,Kladky,Prostějov,Olomoucký kraj,352,79852|79854
589608,Klenovice na Hané,Prostějov,Olomoucký kraj,813,79823
589616,Klopotovice,Prostějov,Olomoucký kraj,306,79821
589624,Konice,Prostějov,Olomoucký kraj,2620,79852
589632,Kostelec na Hané,Prostějov,Olomoucký kraj,2857,79841
589641,Koválovice-Osíčany,Prostějov,Olomoucký kraj,271,79829
589659,Kralice na Hané,Prostějov,Olomoucký kraj,1707,79812
589667,Krumsín,Prostějov,Olomoucký kraj,598,79803
589675,Laškov,Prostějov,Olomoucký kraj,575,79857
589683,Lešany,Prostějov,Olomoucký kraj,401,79842
589691,Lipová,Prostějov,Olomoucký kraj,712,79845
589705,Ludmírov,Prostějov,Olomoucký kraj,537,79852|79855
589713,Malé Hradisko,Prostějov,Olomoucký kraj,367,79803|79849
589721,Mořice,Prostějov,Olomoucký kraj,531,79828
589730,Mostkovice,Prostějov,Olomoucký kraj,1659,79802
589748,Myslejovice,Prostějov,Olomoucký kraj,677,79805
589756,Němčice nad Hanou,Prostějov,Olomoucký kraj,1902,79827
589764,Nezamyslice,Prostějov,Olomoucký kraj,1508,79826
589772,Niva,Prostějov,Olomoucký kraj,331,79861
589799,Obědkovice,Prostějov,Olomoucký kraj,263,79823
589802,Ohrozim,Prostějov,Olomoucký kraj,475,79803
589811,Ochoz,Prostějov,Olomoucký kraj,198,79852
589829,Olšany u Prostějova,Prostějov,Olomoucký kraj,1868,79814
589837,Ondratice,Prostějov,Olomoucký kraj,336,79807
589845,Otaslavice,Prostějov,Olomoucký kraj,1313,79806
589853,Otinoves,Prostějov,Olomoucký kraj,296,79861
589870,Pěnčín,Prostějov,Olomoucký kraj,769,79857
589888,Pivín,Prostějov,Olomoucký kraj,760,79824
589896,Plumlov,Prostějov,Olomoucký kraj,2271,79803
589918,Prostějovičky,Prostějov,Olomoucký kraj,311,79803
589926,Protivanov,Prostějov,Olomoucký kraj,1095,79848
589934,Přemyslovice,Prostějov,Olomoucký kraj,1200,79851|79852
589942,Ptení,Prostějov,Olomoucký kraj,1099,79803|79843
589951,Raková u Konice,Prostějov,Olomoucký kraj,201,79857
589969,Rakůvka,Prostějov,Olomoucký kraj,112,79857
589977,Rozstání,Prostějov,Olomoucký kraj,633,79861|79862
589993,Skalka,Prostějov,Olomoucký kraj,265,79824
590002,Skřípov,Prostějov,Olomoucký kraj,335,79852
590011,Slatinky,Prostějov,Olomoucký kraj,572,78342
590029,Smržice,Prostějov,Olomoucký kraj,1667,79817
590045,Srbce,Prostějov,Olomoucký kraj,74,79827
590053,Stařechovice,Prostějov,Olomoucký kraj,549,79841
590061,Stínava,Prostějov,Olomoucký kraj,160,79803
590070,Stražisko,Prostějov,Olomoucký kraj,453,79843|79844
590088,Suchdol,Prostějov,Olomoucký kraj,575,79845
590096,Šubířov,Prostějov,Olomoucký kraj,265,79852
590100,Tištín,Prostějov,Olomoucký kraj,461,79829
590118,Tvorovice,Prostějov,Olomoucký kraj,288,79823
590126,Určice,Prostějov,Olomoucký kraj,1383,79804
590134,Víceměřice,Prostějov,Olomoucký kraj,561,79826
590142,Vícov,Prostějov,Olomoucký kraj,580,79803
590151,Vitčice,Prostějov,Olomoucký kraj,185,79827
590177,Vranovice-Kelčice,Prostějov,Olomoucký kraj,611,79808
590185,Vrbátky,Prostějov,Olomoucký kraj,1728,79812|79813
590193,Vrchoslavice,Prostějov,Olomoucký kraj,607,79827
590207,Vřesovice,Prostějov,Olomoucký kraj,580,79809
590215,Výšovice,Prostějov,Olomoucký kraj,630,79809
590223,Zdětín,Prostějov,Olomoucký kraj,416,79843
590240,Želeč,Prostějov,Olomoucký kraj,576,79807
590266,Třebíč,Třebíč,Kraj Vysočina,34476,67401
590274,Babice,Třebíč,Kraj Vysočina,225,67544
590282,Bačice,Třebíč,Kraj Vysočina,203,67555
590304,Benetice,Třebíč,Kraj Vysočina,192,67506|67507
590312,Biskupice-Pulkov,Třebíč,Kraj Vysočina,256,67557
590321,Blatnice,Třebíč,Kraj Vysočina,385,67551
590347,Bochovice,Třebíč,Kraj Vysočina,153,67505
590363,Bransouze,Třebíč,Kraj Vysočina,210,67521
590371,Brtnička,Jihlava,Kraj Vysočina,97,67527
590380,Březník,Třebíč,Kraj Vysočina,692,67574
590401,Budišov,Třebíč,Kraj Vysočina,1193,67503
590410,Budkov,Třebíč,Kraj Vysočina,343,67542
590428,Cidlina,Třebíč,Kraj Vysočina,97,67544
590436,Čáslavice,Třebíč,Kraj Vysočina,560,67524
590444,Čechočovice,Třebíč,Kraj Vysočina,350,67522
590452,Čechtín,Třebíč,Kraj Vysočina,308,67507
590461,Červená Lhota,Třebíč,Kraj Vysočina,178,67507
590479,Číhalín,Třebíč,Kraj Vysočina,238,67507
590487,Číchov,Třebíč,Kraj Vysočina,218,67521
590495,Čikov,Třebíč,Kraj Vysočina,190,67578
590509,Číměř,Třebíč,Kraj Vysočina,238,67501
590517,Dalešice,Třebíč,Kraj Vysočina,567,67554
590525,Dědice,Třebíč,Kraj Vysočina,144,67541
590533,Dešov,Třebíč,Kraj Vysočina,473,67533
590550,Dolní Vilémovice,Třebíč,Kraj Vysočina,436,67552
590568,Domamil,Třebíč,Kraj Vysočina,313,67543
590576,Dukovany,Třebíč,Kraj Vysočina,853,67550|67556
590584,Hartvíkovice,Třebíč,Kraj Vysočina,571,67576
590592,Heraltice,Třebíč,Kraj Vysočina,383,67521
590614,Hluboké,Třebíč,Kraj Vysočina,210,67571
590622,Hodov,Třebíč,Kraj Vysočina,313,67504
590631,Horní Heřmanice,Třebíč,Kraj Vysočina,139,67505
590649,Horní Újezd,Třebíč,Kraj Vysočina,247,67522
590657,Horní Vilémovice,Třebíč,Kraj Vysočina,76,67507
590665,Hornice,Třebíč,Kraj Vysočina,68,67532
590673,Hrotovice,Třebíč,Kraj Vysočina,1779,67555
590681,Hrutov,Jihlava,Kraj Vysočina,98,67527
590690,Hvězdoňovice,Třebíč,Kraj Vysočina,109,67521
590703,Chlístov,Třebíč,Kraj Vysočina,306,67522
590711,Chlum,Třebíč,Kraj Vysočina,140,67507
590746,Jakubov u Moravských Budějovic,Třebíč,Kraj Vysočina,698,67544
590754,Jaroměřice nad Rokytnou,Třebíč,Kraj Vysočina,4044,67551
590762,Jasenice,Třebíč,Kraj Vysočina,196,67571
590789,Jemnice,Třebíč,Kraj Vysočina,3979,67531
590797,Jinošov,Třebíč,Kraj Vysočina,278,67571
590801,Kamenná,Třebíč,Kraj Vysočina,221,67503
590819,Kdousov,Třebíč,Kraj Vysočina,117,67532
590827,Kladeruby nad Oslavou,Třebíč,Kraj Vysočina,211,67575
590835,Klučov,Třebíč,Kraj Vysočina,175,67552
590843,Kněžice,Jihlava,Kraj Vysočina,1386,67521|67529
590851,Kojatice,Třebíč,Kraj Vysočina,231,67532|67541
590860,Kojetice,Třebíč,Kraj Vysočina,463,67523
590878,Komárovice,Třebíč,Kraj Vysočina,113,67526
590886,Koněšín,Třebíč,Kraj Vysočina,510,67502
590894,Kostníky,Třebíč,Kraj Vysočina,190,67532
590908,Kouty,Třebíč,Kraj Vysočina,417,67508
590916,Kozlany,Třebíč,Kraj Vysočina,141,67502
590941,Kralice nad Oslavou,Třebíč,Kraj Vysočina,1012,67573
590959,Kramolín,Třebíč,Kraj Vysočina,131,67577
590967,Krhov,Třebíč,Kraj Vysočina,180,67555
590975,Krokočín,Třebíč,Kraj Vysočina,201,67571
590983,Lesná,Třebíč,Kraj Vysočina,90,67526
590991,Lesní Jakubov,Třebíč,Kraj Vysočina,117,67573
591009,Lesonice,Třebíč,Kraj Vysočina,502,67544
591025,Lhánice,Třebíč,Kraj Vysočina,182,67575
591041,Lipník,Třebíč,Kraj Vysočina,426,67552
591068,Litovany,Třebíč,Kraj Vysočina,126,67557
591092,Loukovice,Třebíč,Kraj Vysočina,134,67522
591114,Markvartice,Třebíč,Kraj Vysočina,283,67522
591122,Mastník,Třebíč,Kraj Vysočina,206,67522
591149,Meziříčko,Třebíč,Kraj Vysočina,84,67526
591157,Mikulovice,Třebíč,Kraj Vysočina,221,67522
591165,Mladoňovice,Třebíč,Kraj Vysočina,391,67532
591173,Mohelno,Třebíč,Kraj Vysočina,1383,67575
591181,Moravské Budějovice,Třebíč,Kraj Vysočina,7079,67541|67544|67602
591190,Myslibořice,Třebíč,Kraj Vysočina,665,67560
591211,Náměšť nad Oslavou,Třebíč,Kraj Vysočina,4738,67571
591220,Nárameč,Třebíč,Kraj Vysočina,360,67503
591238,Nimpšov,Třebíč,Kraj Vysočina,58,67541
591246,Nová Ves,Třebíč,Kraj Vysočina,262,67521
591254,Nové Syrovice,Třebíč,Kraj Vysočina,925,67541
591262,Nový Telečkov,Třebíč,Kraj Vysočina,97,67505
591289,Odunec,Třebíč,Kraj Vysočina,94,67555
591297,Okarec,Třebíč,Kraj Vysočina,97,67502
591301,Okříšky,Třebíč,Kraj Vysočina,2007,67521
591319,Opatov,Třebíč,Kraj Vysočina,765,67528
591327,Oponešice,Třebíč,Kraj Vysočina,183,67532
591335,Ostašov,Třebíč,Kraj Vysočina,175,67552
591360,Petrovice,Třebíč,Kraj Vysočina,414,67521
591378,Petrůvky,Třebíč,Kraj Vysočina,144,67552
591394,Police,Třebíč,Kraj Vysočina,319,67534
591408,Popůvky,Třebíč,Kraj Vysočina,73,67575
591416,Pozďatín,Třebíč,Kraj Vysočina,173,67503
591424,Přeckov,Třebíč,Kraj Vysočina,77,67505
591432,Předín,Třebíč,Kraj Vysočina,674,67527
591441,Přešovice,Třebíč,Kraj Vysočina,137,67557
591459,Přibyslavice,Třebíč,Kraj Vysočina,794,67521
591491,Pucov,Třebíč,Kraj Vysočina,168,67571
591505,Pyšel,Třebíč,Kraj Vysočina,481,67571
591521,Račice,Třebíč,Kraj Vysočina,85,67555
591548,Radkovice u Hrotovic,Třebíč,Kraj Vysočina,329,67559
591556,Radonín,Třebíč,Kraj Vysočina,94,67521
591564,Radošov,Třebíč,Kraj Vysočina,161,67507
591581,Rapotice,Třebíč,Kraj Vysočina,531,67573
591602,Rohy,Třebíč,Kraj Vysočina,112,67505
591611,Rokytnice nad Rokytnou,Třebíč,Kraj Vysočina,836,67525
591629,Rouchovany,Třebíč,Kraj Vysočina,1213,67557
591637,Rudíkov,Třebíč,Kraj Vysočina,774,67505
591645,Římov,Třebíč,Kraj Vysočina,416,67522
591661,Senorady,Brno-venkov,Jihomoravský kraj,393,67575
591688,Slavětice,Třebíč,Kraj Vysočina,214,67555
591700,Slavičky,Třebíč,Kraj Vysočina,303,67501
591726,Smrk,Třebíč,Kraj Vysočina,292,67501
591742,Stařeč,Třebíč,Kraj Vysočina,1713,67522
591769,Studenec,Třebíč,Kraj Vysočina,626,67502
591777,Studnice,Třebíč,Kraj Vysočina,131,67503
591785,Sudice,Třebíč,Kraj Vysočina,352,67573
591793,Svatoslav,Třebíč,Kraj Vysočina,279,67507
591807,Šebkovice,Třebíč,Kraj Vysočina,499,67545
591815,Štěměchy,Třebíč,Kraj Vysočina,306,67527
591823,Štěpkov,Třebíč,Kraj Vysočina,116,67526
591831,Tasov,Žďár nad Sázavou,Kraj Vysočina,673,67579
591840,Trnava,Třebíč,Kraj Vysočina,785,67401
591858,Třebelovice,Třebíč,Kraj Vysočina,429,67532
591866,Třebenice,Třebíč,Kraj Vysočina,479,67552
591874,Valeč,Třebíč,Kraj Vysočina,873,67553
591904,Vladislav,Třebíč,Kraj Vysočina,1151,67501
591912,Vlčatín,Třebíč,Kraj Vysočina,147,67505
591939,Výčapy,Třebíč,Kraj Vysočina,865,67401|67551
591947,Zahrádka,Třebíč,Kraj Vysočina,137,67571
591955,Zárubice,Třebíč,Kraj Vysočina,129,67552
591963,Zašovice,Třebíč,Kraj Vysočina,132,67521
591980,Zvěrkovice,Třebíč,Kraj Vysočina,217,67602
591998,Želetava,Třebíč,Kraj Vysočina,1476,67526
592005,Uherské Hradiště,Uherské Hradiště,Zlínský kraj,24852,68601|68605|68606|68609
592013,Babice,Uherské Hradiště,Zlínský kraj,1861,68703
592021,Bánov,Uherské Hradiště,Zlínský kraj,2164,68754
592030,Bílovice,Uherské Hradiště,Zlínský kraj,1944,68712
592048,Bojkovice,Uherské Hradiště,Zlínský kraj,4395,68771
592056,Boršice u Blatnice,Uherské Hradiště,Zlínský kraj,815,68763
592064,Boršice,Uherské Hradiště,Zlínský kraj,2186,68709
592072,Břestek,Uherské Hradiště,Zlínský kraj,890,68708
592081,Březolupy,Uherské Hradiště,Zlínský kraj,1708,68713
592099,Březová,Uherské Hradiště,Zlínský kraj,961,68767
592102,Buchlovice,Uherské Hradiště,Zlínský kraj,2376,68708
592111,Bystřice pod Lopeníkem,Uherské Hradiště,Zlínský kraj,857,68755
592137,Částkov,Uherské Hradiště,Zlínský kraj,374,68712
592145,Dolní Němčí,Uherské Hradiště,Zlínský kraj,2847,68762
592153,Drslavice,Uherské Hradiště,Zlínský kraj,518,68733
592170,Hluk,Uherské Hradiště,Zlínský kraj,4242,68725
592188,Horní Němčí,Uherské Hradiště,Zlínský kraj,807,68764
592196,Hostějov,Uherské Hradiště,Zlínský kraj,42,68741
592200,Hradčovice,Uherské Hradiště,Zlínský kraj,1003,68733
592218,Huštěnovice,Uherské Hradiště,Zlínský kraj,1031,68703
592226,Jalubí,Uherské Hradiště,Zlínský kraj,1813,68705
592234,Jankovice,Uherské Hradiště,Zlínský kraj,440,68704
592251,Kelníky,Zlín,Zlínský kraj,161,76307
592269,Kněžpole,Uherské Hradiště,Zlínský kraj,1039,68712
592277,Komňa,Uherské Hradiště,Zlínský kraj,499,68771
592285,Korytná,Uherské Hradiště,Zlínský kraj,894,68752
592293,Kostelany nad Moravou,Uherské Hradiště,Zlínský kraj,876,68601
592307,Košíky,Uherské Hradiště,Zlínský kraj,436,68704
592323,Kudlovice,Uherské Hradiště,Zlínský kraj,958,68703
592340,Lopeník,Uherské Hradiště,Zlínský kraj,228,68767|68774
592366,Medlovice,Uherské Hradiště,Zlínský kraj,440,68741
592382,Mistřice,Uherské Hradiště,Zlínský kraj,1181,68712
592391,Modrá,Uherské Hradiště,Zlínský kraj,704,68706
592404,Nedachlebice,Uherské Hradiště,Zlínský kraj,798,68712
592412,Nedakonice,Uherské Hradiště,Zlínský kraj,1634,68738
592421,Nezdenice,Uherské Hradiště,Zlínský kraj,708,68732
592439,Nivnice,Uherské Hradiště,Zlínský kraj,3347,68751
592447,Ořechov,Uherské Hradiště,Zlínský kraj,800,68737
592455,Ostrožská Lhota,Uherské Hradiště,Zlínský kraj,1489,68723
592463,Ostrožská Nová Ves,Uherské Hradiště,Zlínský kraj,3362,68722
592471,Osvětimany,Uherské Hradiště,Zlínský kraj,906,68742
592480,Pašovice,Uherské Hradiště,Zlínský kraj,714,68756
592498,Pitín,Uherské Hradiště,Zlínský kraj,892,68771
592501,Podolí,Uherské Hradiště,Zlínský kraj,879,68604
592510,Polešovice,Uherské Hradiště,Zlínský kraj,2047,68737
592528,Popovice,Uherské Hradiště,Zlínský kraj,994,68604
592536,Prakšice,Uherské Hradiště,Zlínský kraj,990,68756
592552,Rudice,Uherské Hradiště,Zlínský kraj,420,68732
592561,Salaš,Uherské Hradiště,Zlínský kraj,409,68706
592579,Slavkov,Uherské Hradiště,Zlínský kraj,696,68764
592587,Staré Hutě,Uherské Hradiště,Zlínský kraj,131,68601
592609,Starý Hrozenkov,Uherské Hradiště,Zlínský kraj,774,68774
592617,Strání,Uherské Hradiště,Zlínský kraj,3330,68765|68766
592625,Stříbrnice,Uherské Hradiště,Zlínský kraj,442,68709
592633,Stupava,Uherské Hradiště,Zlínský kraj,162,68601
592641,Suchá Loz,Uherské Hradiště,Zlínský kraj,1165,68753
592650,Sušice,Uherské Hradiště,Zlínský kraj,656,68704
592668,Svárov,Uherské Hradiště,Zlínský kraj,230,68712
592676,Šumice,Uherské Hradiště,Zlínský kraj,1598,68731
592692,Topolná,Uherské Hradiště,Zlínský kraj,1585,68711
592706,Traplice,Uherské Hradiště,Zlínský kraj,1185,68704
592714,Tučapy,Uherské Hradiště,Zlínský kraj,265,68709
592722,Tupesy,Uherské Hradiště,Zlínský kraj,1096,68707
592731,Uherský Brod,Uherské Hradiště,Zlínský kraj,16280,68734|68801
592749,Uherský Ostroh,Uherské Hradiště,Zlínský kraj,4168,68724
592757,Újezdec,Uherské Hradiště,Zlínský kraj,260,68741
592773,Vápenice,Uherské Hradiště,Zlínský kraj,189,68774
592781,Vážany,Uherské Hradiště,Zlínský kraj,432,68737
592790,Velehrad,Uherské Hradiště,Zlínský kraj,1119,68706
592803,Veletiny,Uherské Hradiště,Zlínský kraj,543,68733
592820,Vlčnov,Uherské Hradiště,Zlínský kraj,2936,68761
592838,Vyškovec,Uherské Hradiště,Zlínský kraj,187,68774
592846,Záhorovice,Uherské Hradiště,Zlínský kraj,1037,68771
592854,Zlámanec,Uherské Hradiště,Zlínský kraj,337,68712
592862,Zlechov,Uherské Hradiště,Zlínský kraj,1607,68710
592871,Žítková,Uherské Hradiště,Zlínský kraj,175,68774
592889,Vyškov,Vyškov,Jihomoravský kraj,20664,68201
592897,Bohaté Málkovice,Vyškov,Jihomoravský kraj,236,68501
592901,Bohdalice-Pavlovice,Vyškov,Jihomoravský kraj,973,68341
592919,Bošovice,Vyškov,Jihomoravský kraj,1258,68354
592927,Brankovice,Vyškov,Jihomoravský kraj,904,68333
592943,Bučovice,Vyškov,Jihomoravský kraj,6859,68501
592978,Dětkovice,Vyškov,Jihomoravský kraj,285,68323
592986,Dobročkovice,Vyškov,Jihomoravský kraj,237,68333
592994,Dražovice,Vyškov,Jihomoravský kraj,965,68301
593001,Drnovice,Vyškov,Jihomoravský kraj,2403,68304
593010,Drysice,Vyškov,Jihomoravský kraj,611,68321
593028,Habrovany,Vyškov,Jihomoravský kraj,933,68301
593036,Hlubočany,Vyškov,Jihomoravský kraj,553,68201
593044,Hodějice,Vyškov,Jihomoravský kraj,1135,68401
593052,Hostěrádky-Rešov,Vyškov,Jihomoravský kraj,828,68352
593061,Hoštice-Heroltice,Vyškov,Jihomoravský kraj,617,68201
593079,Hrušky,Vyškov,Jihomoravský kraj,784,68352
593087,Hvězdlice,Vyškov,Jihomoravský kraj,576,68341
593095,Chvalkovice,Vyškov,Jihomoravský kraj,282,68341
593117,Ivanovice na Hané,Vyškov,Jihomoravský kraj,2996,68323
593125,Ježkovice,Vyškov,Jihomoravský kraj,393,68304
593141,Kobeřice u Brna,Vyškov,Jihomoravský kraj,735,68401
593150,Kojátky,Vyškov,Jihomoravský kraj,360,68501
593168,Komořany,Vyškov,Jihomoravský kraj,781,68301
593184,Kožušice,Vyškov,Jihomoravský kraj,112,68333
593192,Krásensko,Vyškov,Jihomoravský kraj,410,68304
593214,Křenovice,Vyškov,Jihomoravský kraj,2083,68352
593222,Křižanovice,Vyškov,Jihomoravský kraj,826,68501
593231,Křižanovice u Vyškova,Vyškov,Jihomoravský kraj,140,68201
593249,Kučerov,Vyškov,Jihomoravský kraj,494,68201
593257,Letonice,Vyškov,Jihomoravský kraj,1385,68335
593265,Lovčičky,Vyškov,Jihomoravský kraj,736,68354
593273,Luleč,Vyškov,Jihomoravský kraj,997,68303
593281,Lysovice,Vyškov,Jihomoravský kraj,300,68201
593290,Malínky,Vyškov,Jihomoravský kraj,150,68333
593320,Milešovice,Vyškov,Jihomoravský kraj,718,68354
593338,Milonice,Vyškov,Jihomoravský kraj,376,68333
593346,Moravské Málkovice,Vyškov,Jihomoravský kraj,594,68201
593354,Mouchnice,Hodonín,Jihomoravský kraj,318,68333
593371,Němčany,Vyškov,Jihomoravský kraj,799,68401
593389,Nemochovice,Vyškov,Jihomoravský kraj,334,68333
593397,Nemojany,Vyškov,Jihomoravský kraj,912,68303
593401,Nemotice,Vyškov,Jihomoravský kraj,429,68333
593419,Nesovice,Vyškov,Jihomoravský kraj,1130,68333
593427,Nevojice,Vyškov,Jihomoravský kraj,420,68501
593435,Nížkovice,Vyškov,Jihomoravský kraj,817,68401
593443,Nové Sady,Vyškov,Jihomoravský kraj,105,68308
593460,Orlovice,Vyškov,Jihomoravský kraj,304,68201
593478,Otnice,Vyškov,Jihomoravský kraj,1571,68354
593486,Podivice,Vyškov,Jihomoravský kraj,166,68321
593494,Prusy-Boškůvky,Vyškov,Jihomoravský kraj,702,68201
593508,Pustiměř,Vyškov,Jihomoravský kraj,1929,68321
593516,Račice-Pístovice,Vyškov,Jihomoravský kraj,1369,68305
593524,Radslavice,Vyškov,Jihomoravský kraj,458,68321
593532,Rašovice,Vyškov,Jihomoravský kraj,717,68501
593559,Rousínov,Vyškov,Jihomoravský kraj,5948,68301
593567,Ruprechtov,Vyškov,Jihomoravský kraj,624,68304
593583,Slavkov u Brna,Vyškov,Jihomoravský kraj,7294,68401
593591,Snovídky,Vyškov,Jihomoravský kraj,316,68333
593605,Studnice,Vyškov,Jihomoravský kraj,521,68308
593613,Šaratice,Vyškov,Jihomoravský kraj,1064,68352
593621,Švábenice,Vyškov,Jihomoravský kraj,1052,68323
593630,Topolany,Vyškov,Jihomoravský kraj,382,68201
593648,Tučapy,Vyškov,Jihomoravský kraj,662,68301
593656,Vážany,Vyškov,Jihomoravský kraj,427,68201
593664,Vážany nad Litavou,Vyškov,Jihomoravský kraj,777,68401
593681,Velešovice,Vyškov,Jihomoravský kraj,1209,68301
593699,Zbýšov,Vyškov,Jihomoravský kraj,720,68352
593702,Zelená Hora,Vyškov,Jihomoravský kraj,322,68321
593711,Znojmo,Znojmo,Jihomoravský kraj,33989,66902|66904|67128|67151|67181|67182
593729,Bantice,Znojmo,Jihomoravský kraj,294,67161
593737,Běhařovice,Znojmo,Jihomoravský kraj,369,67139|67140
593745,Bezkov,Znojmo,Jihomoravský kraj,229,66902
593753,Bítov,Znojmo,Jihomoravský kraj,141,67107|67110
593761,Blanné,Znojmo,Jihomoravský kraj,77,67154
593770,Blížkovice,Znojmo,Jihomoravský kraj,1204,67155
593788,Bohutice,Znojmo,Jihomoravský kraj,693,67176
593796,Bojanovice,Znojmo,Jihomoravský kraj,184,67153
593800,Borotice,Znojmo,Jihomoravský kraj,415,67178
593818,Boskovštejn,Znojmo,Jihomoravský kraj,184,67154
593826,Božice,Znojmo,Jihomoravský kraj,1609,67164
593834,Branišovice,Brno-venkov,Jihomoravský kraj,641,67177
593842,Břežany,Znojmo,Jihomoravský kraj,807,67165
593851,Citonice,Znojmo,Jihomoravský kraj,605,67101
593869,Ctidružice,Znojmo,Jihomoravský kraj,284,67154
593877,Čejkovice,Znojmo,Jihomoravský kraj,252,67178
593885,Čermákovice,Znojmo,Jihomoravský kraj,107,67173
593893,Černín,Znojmo,Jihomoravský kraj,173,67153
593907,Damnice,Znojmo,Jihomoravský kraj,390,67178
593923,Dobelice,Znojmo,Jihomoravský kraj,256,67201
593931,Dobřínsko,Znojmo,Jihomoravský kraj,396,67201
593958,Dolenice,Znojmo,Jihomoravský kraj,137,67178
593966,Dolní Dubňany,Znojmo,Jihomoravský kraj,486,67173
593974,Dyjákovice,Znojmo,Jihomoravský kraj,932,67126
593982,Dyjákovičky,Znojmo,Jihomoravský kraj,587,66902
593991,Dyje,Znojmo,Jihomoravský kraj,509,66902
594008,Džbánice,Znojmo,Jihomoravský kraj,135,67171
594016,Grešlové Mýto,Znojmo,Jihomoravský kraj,221,67156
594024,Havraníky,Znojmo,Jihomoravský kraj,303,66902
594032,Hevlín,Znojmo,Jihomoravský kraj,1464,67169
594041,Hluboké Mašůvky,Znojmo,Jihomoravský kraj,847,67152
594059,Hnanice,Znojmo,Jihomoravský kraj,355,66902
594067,Hodonice,Znojmo,Jihomoravský kraj,1764,67125
594075,Horní Břečkov,Znojmo,Jihomoravský kraj,265,67102
594083,Horní Dubňany,Znojmo,Jihomoravský kraj,285,67173
594091,Horní Dunajovice,Znojmo,Jihomoravský kraj,675,67134
594105,Horní Kounice,Znojmo,Jihomoravský kraj,305,67140
594113,Hostěradice,Znojmo,Jihomoravský kraj,1671,67171
594121,Hostim,Znojmo,Jihomoravský kraj,384,67154
594130,Hrabětice,Znojmo,Jihomoravský kraj,912,67168
594148,Hrádek,Znojmo,Jihomoravský kraj,992,67127|67128
594156,Hrušovany nad Jevišovkou,Znojmo,Jihomoravský kraj,3354,67167
594164,Chvalatice,Znojmo,Jihomoravský kraj,109,67102
594172,Chvalovice,Znojmo,Jihomoravský kraj,686,66902
594181,Jamolice,Znojmo,Jihomoravský kraj,449,67201
594199,Jaroslavice,Znojmo,Jihomoravský kraj,1244,67128
594202,Jevišovice,Znojmo,Jihomoravský kraj,1156,67153
594211,Jezeřany-Maršovice,Znojmo,Jihomoravský kraj,782,67175
594229,Jiřice u Miroslavi,Znojmo,Jihomoravský kraj,472,67178
594237,Kadov,Znojmo,Jihomoravský kraj,144,67201
594253,Korolupy,Znojmo,Jihomoravský kraj,155,67107
594261,Kravsko,Znojmo,Jihomoravský kraj,597,67151
594270,Krhovice,Znojmo,Jihomoravský kraj,643,67128
594288,Křepice,Znojmo,Jihomoravský kraj,113,67140
594296,Kubšice,Znojmo,Jihomoravský kraj,195,67176
594300,Kuchařovice,Znojmo,Jihomoravský kraj,916,66902
594318,Kyjovice,Znojmo,Jihomoravský kraj,154,67161
594326,Lančov,Znojmo,Jihomoravský kraj,204,67106
594334,Lechovice,Znojmo,Jihomoravský kraj,555,67163
594342,Lesná,Znojmo,Jihomoravský kraj,251,67102
594351,Lesonice,Znojmo,Jihomoravský kraj,252,67201
594369,Litobratřice,Znojmo,Jihomoravský kraj,516,67178
594377,Loděnice,Brno-venkov,Jihomoravský kraj,635,67175
594385,Lubnice,Znojmo,Jihomoravský kraj,58,67107
594393,Lukov,Znojmo,Jihomoravský kraj,256,66902
594407,Mackovice,Znojmo,Jihomoravský kraj,381,67178
594415,Mašovice,Znojmo,Jihomoravský kraj,544,66902
594423,Medlice,Znojmo,Jihomoravský kraj,165,67140
594431,Mikulovice,Znojmo,Jihomoravský kraj,669,67133
594440,Milíčovice,Znojmo,Jihomoravský kraj,201,66902
594458,Miroslav,Znojmo,Jihomoravský kraj,3019,67172
594466,Miroslavské Knínice,Znojmo,Jihomoravský kraj,346,67172
594474,Morašice,Znojmo,Jihomoravský kraj,221,67171
594482,Moravský Krumlov,Znojmo,Jihomoravský kraj,5635,67175|67201
594512,Našiměřice,Znojmo,Jihomoravský kraj,200,67176
594521,Němčičky,Znojmo,Jihomoravský kraj,84,67153
594555,Olbramkostel,Znojmo,Jihomoravský kraj,524,67151
594563,Olbramovice,Znojmo,Jihomoravský kraj,1177,67175|67176
594571,Oleksovice,Znojmo,Jihomoravský kraj,669,67162
594580,Onšov,Znojmo,Jihomoravský kraj,76,67102
594598,Oslnovice,Znojmo,Jihomoravský kraj,67,67107
594601,Pavlice,Znojmo,Jihomoravský kraj,494,67156
594610,Petrovice,Znojmo,Jihomoravský kraj,383,67201
594628,Plaveč,Znojmo,Jihomoravský kraj,452,67132
594636,Podhradí nad Dyjí,Znojmo,Jihomoravský kraj,51,67106
594644,Podmolí,Znojmo,Jihomoravský kraj,164,66902
594652,Podmyče,Znojmo,Jihomoravský kraj,111,67106
594679,Práče,Znojmo,Jihomoravský kraj,807,67161
594687,Pravice,Znojmo,Jihomoravský kraj,370,67178
594695,Prokopov,Znojmo,Jihomoravský kraj,110,67154
594709,Prosiměřice,Znojmo,Jihomoravský kraj,867,67161
594725,Rešice,Znojmo,Jihomoravský kraj,325,67173
594733,Rozkoš,Znojmo,Jihomoravský kraj,175,67153
594741,Rudlice,Znojmo,Jihomoravský kraj,110,67153
594750,Rybníky,Znojmo,Jihomoravský kraj,437,67201
594768,Skalice,Znojmo,Jihomoravský kraj,518,67171
594776,Slatina,Znojmo,Jihomoravský kraj,244,67153
594784,Slup,Znojmo,Jihomoravský kraj,538,67128
594792,Stálky,Znojmo,Jihomoravský kraj,117,67106
594806,Starý Petřín,Znojmo,Jihomoravský kraj,228,67106
594814,Stošíkovice na Louce,Znojmo,Jihomoravský kraj,331,67161
594822,Strachotice,Znojmo,Jihomoravský kraj,1031,67129
594831,Střelice,Znojmo,Jihomoravský kraj,170,67153
594849,Suchohrdly u Miroslavi,Znojmo,Jihomoravský kraj,539,67172
594865,Šafov,Znojmo,Jihomoravský kraj,131,67106
594873,Šanov,Znojmo,Jihomoravský kraj,1729,67164|67167|67168
594881,Šatov,Znojmo,Jihomoravský kraj,1144,67122
594890,Štítary,Znojmo,Jihomoravský kraj,681,67102
594903,Šumice,Brno-venkov,Jihomoravský kraj,325,67175
594911,Šumná,Znojmo,Jihomoravský kraj,639,67102
594920,Tasovice,Znojmo,Jihomoravský kraj,1429,67125
594938,Tavíkovice,Znojmo,Jihomoravský kraj,552,67140
594946,Těšetice,Znojmo,Jihomoravský kraj,639,67161
594954,Trnové Pole,Znojmo,Jihomoravský kraj,115,67178
594962,Troskotovice,Brno-venkov,Jihomoravský kraj,778,67178
594971,Trstěnice,Znojmo,Jihomoravský kraj,514,67171
594989,Tulešice,Znojmo,Jihomoravský kraj,205,67173|67201
594997,Tvořihráz,Znojmo,Jihomoravský kraj,432,67134
595004,Uherčice,Znojmo,Jihomoravský kraj,366,67107
595012,Újezd,Znojmo,Jihomoravský kraj,105,67140
595021,Únanov,Znojmo,Jihomoravský kraj,1282,67131
595039,Valtrovice,Znojmo,Jihomoravský kraj,410,67128
595047,Vedrovice,Znojmo,Jihomoravský kraj,914,67175
595055,Vémyslice,Znojmo,Jihomoravský kraj,687,67142
595063,Vevčice,Znojmo,Jihomoravský kraj,63,67153
595071,Višňové,Znojmo,Jihomoravský kraj,1077,67138
595080,Vítonice,Znojmo,Jihomoravský kraj,287,67161
595098,Vranov nad Dyjí,Znojmo,Jihomoravský kraj,777,67103
595101,Vranovská Ves,Znojmo,Jihomoravský kraj,284,67151
595110,Vratěnín,Znojmo,Jihomoravský kraj,270,67107
595128,Vrbovec,Znojmo,Jihomoravský kraj,1292,66902|67124
595136,Výrovice,Znojmo,Jihomoravský kraj,188,67134
595144,Vysočany,Znojmo,Jihomoravský kraj,88,67107
595152,Zálesí,Znojmo,Jihomoravský kraj,152,67102
595161,Zblovice,Znojmo,Jihomoravský kraj,38,67107
595179,Želetice,Znojmo,Jihomoravský kraj,305,67134
595187,Žerotice,Znojmo,Jihomoravský kraj,348,67134
595195,Žerůtky,Znojmo,Jihomoravský kraj,283,67151
595209,Žďár nad Sázavou,Žďár nad Sázavou,Kraj Vysočina,20247,59101|59102
595217,Baliny,Žďár nad Sázavou,Kraj Vysočina,138,59401
595241,Blažkov,Žďár nad Sázavou,Kraj Vysočina,271,59251
595250,Blízkov,Žďár nad Sázavou,Kraj Vysočina,342,59442
595268,Bobrová,Žďár nad Sázavou,Kraj Vysočina,904,59255
595276,Bobrůvka,Žďár nad Sázavou,Kraj Vysočina,237,59255
595284,Bohdalec,Žďár nad Sázavou,Kraj Vysočina,283,59255
595292,Bohdalov,Žďár nad Sázavou,Kraj Vysočina,1180,59213|59214
595306,Bohuňov,Žďár nad Sázavou,Kraj Vysočina,286,59301
595314,Borač,Brno-venkov,Jihomoravský kraj,346,59261
595322,Borovnice,Žďár nad Sázavou,Kraj Vysočina,195,59242
595331,Borovník,Brno-venkov,Jihomoravský kraj,111,59451
595349,Březejc,Žďár nad Sázavou,Kraj Vysočina,161,59401
595357,Březí,Žďár nad Sázavou,Kraj Vysočina,215,59453
595365,Březí nad Oslavou,Žďár nad Sázavou,Kraj Vysočina,280,59214
595381,Březské,Žďár nad Sázavou,Kraj Vysočina,186,59453|59501
595390,Budeč,Žďár nad Sázavou,Kraj Vysočina,180,59214
595403,Bukov,Žďár nad Sázavou,Kraj Vysočina,180,59251
595411,Bystřice nad Pernštejnem,Žďár nad Sázavou,Kraj Vysočina,7851,59301
595420,Býšovec,Žďár nad Sázavou,Kraj Vysočina,171,59262|59301
595438,Černá,Žďár nad Sázavou,Kraj Vysočina,308,59442
595446,Černvír,Brno-venkov,Jihomoravský kraj,142,59262
595454,Dalečín,Žďár nad Sázavou,Kraj Vysočina,659,59241|59265
595462,Daňkovice,Žďár nad Sázavou,Kraj Vysočina,177,59203
595471,Dlouhé,Žďár nad Sázavou,Kraj Vysočina,257,59255
595489,Dobrá Voda,Žďár nad Sázavou,Kraj Vysočina,408,59451
595501,Dolní Heřmanice,Žďár nad Sázavou,Kraj Vysočina,590,59401
595519,Dolní Libochová,Žďár nad Sázavou,Kraj Vysočina,137,59253
595527,Dolní Loučky,Brno-venkov,Jihomoravský kraj,1301,59455
595535,Dolní Rožínka,Žďár nad Sázavou,Kraj Vysočina,583,59251
595551,Doubravník,Brno-venkov,Jihomoravský kraj,842,59261|59262
595560,Drahonín,Brno-venkov,Jihomoravský kraj,110,59261
595578,Fryšava pod Žákovou horou,Žďár nad Sázavou,Kraj Vysočina,324,59204
595586,Hamry nad Sázavou,Žďár nad Sázavou,Kraj Vysočina,1568,59101
595594,Herálec,Žďár nad Sázavou,Kraj Vysočina,1344,59201
595608,Heřmanov,Žďár nad Sázavou,Kraj Vysočina,233,59458
595624,Hodíškov,Žďár nad Sázavou,Kraj Vysočina,147,59101
595641,Bory,Žďár nad Sázavou,Kraj Vysočina,765,59461
595659,Horní Libochová,Žďár nad Sázavou,Kraj Vysočina,202,59451
595667,Horní Loučky,Brno-venkov,Jihomoravský kraj,314,59455
595675,Horní Radslavice,Žďár nad Sázavou,Kraj Vysočina,101,59401
595683,Horní Rožínka,Žďár nad Sázavou,Kraj Vysočina,85,59251
595705,Chlum-Korouhvice,Žďár nad Sázavou,Kraj Vysočina,40,59265
595713,Chlumek,Žďár nad Sázavou,Kraj Vysočina,160,59442
595721,Chlumětín,Žďár nad Sázavou,Kraj Vysočina,229,59202
595730,Jabloňov,Žďár nad Sázavou,Kraj Vysočina,352,59401
595748,Javorek,Žďár nad Sázavou,Kraj Vysočina,107,59203
595756,Jámy,Žďár nad Sázavou,Kraj Vysočina,655,59232
595772,Jimramov,Žďár nad Sázavou,Kraj Vysočina,1168,59242
595802,Jívoví,Žďár nad Sázavou,Kraj Vysočina,291,59451
595811,Kadolec,Žďár nad Sázavou,Kraj Vysočina,168,59451
595829,Kadov,Žďár nad Sázavou,Kraj Vysočina,149,59203
595837,Kaly,Brno-venkov,Jihomoravský kraj,312,59455
595845,Karlov,Žďár nad Sázavou,Kraj Vysočina,123,59221
595853,Kněževes,Žďár nad Sázavou,Kraj Vysočina,171,59444
595861,Koroužné,Žďár nad Sázavou,Kraj Vysočina,247,59301
595870,Kotlasy,Žďár nad Sázavou,Kraj Vysočina,110,59214
595888,Kozlov,Žďár nad Sázavou,Kraj Vysočina,199,59451
595896,Krásné,Žďár nad Sázavou,Kraj Vysočina,119,59203
595900,Krásněves,Žďár nad Sázavou,Kraj Vysočina,281,59444
595918,Křižánky,Žďár nad Sázavou,Kraj Vysočina,403,59202
595926,Křižanov,Žďár nad Sázavou,Kraj Vysočina,1811,59451
595934,Křižínkov,Brno-venkov,Jihomoravský kraj,229,59453
595951,Křoví,Žďár nad Sázavou,Kraj Vysočina,641,59454
595969,Kuklík,Žďár nad Sázavou,Kraj Vysočina,196,59203
595977,Kundratice,Žďár nad Sázavou,Kraj Vysočina,180,59451
595985,Kuřimská Nová Ves,Brno-venkov,Jihomoravský kraj,159,59455|59456
595993,Kuřimské Jestřabí,Brno-venkov,Jihomoravský kraj,182,59455
596001,Kyjov,Žďár nad Sázavou,Kraj Vysočina,58,59214
596019,Lavičky,Žďár nad Sázavou,Kraj Vysočina,725,59401
596035,Lhotka,Žďár nad Sázavou,Kraj Vysočina,227,59101
596051,Lísek,Žďár nad Sázavou,Kraj Vysočina,352,59245|59301
596060,Líšná,Žďár nad Sázavou,Kraj Vysočina,51,59203
596078,Lubné,Brno-venkov,Jihomoravský kraj,53,59451
596086,Malá Losenice,Žďár nad Sázavou,Kraj Vysočina,295,59211
596094,Martinice,Žďár nad Sázavou,Kraj Vysočina,463,59401
596108,Matějov,Žďár nad Sázavou,Kraj Vysočina,200,59212
596116,Měřín,Žďár nad Sázavou,Kraj Vysočina,2009,59401|59442
596132,Mirošov,Žďár nad Sázavou,Kraj Vysočina,142,59255
596141,Moravec,Žďár nad Sázavou,Kraj Vysočina,684,59254
596159,Moravecké Pavlovice,Žďár nad Sázavou,Kraj Vysočina,52,59253|59262
596175,Nedvědice,Brno-venkov,Jihomoravský kraj,1268,59262
596183,Netín,Žďár nad Sázavou,Kraj Vysočina,403,59444
596191,Níhov,Brno-venkov,Jihomoravský kraj,256,59455
596205,Nížkov,Žďár nad Sázavou,Kraj Vysočina,972,59212
596213,Nová Ves,Žďár nad Sázavou,Kraj Vysočina,155,59451
596221,Nová Ves u Nového Města na Moravě,Žďár nad Sázavou,Kraj Vysočina,680,59231
596230,Nové Město na Moravě,Žďár nad Sázavou,Kraj Vysočina,9716,59231
596248,Nové Sady,Žďár nad Sázavou,Kraj Vysočina,255,59501
596256,Nové Veselí,Žďár nad Sázavou,Kraj Vysočina,1369,59214
596264,Nový Jimramov,Žďár nad Sázavou,Kraj Vysočina,56,59203|59242
596272,Nyklovice,Žďár nad Sázavou,Kraj Vysočina,177,59265
596281,Obyčtov,Žďár nad Sázavou,Kraj Vysočina,453,59101
596302,Olší,Brno-venkov,Jihomoravský kraj,360,59261
596329,Ořechov,Žďár nad Sázavou,Kraj Vysočina,336,59452
596337,Oslavice,Žďár nad Sázavou,Kraj Vysočina,769,59401
596345,Osová Bítýška,Žďár nad Sázavou,Kraj Vysočina,942,59453
596353,Osové,Žďár nad Sázavou,Kraj Vysočina,103,59401
596361,Ostrov nad Oslavou,Žďár nad Sázavou,Kraj Vysočina,1000,59101|59445
596370,Otín,Žďár nad Sázavou,Kraj Vysočina,334,59401|59442
596388,Pavlínov,Žďár nad Sázavou,Kraj Vysočina,274,59401
596396,Pavlov,Žďár nad Sázavou,Kraj Vysočina,347,59444
596400,Pernštejnské Jestřabí,Brno-venkov,Jihomoravský kraj,216,59261
596418,Petráveč,Žďár nad Sázavou,Kraj Vysočina,305,59401
596434,Písečné,Žďár nad Sázavou,Kraj Vysočina,193,59301
596442,Počítky,Žďár nad Sázavou,Kraj Vysočina,240,59101
596451,Poděšín,Žďár nad Sázavou,Kraj Vysočina,260,59212
596469,Podolí,Žďár nad Sázavou,Kraj Vysočina,97,59255
596477,Pokojov,Žďár nad Sázavou,Kraj Vysočina,134,59214
596485,Polnička,Žďár nad Sázavou,Kraj Vysočina,804,59102
596493,Prosetín,Žďár nad Sázavou,Kraj Vysočina,358,59264|59301
596507,Račice,Žďár nad Sázavou,Kraj Vysočina,49,59255
596515,Radenice,Žďár nad Sázavou,Kraj Vysočina,163,59101
596523,Radešín,Žďár nad Sázavou,Kraj Vysočina,126,59255
596531,Radešínská Svratka,Žďár nad Sázavou,Kraj Vysočina,616,59233
596540,Radňoves,Žďár nad Sázavou,Kraj Vysočina,99,59451
596558,Radňovice,Žďár nad Sázavou,Kraj Vysočina,338,59231
596566,Radostín,Žďár nad Sázavou,Kraj Vysočina,153,59101
596574,Radostín nad Oslavou,Žďár nad Sázavou,Kraj Vysočina,945,59444
596582,Rojetín,Brno-venkov,Jihomoravský kraj,83,59451
596604,Rousměrov,Žďár nad Sázavou,Kraj Vysočina,108,59101
596612,Rovečné,Žďár nad Sázavou,Kraj Vysočina,583,59265
596639,Rozseč,Žďár nad Sázavou,Kraj Vysočina,93,59451
596647,Rozsochy,Žďár nad Sázavou,Kraj Vysočina,673,59251|59257
596655,Rožná,Žďár nad Sázavou,Kraj Vysočina,818,59252|59301
596663,Ruda,Žďár nad Sázavou,Kraj Vysočina,420,59401
596671,Rudolec,Žďár nad Sázavou,Kraj Vysočina,235,59214
596680,Řečice,Žďár nad Sázavou,Kraj Vysočina,459,59233
596698,Řikonín,Brno-venkov,Jihomoravský kraj,59,59451
596701,Sázava,Žďár nad Sázavou,Kraj Vysočina,672,59211|59212
596710,Sejřek,Žďár nad Sázavou,Kraj Vysočina,178,59262
596728,Sirákov,Žďár nad Sázavou,Kraj Vysočina,271,59212
596736,Sklené,Žďár nad Sázavou,Kraj Vysočina,100,59101
596744,Sklené nad Oslavou,Žďár nad Sázavou,Kraj Vysočina,241,59101
596752,Skorotice,Žďár nad Sázavou,Kraj Vysočina,138,59262
596761,Skřinářov,Žďár nad Sázavou,Kraj Vysočina,147,59453
596787,Sněžné,Žďár nad Sázavou,Kraj Vysočina,765,59203
596795,Spělkov,Žďár nad Sázavou,Kraj Vysočina,35,59203
596809,Strachujov,Žďár nad Sázavou,Kraj Vysočina,128,59242
596817,Stránecká Zhoř,Žďár nad Sázavou,Kraj Vysočina,601,59401|59442
596825,Strážek,Žďár nad Sázavou,Kraj Vysočina,847,59253
596833,Sulkovec,Žďár nad Sázavou,Kraj Vysočina,159,59265
596841,Světnov,Žďár nad Sázavou,Kraj Vysočina,437,59102
596850,Sviny,Žďár nad Sázavou,Kraj Vysočina,118,59451
596868,Svratka,Žďár nad Sázavou,Kraj Vysočina,1358,59202
596876,Škrdlovice,Žďár nad Sázavou,Kraj Vysočina,711,59101
596884,Štěpánov nad Svratkou,Žďár nad Sázavou,Kraj Vysočina,722,59263|59301
596892,Tišnovská Nová Ves,Brno-venkov,Jihomoravský kraj,98,59451
596906,Uhřínov,Žďár nad Sázavou,Kraj Vysočina,402,59401|59441
596914,Ujčov,Žďár nad Sázavou,Kraj Vysočina,468,59262
596922,Újezd,Žďár nad Sázavou,Kraj Vysočina,302,59212|59214
596931,Unčín,Žďár nad Sázavou,Kraj Vysočina,199,59242
596949,Vatín,Žďár nad Sázavou,Kraj Vysočina,292,59101
596957,Věcov,Žďár nad Sázavou,Kraj Vysočina,708,59242|59244
596965,Věchnov,Žďár nad Sázavou,Kraj Vysočina,321,59301
596973,Velká Bíteš,Žďár nad Sázavou,Kraj Vysočina,5535,59453|59501
596981,Velká Losenice,Žďár nad Sázavou,Kraj Vysočina,1215,59211
596990,Velké Janovice,Žďár nad Sázavou,Kraj Vysočina,143,59301
597007,Velké Meziříčí,Žďár nad Sázavou,Kraj Vysočina,11709,59401
597015,Vepřová,Žďár nad Sázavou,Kraj Vysočina,449,59211
597031,Věstín,Žďár nad Sázavou,Kraj Vysočina,166,59265|59301
597040,Věžná,Žďár nad Sázavou,Kraj Vysočina,239,59262|59301
597058,Vídeň,Žďár nad Sázavou,Kraj Vysočina,469,59401
597066,Vidonín,Žďár nad Sázavou,Kraj Vysočina,174,59457
597074,Vír,Žďár nad Sázavou,Kraj Vysočina,643,59266
597082,Vlkov,Žďár nad Sázavou,Kraj Vysočina,280,59453
597091,Vojnův Městec,Žďár nad Sázavou,Kraj Vysočina,792,59101
597104,Vratislávka,Brno-venkov,Jihomoravský kraj,87,59451
597112,Záblatí,Žďár nad Sázavou,Kraj Vysočina,275,59453
597121,Zadní Zhořec,Žďár nad Sázavou,Kraj Vysočina,137,59444
597139,Znětínek,Žďár nad Sázavou,Kraj Vysočina,224,59444
597147,Zubří,Žďár nad Sázavou,Kraj Vysočina,529,59231
597155,Zvole,Žďár nad Sázavou,Kraj Vysočina,659,59251|59256
597163,Ždánice,Žďár nad Sázavou,Kraj Vysočina,234,59301
597171,Žďárec,Brno-venkov,Jihomoravský kraj,384,59451|59456
597180,Bruntál,Bruntál,Moravskoslezský kraj,14791,79201
597198,Bílčice,Bruntál,Moravskoslezský kraj,221,79368
597201,Bohušov,Bruntál,Moravskoslezský kraj,376,79397|79399
597210,Brantice,Bruntál,Moravskoslezský kraj,1401,79393|79401
597228,Břidličná,Bruntál,Moravskoslezský kraj,2843,79351
597252,Dětřichov nad Bystřicí,Bruntál,Moravskoslezský kraj,404,79303|79305
597287,Dolní Moravice,Bruntál,Moravskoslezský kraj,369,79501
597317,Dvorce,Bruntál,Moravskoslezský kraj,1212,79368
597325,Heřmanovice,Bruntál,Moravskoslezský kraj,328,79374
597341,Holčovice,Bruntál,Moravskoslezský kraj,723,79371
597350,Horní Benešov,Bruntál,Moravskoslezský kraj,2214,79312
597368,Horní Město,Bruntál,Moravskoslezský kraj,825,79344
597392,Hošťálkovy,Bruntál,Moravskoslezský kraj,633,79401
597414,Huzová,Olomouc,Olomoucký kraj,591,79351
597431,Janov,Bruntál,Moravskoslezský kraj,258,79384
597449,Jindřichov,Bruntál,Moravskoslezský kraj,1126,79383
597457,Jiříkov,Bruntál,Moravskoslezský kraj,352,78386|79351
597473,Karlova Studánka,Bruntál,Moravskoslezský kraj,170,79324
597481,Karlovice,Bruntál,Moravskoslezský kraj,963,79323|79326
597511,Krasov,Bruntál,Moravskoslezský kraj,351,79323|79401
597520,Krnov,Bruntál,Moravskoslezský kraj,22303,79401
597538,Křišťanovice,Bruntál,Moravskoslezský kraj,220,79368
597546,Leskovec nad Moravicí,Bruntál,Moravskoslezský kraj,438,79368
597554,Lichnov,Bruntál,Moravskoslezský kraj,1017,79315|79401
597571,Liptaň,Bruntál,Moravskoslezský kraj,465,79399
597589,Lomnice,Bruntál,Moravskoslezský kraj,459,79201|79302
597601,Malá Morávka,Bruntál,Moravskoslezský kraj,616,79336
597635,Město Albrechtice,Bruntál,Moravskoslezský kraj,3338,79395
597678,Moravský Beroun,Olomouc,Olomoucký kraj,2775,79305
597686,Norberčany,Olomouc,Olomoucký kraj,244,79305
597716,Osoblaha,Bruntál,Moravskoslezský kraj,1016,79399
597724,Razová,Bruntál,Moravskoslezský kraj,509,79201
597741,Roudno,Bruntál,Moravskoslezský kraj,212,79201
597775,Rusín,Bruntál,Moravskoslezský kraj,135,79397
597783,Rýmařov,Bruntál,Moravskoslezský kraj,7670,79342|79351|79501
597791,Ryžoviště,Bruntál,Moravskoslezský kraj,584,79356
597813,Slezské Rudoltice,Bruntál,Moravskoslezský kraj,504,79397
597821,Sosnová,Opava,Moravskoslezský kraj,416,79312
597872,Světlá Hora,Bruntál,Moravskoslezský kraj,1337,79331
597881,Svobodné Heřmanice,Bruntál,Moravskoslezský kraj,543,79312
597899,Široká Niva,Bruntál,Moravskoslezský kraj,544,79201
597911,Třemešná,Bruntál,Moravskoslezský kraj,870,79382
597937,Úvalno,Bruntál,Moravskoslezský kraj,975,79391
597945,Václavov u Bruntálu,Bruntál,Moravskoslezský kraj,474,79201
597961,Vrbno pod Pradědem,Bruntál,Moravskoslezský kraj,4627,79326
597970,Vysoká,Bruntál,Moravskoslezský kraj,322,79399
597988,Zátor,Bruntál,Moravskoslezský kraj,1141,79316
597996,Zlaté Hory,Jeseník,Olomoucký kraj,3933,79376
598003,Frýdek-Místek,Frýdek-Místek,Moravskoslezský kraj,53164,73801|73942
598011,Baška,Frýdek-Místek,Moravskoslezský kraj,4056,73901
598020,Bílá,Frýdek-Místek,Moravskoslezský kraj,278,73915
598038,Brušperk,Frýdek-Místek,Moravskoslezský kraj,4157,73944
598046,Bruzovice,Frýdek-Místek,Moravskoslezský kraj,1008,73936
598062,Bystřice,Frýdek-Místek,Moravskoslezský kraj,5262,73995
598071,Čeladná,Frýdek-Místek,Moravskoslezský kraj,2978,73912
598089,Dobrá,Frýdek-Místek,Moravskoslezský kraj,3268,73951
598101,Dolní Domaslavice,Frýdek-Místek,Moravskoslezský kraj,1467,73938
598135,Fryčovice,Frýdek-Místek,Moravskoslezský kraj,2431,73945|74258
598143,Frýdlant nad Ostravicí,Frýdek-Místek,Moravskoslezský kraj,9839,73911
598160,Hnojník,Frýdek-Místek,Moravskoslezský kraj,1477,73953
598178,Horní Bludovice,Karviná,Moravskoslezský kraj,2582,73937
598232,Hrčava,Frýdek-Místek,Moravskoslezský kraj,244,73998
598241,Pětikozly,Mladá Boleslav,Středočeský kraj,92,29430
598259,Jablunkov,Frýdek-Místek,Moravskoslezský kraj,5225,73991
598267,Modletice,Praha-východ,Středočeský kraj,609,25101
598275,Kaňovice,Frýdek-Místek,Moravskoslezský kraj,380,73601|73936
598283,Sedlec,Praha-východ,Středočeský kraj,534,25065
598291,Čakovičky,Mělník,Středočeský kraj,737,25063
598305,Svémyslice,Praha-východ,Středočeský kraj,599,25091
598313,Trnová,Praha-západ,Středočeský kraj,622,25210
598321,Kozlovice,Frýdek-Místek,Moravskoslezský kraj,3161,73947
598330,Tušovice,Příbram,Středočeský kraj,102,26272
598348,Krmelín,Frýdek-Místek,Moravskoslezský kraj,2381,73924
598356,Kunčice pod Ondřejníkem,Frýdek-Místek,Moravskoslezský kraj,2475,73913
598364,Lhotka,Frýdek-Místek,Moravskoslezský kraj,602,73947
598372,Ostrov,Příbram,Středočeský kraj,158,26272
598381,Dubenec,Příbram,Středočeský kraj,347,26101
598399,Lučina,Frýdek-Místek,Moravskoslezský kraj,1596,73939
598402,Háje,Příbram,Středočeský kraj,613,26101
598411,Lhota u Příbramě,Příbram,Středočeský kraj,486,26101
598429,Trhové Dušníky,Příbram,Středočeský kraj,703,26101
598437,Vševily,Příbram,Středočeský kraj,140,26272
598445,Morávka,Frýdek-Místek,Moravskoslezský kraj,1266,73904
598453,Mosty u Jablunkova,Frýdek-Místek,Moravskoslezský kraj,3667,73998
598461,Kňovice,Příbram,Středočeský kraj,334,26401
598470,Osečany,Příbram,Středočeský kraj,270,26401
598488,Radíč,Příbram,Středočeský kraj,234,26401
598496,Šípy,Rakovník,Středočeský kraj,154,27034
598500,Krty,Rakovník,Středočeský kraj,123,27033
598518,Žďár,Rakovník,Středočeský kraj,130,27033
598526,Roztoky,Rakovník,Středočeský kraj,1009,27023
598542,Ostravice,Frýdek-Místek,Moravskoslezský kraj,2558,73914
598551,Palkovice,Frýdek-Místek,Moravskoslezský kraj,3547,73941|73947
598569,Paskov,Frýdek-Místek,Moravskoslezský kraj,3855,73921
598577,Přerubenice,Rakovník,Středočeský kraj,88,27054
598585,Nezabudice,Rakovník,Středočeský kraj,89,27023
598593,Heřmaň,České Budějovice,Jihočeský kraj,211,37006|37007
598607,Hlincová Hora,České Budějovice,Jihočeský kraj,493,37371
598615,Modrá Hůrka,České Budějovice,Jihočeský kraj,98,37501
598623,Mojné,Český Krumlov,Jihočeský kraj,300,38232
598631,Kamenný Malíkov,Jindřichův Hradec,Jihočeský kraj,78,37842
598640,Vlčetínec,Jindřichův Hradec,Jihočeský kraj,51,37842
598658,Horní Meziříčko,Jindřichův Hradec,Jihočeský kraj,109,37853
598666,Zlátenka,Pelhřimov,Kraj Vysočina,46,39501
598674,Sedliště,Frýdek-Místek,Moravskoslezský kraj,1715,73936
598691,Hukvaldy,Frýdek-Místek,Moravskoslezský kraj,2198,73946|74258
598704,Čížkov,Pelhřimov,Kraj Vysočina,142,39301
598712,Kojčice,Pelhřimov,Kraj Vysočina,354,39409
598721,Libkova Voda,Pelhřimov,Kraj Vysočina,271,39462
598739,Stará Ves nad Ondřejnicí,Ostrava-město,Moravskoslezský kraj,2990,73923|73924
598747,Staré Hamry,Frýdek-Místek,Moravskoslezský kraj,541,73915
598755,Putimov,Pelhřimov,Kraj Vysočina,287,39301
598763,Svépravice,Pelhřimov,Kraj Vysočina,113,39301
598771,Syrov,Pelhřimov,Kraj Vysočina,60,39601
598780,Borovany,Písek,Jihočeský kraj,212,39843
598798,Šenov,Ostrava-město,Moravskoslezský kraj,6642,73934
598801,Květov,Písek,Jihočeský kraj,110,39901
598810,Třinec,Frýdek-Místek,Moravskoslezský kraj,33523,73955|73961|73994
598828,Osek,Písek,Jihočeský kraj,153,39901
598836,Václavovice,Ostrava-město,Moravskoslezský kraj,2125,73934
598844,Vlastec,Písek,Jihočeský kraj,238,39701
598852,Vlksice,Písek,Jihočeský kraj,149,39901
598861,Žďár,Písek,Jihočeský kraj,254,39811
598879,Vratimov,Ostrava-město,Moravskoslezský kraj,7469,73932
598887,Pivkovice,Strakonice,Jihočeský kraj,86,38773
598895,Bezdědovice,Strakonice,Jihočeský kraj,383,38801
598909,Skály,Strakonice,Jihočeský kraj,76,38601
598917,Karviná,Karviná,Moravskoslezský kraj,48684,73301|73401|73503|73506
598925,Albrechtice,Karviná,Moravskoslezský kraj,3782,73543
598933,Český Těšín,Karviná,Moravskoslezský kraj,22870,73562|73701
598941,Dětmarovice,Karviná,Moravskoslezský kraj,4512,73571
598950,Lažánky,Strakonice,Jihočeský kraj,115,38801
598968,Dolní Lutyně,Karviná,Moravskoslezský kraj,5350,73531|73553
598976,Čenkov u Bechyně,České Budějovice,Jihočeský kraj,62,39165
598992,Hodětín,Tábor,Jihočeský kraj,90,39165|39181
599000,Záhoří,Tábor,Jihočeský kraj,72,39165
599026,Slapsko,Tábor,Jihočeský kraj,131,39143
599034,Zhoř u Mladé Vožice,Tábor,Jihočeský kraj,115,39143
599042,Slapy,Tábor,Jihočeský kraj,526,39002|39175|39176
599051,Bohumín,Karviná,Moravskoslezský kraj,20234,73531|73551|73552|73581
599069,Orlová,Karviná,Moravskoslezský kraj,27383,73511|73514
599077,Petrovice u Karviné,Karviná,Moravskoslezský kraj,4973,73572
599085,Petřvald,Karviná,Moravskoslezský kraj,7350,73511|73541
599107,Rychvald,Karviná,Moravskoslezský kraj,7823,73514|73532
599115,Řípec,Tábor,Jihočeský kraj,339,39181|39201
599123,Ústrašice,Tábor,Jihočeský kraj,406,39002
599131,Nová Ves,Domažlice,Plzeňský kraj,146,34506
599140,Stonava,Karviná,Moravskoslezský kraj,1745,73534
599158,Těrlicko,Karviná,Moravskoslezský kraj,4876,73542
599166,Němčice,Domažlice,Plzeňský kraj,129,34506
599174,Močerady,Domažlice,Plzeňský kraj,71,34561
599182,Pařezov,Domažlice,Plzeňský kraj,228,34401
599191,Nový Jičín,Nový Jičín,Moravskoslezský kraj,22740,74101
599204,Korkyně,Příbram,Středočeský kraj,143,26203|26206
599212,Bartošovice,Nový Jičín,Moravskoslezský kraj,1714,74213|74254
599221,Popovičky,Praha-východ,Středočeský kraj,481,25101
599239,Vokov,Pelhřimov,Kraj Vysočina,210,39301
599247,Bílovec,Nový Jičín,Moravskoslezský kraj,7349,74292|74301
599255,Mezná,Tábor,Jihočeský kraj,115,39201
599263,Sedlečko u Soběslavě,Tábor,Jihočeský kraj,227,39201
599271,Zlukov,Tábor,Jihočeský kraj,289,39181
599280,Komárov,Tábor,Jihočeský kraj,129,39201
599298,Drahenice,Příbram,Středočeský kraj,150,26285
599301,Černíky,Kolín,Středočeský kraj,171,28915
599344,Frenštát pod Radhoštěm,Nový Jičín,Moravskoslezský kraj,10495,74401
599352,Fulnek,Nový Jičín,Moravskoslezský kraj,5436,74245
599361,Strojetice,Benešov,Středočeský kraj,145,25765
599379,Stranný,Benešov,Středočeský kraj,117,25756
599387,Soutice,Benešov,Středočeský kraj,272,25763|25771
599395,Ostrov,Benešov,Středočeský kraj,74,25706
599409,Hodslavice,Nový Jičín,Moravskoslezský kraj,1692,74271
599417,Železná,Beroun,Středočeský kraj,329,26601
599425,Želenice,Kladno,Středočeský kraj,208,27341
599433,Svárov,Kladno,Středočeský kraj,622,27351
599441,Stradonice,Kladno,Středočeský kraj,148,27371
599450,Grunta,Kolín,Středočeský kraj,97,28002
599468,Jeseník nad Odrou,Nový Jičín,Moravskoslezský kraj,1919,74101|74233
599476,Církvice,Kolín,Středočeský kraj,188,28144
599484,Krychnov,Kolín,Středočeský kraj,107,28002
599492,Újezdec,Mělník,Středočeský kraj,141,27745
599506,Jistebník,Nový Jičín,Moravskoslezský kraj,1814,74282
599514,Březovice,Mladá Boleslav,Středočeský kraj,345,29424|29425
599522,Husí Lhota,Mladá Boleslav,Středočeský kraj,162,29406
599531,Horní Slivno,Mladá Boleslav,Středočeský kraj,395,29479
599549,Klimkovice,Ostrava-město,Moravskoslezský kraj,4396,74283|74285
599557,Koryta,Mladá Boleslav,Středočeský kraj,109,29411
599565,Kopřivnice,Nový Jičín,Moravskoslezský kraj,21245,74221
599573,Sezemice,Mladá Boleslav,Středočeský kraj,125,29411
599581,Jiřice,Nymburk,Středočeský kraj,325,28922
599590,Podmoky,Nymburk,Středočeský kraj,200,28904
599603,Lichnov,Nový Jičín,Moravskoslezský kraj,1604,74275
599611,Vrbice,Nymburk,Středočeský kraj,188,28904
599620,Chleby,Nymburk,Středočeský kraj,459,28931
599638,Hrubý Jeseník,Nymburk,Středočeský kraj,605,28932
599646,Luboměř,Nový Jičín,Moravskoslezský kraj,387,74235
599654,Nový Dvůr,Nymburk,Středočeský kraj,78,28932
599662,Oseček,Nymburk,Středočeský kraj,166,28151|28941
599671,Čilec,Nymburk,Středočeský kraj,243,28925
599689,Mořkov,Nový Jičín,Moravskoslezský kraj,2369,74272
599697,Zbožíčko,Nymburk,Středočeský kraj,291,28925
599701,Odry,Nový Jičín,Moravskoslezský kraj,7336,74235|74236
599719,Tehovec,Praha-východ,Středočeský kraj,700,25162
599727,Karlík,Praha-západ,Středočeský kraj,482,25229
599735,Březová-Oleško,Praha-západ,Středočeský kraj,1475,25245
599743,Petřvald,Nový Jičín,Moravskoslezský kraj,1728,74260
599751,Modřovice,Příbram,Středočeský kraj,104,26242
599760,Račice,Rakovník,Středočeský kraj,175,27024
599778,Závraty,České Budějovice,Jihočeský kraj,62,37001
599808,Příbor,Nový Jičín,Moravskoslezský kraj,8311,74258
599832,Sedlnice,Nový Jičín,Moravskoslezský kraj,1840,74256
599867,Spálov,Nový Jičín,Moravskoslezský kraj,917,74237
599905,Starý Jičín,Nový Jičín,Moravskoslezský kraj,3007,74101|74231
599921,Studénka,Nový Jičín,Moravskoslezský kraj,9166,74213
599930,Suchdol nad Odrou,Nový Jičín,Moravskoslezský kraj,2902,74201
599948,Štramberk,Nový Jičín,Moravskoslezský kraj,3478,74266
599956,Tichá,Nový Jičín,Moravskoslezský kraj,2002,74274
599964,Tísek,Nový Jičín,Moravskoslezský kraj,980,74301
599999,Trojanovice,Nový Jičín,Moravskoslezský kraj,2710,74401
